"","Date.Time","Tank1","Tank2","Tank3","Tank4","Tank5","Tank6","Tank7","Tank8","Tank9","Tank10","Tank11","Tank12","Tank15","Tank16","Tank17","Tank18"
"1",2021-03-04 18:40:00,4.999,5.154,8.99,9.435,4.921,8.965,9.188,5.05,9.238,4.376,9.336,5.437,9.213,4.298,8.295,4.246
"2",2021-03-04 18:50:00,4.688,4.74,9.435,9.213,4.921,8.792,9.262,5.334,8.916,4.454,9.361,5.024,9.139,4.636,8.195,4.376
"3",2021-03-04 19:00:00,5.076,4.947,9.312,8.99,5.205,8.941,9.114,5.076,9.089,4.869,9.312,4.662,8.965,4.973,8.12,4.766
"4",2021-03-04 19:10:00,5.411,5.282,9.015,9.46,5.437,9.064,8.965,4.766,9.287,5.205,9.262,4.428,8.693,5.257,8.27,5.128
"5",2021-03-04 19:20:00,5.565,5.539,9.435,9.41,5.539,9.163,8.841,4.48,8.965,5.411,9.238,4.428,8.444,5.437,8.02,5.411
"6",2021-03-04 19:30:00,5.231,5.154,9.336,9.163,5.05,9.015,8.742,4.272,8.99,5.024,9.188,4.895,8.245,5.616,8.344,5.616
"7",2021-03-04 19:40:00,4.844,4.74,9.04,8.965,4.818,8.767,8.965,4.662,9.312,4.662,9.139,5.282,8.095,5.719,8.095,5.308
"8",2021-03-04 19:50:00,4.869,4.947,9.386,9.534,5.154,8.916,9.287,4.999,8.99,4.376,9.089,5.488,8.145,5.334,8.319,4.999
"9",2021-03-04 20:00:00,5.179,5.231,9.336,9.386,5.411,9.04,9.114,5.282,8.941,4.48,9.064,5.05,8.295,4.869,8.195,4.792
"10",2021-03-04 20:10:00,5.437,5.488,9.015,9.114,5.565,9.114,8.941,5.102,9.336,4.895,9.015,4.636,8.419,4.506,8.145,4.61
"11",2021-03-04 20:20:00,5.616,5.282,9.41,9.089,5.102,9.188,8.817,4.792,9.015,5.205,8.965,4.402,8.519,4.324,8.245,4.454
"12",2021-03-04 20:30:00,5.231,4.844,9.336,9.534,4.792,8.693,8.693,4.506,8.891,5.411,8.941,4.506,8.543,4.662,8.02,4.324
"13",2021-03-04 20:40:00,4.869,4.869,9.015,9.312,5.102,8.841,9.238,4.298,9.336,5.024,8.891,4.947,8.519,4.973,8.319,4.272
"14",2021-03-04 20:50:00,4.869,5.154,9.386,9.064,5.36,8.965,9.213,4.688,9.04,4.636,8.841,5.257,8.469,5.205,8.045,4.61
"15",2021-03-04 21:00:00,5.205,5.437,9.336,9.188,5.514,9.089,9.015,5.05,8.866,4.324,9.361,5.514,8.27,5.411,8.319,4.973
"16",2021-03-04 21:10:00,5.462,5.462,9.015,9.485,4.999,9.238,8.817,5.334,9.336,4.636,9.46,5.128,8.07,5.565,8.095,5.257
"17",2021-03-04 21:20:00,5.693,4.999,9.41,9.238,4.895,8.668,8.742,5.154,9.04,5.024,9.41,4.74,7.895,5.668,8.295,5.514
"18",2021-03-04 21:30:00,5.385,4.792,9.287,8.99,5.205,8.742,9.336,4.844,8.866,5.36,9.336,4.48,7.795,5.719,8.195,5.514
"19",2021-03-04 21:40:00,4.999,5.154,8.965,9.386,5.488,8.891,9.238,4.584,9.361,5.179,9.262,4.376,8.145,5.179,8.12,5.154
"20",2021-03-04 21:50:00,4.74,5.514,9.46,9.46,5.437,9.064,9.064,4.35,9.04,4.792,9.188,4.766,8.27,4.714,8.245,4.869
"21",2021-03-04 22:00:00,5.102,5.257,9.262,9.213,4.895,9.262,8.891,4.428,8.841,4.48,9.139,5.179,8.394,4.376,8.02,4.662
"22",2021-03-04 22:10:00,5.385,4.792,8.965,8.965,4.973,8.643,8.717,4.818,9.361,4.376,9.064,5.437,8.444,4.532,8.295,4.506
"23",2021-03-04 22:20:00,5.591,4.895,9.435,9.509,5.231,8.742,9.139,5.154,9.064,4.792,8.99,5.462,8.444,4.844,8.045,4.35
"24",2021-03-04 22:30:00,5.719,5.205,9.188,9.386,5.462,8.866,9.188,5.334,8.891,5.128,8.941,4.947,8.444,5.128,8.344,4.272
"25",2021-03-04 22:40:00,5.36,5.514,9.04,9.089,5.591,8.965,9.015,5.05,9.336,5.411,8.891,4.584,8.419,5.36,8.12,4.584
"26",2021-03-04 22:50:00,4.999,5.36,9.435,9.114,5.102,9.139,8.866,4.74,9.04,5.205,8.841,4.428,8.245,5.514,8.22,4.947
"27",2021-03-04 23:00:00,4.766,4.947,9.163,9.509,4.844,9.163,8.742,4.48,8.866,4.818,9.386,4.376,8.045,5.668,8.245,5.257
"28",2021-03-04 23:10:00,5.154,4.792,9.015,9.262,5.179,8.643,9.064,4.272,9.336,4.506,9.46,4.818,7.92,5.745,8.045,5.514
"29",2021-03-04 23:20:00,5.411,5.102,9.435,8.99,5.437,8.792,9.238,4.558,9.04,4.35,9.386,5.154,7.945,5.257,8.319,5.488
"30",2021-03-04 23:30:00,5.591,5.36,9.114,9.386,5.591,8.891,9.04,4.895,8.916,4.74,9.287,5.334,8.045,4.792,8.07,5.154
"31",2021-03-04 23:40:00,5.719,5.565,9.163,9.386,5.128,9.04,8.841,5.205,9.336,5.05,9.188,5.437,8.17,4.428,8.319,4.895
"32",2021-03-04 23:50:00,5.539,5.282,9.361,9.089,4.818,9.188,8.717,5.411,9.015,5.334,9.114,5.514,8.27,4.506,8.17,4.688
"33",2021-03-05 00:00:00,5.102,4.818,9.04,9.089,5.102,9.188,9.238,5.102,8.99,5.385,9.04,5.565,8.319,4.844,8.095,4.532
"34",2021-03-05 00:10:00,4.792,4.947,9.336,9.509,5.385,9.188,9.139,4.766,9.312,4.973,8.965,5.257,8.344,5.154,8.27,4.402
"35",2021-03-05 00:20:00,5.102,5.282,9.336,9.262,5.539,9.188,8.965,4.48,8.99,4.584,8.916,4.869,8.369,5.385,8.02,4.298
"36",2021-03-05 00:30:00,5.437,5.565,9.015,9.015,5.024,8.941,8.792,4.272,8.965,4.324,8.841,4.636,8.394,5.591,8.344,4.454
"37",2021-03-05 00:40:00,5.642,5.154,9.41,9.361,4.869,8.693,8.742,4.532,9.312,4.636,9.336,4.402,8.295,5.719,8.12,4.844
"38",2021-03-05 00:50:00,5.539,4.714,9.287,9.435,5.154,8.792,9.262,4.869,8.965,4.999,9.435,4.506,8.27,5.334,8.27,5.231
"39",2021-03-05 01:00:00,5.076,4.973,8.965,9.139,5.36,8.891,9.114,5.179,9.015,5.282,9.336,4.818,8.319,4.895,8.22,5.539
"40",2021-03-05 01:10:00,4.947,5.231,9.435,9.04,5.514,8.941,8.891,5.411,9.287,5.437,9.238,5.05,8.369,4.558,8.045,5.488
"41",2021-03-05 01:20:00,5.231,5.488,9.188,9.509,5.514,9.015,8.693,5.128,8.941,5.024,9.139,5.308,8.469,4.35,8.295,5.205
"42",2021-03-05 01:30:00,5.514,5.437,9.04,9.287,4.947,9.163,9.213,4.792,8.99,4.636,9.064,5.514,8.519,4.714,8.095,4.973
"43",2021-03-05 01:40:00,5.642,4.973,9.435,9.015,4.921,9.188,9.238,4.48,9.287,4.324,8.99,5.385,8.568,5.102,8.295,4.818
"44",2021-03-05 01:50:00,5.257,4.766,9.139,9.361,5.205,8.618,9.064,4.272,8.965,4.584,8.941,4.895,8.618,5.411,8.245,4.688
"45",2021-03-05 02:00:00,4.844,5.102,9.163,9.41,5.437,8.717,8.866,4.584,9.04,4.947,8.866,4.532,8.668,5.693,8.045,4.61
"46",2021-03-05 02:10:00,5.024,5.36,9.361,9.139,5.616,8.817,8.693,4.921,9.287,5.257,9.114,4.35,8.742,5.411,8.344,4.558
"47",2021-03-05 02:20:00,5.257,5.565,9.015,9.064,5.154,8.99,9.262,5.205,8.916,5.462,9.435,4.688,8.866,4.999,8.17,4.532
"48",2021-03-05 02:30:00,5.462,5.282,9.361,9.485,4.792,9.089,9.139,5.411,9.114,5.102,9.361,5.05,8.965,4.714,8.145,4.506
"49",2021-03-05 02:40:00,5.668,4.792,9.262,9.238,5.102,9.114,8.941,5.102,9.262,4.688,9.287,5.308,9.064,4.506,8.295,4.532
"50",2021-03-05 02:50:00,5.514,4.921,8.941,8.965,5.36,9.114,8.767,4.766,8.891,4.376,9.188,5.514,9.139,4.376,8.12,4.532
"51",2021-03-05 03:00:00,5.102,5.257,9.435,9.46,5.591,9.114,8.841,4.48,9.139,4.506,9.089,5.36,9.188,4.532,8.27,4.532
"52",2021-03-05 03:10:00,4.792,5.565,9.213,9.386,5.36,9.188,9.287,4.272,9.238,4.895,9.04,4.844,9.188,4.999,8.27,4.506
"53",2021-03-05 03:20:00,5.128,5.231,8.99,9.114,4.792,8.891,9.114,4.584,8.866,5.205,8.965,4.506,9.188,5.385,8.095,4.506
"54",2021-03-05 03:30:00,5.36,4.74,9.435,9.064,4.999,8.643,8.891,4.895,9.188,5.462,8.891,4.376,9.163,5.693,8.319,4.506
"55",2021-03-05 03:40:00,5.539,4.921,9.114,9.485,5.257,8.742,8.693,5.205,9.238,5.128,8.941,4.792,9.238,5.36,8.245,4.506
"56",2021-03-05 03:50:00,5.668,5.179,9.163,9.213,5.462,8.841,9.238,5.437,8.866,4.714,9.435,5.128,9.287,4.999,8.07,4.506
"57",2021-03-05 04:00:00,5.693,5.437,9.361,8.941,5.539,8.941,9.188,5.154,9.213,4.376,9.361,5.36,9.336,4.714,8.319,4.506
"58",2021-03-05 04:10:00,5.257,5.565,9.04,9.485,4.999,9.064,8.99,4.792,9.213,4.506,9.238,5.514,9.386,4.506,8.195,4.506
"59",2021-03-05 04:20:00,4.869,5.076,9.336,9.336,4.869,9.139,8.817,4.506,8.841,4.869,9.114,5.539,9.435,4.35,8.045,4.48
"60",2021-03-05 04:30:00,4.999,4.74,9.287,9.04,5.128,9.114,8.717,4.272,9.213,5.179,9.015,5.565,9.41,4.532,8.344,4.48
"61",2021-03-05 04:40:00,5.231,4.999,8.941,9.238,5.334,9.089,9.262,4.558,9.188,5.411,8.891,5.565,9.361,4.973,8.145,4.454
"62",2021-03-05 04:50:00,5.411,5.231,9.435,9.41,5.488,9.04,9.089,4.869,8.817,5.308,9.064,5.565,9.312,5.36,8.145,4.428
"63",2021-03-05 05:00:00,5.539,5.437,9.163,9.139,5.616,9.04,8.841,5.154,9.287,4.844,9.435,5.462,9.262,5.642,8.295,4.402
"64",2021-03-05 05:10:00,5.668,5.616,9.089,9.04,5.102,9.114,8.717,5.411,9.114,4.48,9.312,4.973,9.238,5.411,8.095,4.376
"65",2021-03-05 05:20:00,5.719,5.128,9.386,9.509,4.818,9.163,9.262,5.257,8.817,4.376,9.188,4.636,9.287,4.999,8.319,4.376
"66",2021-03-05 05:30:00,5.308,4.714,9.064,9.287,5.076,9.114,9.139,4.869,9.336,4.766,9.064,4.35,9.312,4.688,8.195,4.376
"67",2021-03-05 05:40:00,4.895,4.999,9.262,8.99,5.308,9.089,8.941,4.558,9.089,5.076,8.941,4.532,9.336,4.454,8.045,4.376
"68",2021-03-05 05:50:00,5.05,5.308,9.312,9.361,5.462,9.04,8.767,4.272,8.817,5.308,8.841,4.792,9.361,4.324,8.295,4.35
"69",2021-03-05 06:00:00,5.282,5.514,8.941,9.386,5.591,8.99,8.891,4.48,9.336,5.488,9.41,4.999,9.287,4.766,8.095,4.324
"70",2021-03-05 06:10:00,5.437,5.539,9.435,9.064,5.565,8.99,9.213,4.792,9.04,5.05,9.312,5.205,9.238,5.128,8.295,4.298
"71",2021-03-05 06:20:00,5.565,4.999,9.213,9.188,4.999,9.064,8.99,5.076,8.891,4.636,9.163,5.385,9.163,5.437,8.22,4.272
"72",2021-03-05 06:30:00,5.642,4.74,8.99,9.46,4.869,9.064,8.742,5.308,9.312,4.324,9.015,5.514,9.114,5.668,8.045,4.246
"73",2021-03-05 06:40:00,5.719,4.999,9.41,9.139,5.102,9.015,8.965,5.411,8.965,4.532,8.866,5.514,9.114,5.411,8.295,4.246
"74",2021-03-05 06:50:00,5.745,5.231,9.064,9.04,5.257,8.941,9.188,5.024,8.99,4.844,9.238,5.462,9.139,4.947,8.095,4.246
"75",2021-03-05 07:00:00,5.308,5.462,9.238,9.485,5.411,8.891,8.99,4.662,9.262,5.102,9.336,5.437,9.188,4.636,8.319,4.272
"76",2021-03-05 07:10:00,4.844,5.565,9.312,9.213,5.514,8.841,8.767,4.35,8.891,5.308,9.163,5.385,9.213,4.402,8.22,4.272
"77",2021-03-05 07:20:00,5.05,5.024,8.941,8.965,5.616,8.841,8.817,4.376,9.163,5.514,8.99,5.385,9.213,4.506,8.045,4.272
"78",2021-03-05 07:30:00,5.257,4.74,9.435,9.485,5.514,8.866,9.213,4.714,9.188,5.179,8.841,5.437,9.163,4.895,8.295,4.246
"79",2021-03-05 07:40:00,5.385,4.999,9.188,9.312,4.895,8.941,8.99,4.999,8.792,4.714,9.287,5.514,9.114,5.231,8.07,4.272
"80",2021-03-05 07:50:00,5.488,5.205,9.04,8.99,4.895,8.941,8.742,5.231,9.287,4.376,9.361,5.539,9.015,5.488,8.295,4.636
"81",2021-03-05 08:00:00,5.565,5.385,9.386,9.386,5.102,8.891,9.015,5.437,9.139,4.454,9.188,5.514,8.792,5.693,8.22,5.05
"82",2021-03-05 08:10:00,5.642,5.539,9.04,9.361,5.257,8.866,9.213,5.205,8.817,4.792,9.015,5.462,8.742,5.334,8.07,5.385
"83",2021-03-05 08:20:00,5.745,5.514,9.312,9.04,5.385,8.817,8.99,4.818,9.312,5.05,8.841,5.411,8.717,4.895,8.295,5.591
"84",2021-03-05 08:30:00,5.565,4.973,9.262,9.262,5.514,8.792,8.792,4.48,9.015,5.282,9.312,5.385,8.742,4.532,8.045,5.282
"85",2021-03-05 08:40:00,5.076,4.766,8.941,9.435,5.616,8.792,8.866,4.246,8.891,5.488,9.336,5.36,8.792,4.324,8.319,5.024
"86",2021-03-05 08:50:00,4.921,5.024,9.435,9.139,5.693,8.841,9.188,4.584,9.312,5.257,9.163,5.385,8.792,4.688,8.145,4.792
"87",2021-03-05 09:00:00,5.102,5.231,9.139,9.064,5.179,8.916,8.965,4.869,8.965,4.792,8.99,5.462,8.767,5.024,8.17,4.61
"88",2021-03-05 09:10:00,5.282,5.411,9.139,9.485,4.792,8.965,8.717,5.128,8.99,4.402,8.841,5.514,8.767,5.308,8.245,4.48
"89",2021-03-05 09:20:00,5.411,5.565,9.336,9.213,4.999,8.916,9.064,5.36,9.262,4.428,9.287,5.514,8.742,5.514,8.02,4.35
"90",2021-03-05 09:30:00,5.514,5.488,8.965,8.941,5.205,8.891,9.188,5.334,8.891,4.792,9.336,5.437,8.693,5.668,8.295,4.246
"91",2021-03-05 09:40:00,5.642,4.947,9.41,9.509,5.334,8.866,8.99,4.973,9.163,5.05,9.163,5.411,8.717,5.488,8.045,4.194
"92",2021-03-05 09:50:00,5.745,4.792,9.213,9.312,5.462,8.841,8.792,4.61,9.188,5.308,9.015,5.385,8.767,4.973,8.295,4.272
"93",2021-03-05 10:00:00,5.411,5.076,8.99,8.99,5.565,8.841,8.841,4.324,8.792,5.488,8.841,5.36,8.792,4.584,8.12,4.688
"94",2021-03-05 10:10:00,4.895,5.334,9.41,9.435,5.668,8.792,9.238,4.48,9.287,5.308,9.336,5.385,8.742,4.376,8.245,5.076
"95",2021-03-05 10:20:00,4.999,5.514,9.064,9.361,5.411,8.866,9.015,4.792,9.139,4.869,9.336,5.462,8.543,4.714,8.195,5.385
"96",2021-03-05 10:30:00,5.231,5.616,9.213,9.089,4.792,8.965,8.792,5.076,8.817,4.506,9.188,5.539,8.319,5.024,8.07,5.591
"97",2021-03-05 10:40:00,5.411,5.076,9.312,9.139,4.973,8.965,8.866,5.334,9.336,4.272,9.064,5.591,8.17,5.282,8.27,5.282
"98",2021-03-05 10:50:00,5.565,4.714,8.941,9.485,5.205,8.941,9.262,5.36,9.114,4.636,8.941,5.565,8.195,5.462,8.045,4.973
"99",2021-03-05 11:00:00,5.693,4.999,9.435,9.238,5.36,8.916,9.089,4.999,8.891,4.973,8.866,5.514,8.245,5.642,8.295,4.74
"100",2021-03-05 11:10:00,5.565,5.308,9.188,8.941,5.514,8.866,8.891,4.662,9.312,5.231,9.386,5.488,8.295,5.668,8.095,4.558
"101",2021-03-05 11:20:00,5.102,5.539,9.015,9.485,5.616,8.866,8.717,4.376,8.965,5.462,9.287,5.462,8.394,5.154,8.27,4.428
"102",2021-03-05 11:30:00,4.844,5.308,9.435,9.361,5.591,8.916,9.139,4.376,9.139,5.308,9.139,5.488,8.494,4.714,8.145,4.298
"103",2021-03-05 11:40:00,5.102,4.792,9.114,9.089,5.024,9.04,9.213,4.74,9.188,4.869,8.99,5.591,8.568,4.376,8.145,4.246
"104",2021-03-05 11:50:00,5.308,4.869,9.163,9.139,4.869,9.064,8.99,5.05,8.841,4.506,8.866,5.642,8.568,4.584,8.22,4.584
"105",2021-03-05 12:00:00,5.488,5.128,9.361,9.485,5.154,9.04,8.767,5.308,9.336,4.324,9.262,5.308,8.344,4.869,8.045,4.921
"106",2021-03-05 12:10:00,5.642,5.411,9.04,9.238,5.36,9.015,8.941,5.257,9.089,4.714,9.386,4.792,8.145,5.102,8.245,5.205
"107",2021-03-05 12:20:00,5.616,5.565,9.336,8.965,5.539,9.015,9.287,4.921,8.965,5.076,9.238,4.454,7.945,5.282,7.995,5.437
"108",2021-03-05 12:30:00,5.205,5.102,9.312,9.485,5.591,9.04,9.139,4.61,9.287,5.36,9.114,4.454,7.77,5.411,8.295,5.591
"109",2021-03-05 12:40:00,4.818,4.714,8.99,9.386,5.05,9.139,8.965,4.376,8.965,5.282,8.965,4.844,8.07,5.539,8.045,5.257
"110",2021-03-05 12:50:00,4.973,5.024,9.435,9.114,4.869,9.114,8.792,4.402,9.213,4.869,8.841,5.154,8.095,5.642,8.295,4.895
"111",2021-03-05 13:00:00,5.231,5.282,9.262,9.064,5.154,8.593,8.817,4.792,9.163,4.532,9.312,5.385,8.12,5.719,8.095,4.61
"112",2021-03-05 13:10:00,5.411,5.514,8.965,9.485,5.385,8.693,9.287,5.102,8.841,4.298,9.361,5.539,8.145,5.719,8.27,4.428
"113",2021-03-05 13:20:00,5.565,5.437,9.435,9.213,5.539,8.767,9.089,5.36,9.336,4.688,9.213,5.565,8.22,5.205,8.145,4.272
"114",2021-03-05 13:30:00,5.719,4.921,9.163,8.965,5.488,8.891,8.891,5.257,9.04,5.024,9.064,5.565,8.295,4.714,8.145,4.168
"115",2021-03-05 13:40:00,5.488,4.844,9.114,9.509,4.895,9.04,8.742,4.921,9.04,5.308,8.941,5.591,8.369,4.35,8.195,4.506
"116",2021-03-05 13:50:00,5.076,5.205,9.435,9.336,4.947,9.114,9.064,4.61,9.262,5.411,8.866,5.616,8.22,4.558,8.07,4.844
"117",2021-03-05 14:00:00,4.74,5.514,9.114,9.089,5.257,9.139,9.287,4.376,8.916,4.999,9.435,5.179,8.02,4.818,8.245,5.128
"118",2021-03-05 14:10:00,5.102,5.282,9.139,9.089,5.514,9.114,9.114,4.376,9.312,4.662,9.361,4.818,7.82,5.05,8.02,5.36
"119",2021-03-05 14:20:00,5.385,4.818,9.435,9.534,5.282,9.238,8.941,4.792,9.163,4.428,9.238,4.61,8.045,5.205,8.27,5.539
"120",2021-03-05 14:30:00,5.616,4.921,9.114,9.336,4.766,8.717,8.767,5.128,8.866,4.402,9.139,4.48,7.97,5.36,8.02,5.488
"121",2021-03-05 14:40:00,5.616,5.231,9.114,9.089,5.05,8.742,8.916,5.334,9.386,4.844,9.015,4.376,7.87,5.462,8.295,5.076
"122",2021-03-05 14:50:00,5.205,5.539,9.41,9.114,5.308,8.866,9.312,5.05,9.114,5.179,8.891,4.714,7.895,5.565,8.045,4.766
"123",2021-03-05 15:00:00,4.844,5.231,9.089,9.485,5.514,8.941,9.139,4.74,8.891,5.437,9.139,4.999,7.945,5.642,8.295,4.506
"124",2021-03-05 15:10:00,4.999,4.818,9.188,9.262,5.514,9.064,8.99,4.48,9.361,5.128,9.435,5.308,7.995,5.719,8.095,4.324
"125",2021-03-05 15:20:00,5.36,4.947,9.386,9.015,4.973,9.238,8.841,4.272,9.064,4.766,9.312,5.514,8.045,5.693,8.27,4.22
"126",2021-03-05 15:30:00,5.591,5.257,9.064,9.262,4.947,8.643,8.693,4.61,9.015,4.48,9.188,5.257,8.12,5.154,8.17,4.532
"127",2021-03-05 15:40:00,5.616,5.539,9.287,9.46,5.257,8.693,9.238,4.973,9.287,4.35,9.064,4.895,8.145,4.636,8.12,4.869
"128",2021-03-05 15:50:00,5.179,5.231,9.361,9.238,5.514,8.841,9.163,5.308,8.941,4.792,8.965,4.584,8.12,4.402,8.22,5.154
"129",2021-03-05 16:00:00,4.844,4.844,9.064,9.015,5.462,8.99,9.015,5.205,9.213,5.179,8.866,4.402,7.945,4.688,8.045,5.411
"130",2021-03-05 16:10:00,4.921,4.947,9.287,9.361,4.921,9.188,8.866,4.895,9.213,5.36,9.213,4.584,7.77,4.947,8.295,5.591
"131",2021-03-05 16:20:00,5.308,5.282,9.361,9.46,4.973,8.792,8.742,4.61,8.866,4.999,9.41,5.024,8.07,5.154,7.995,5.308
"132",2021-03-05 16:30:00,5.616,5.539,9.064,9.213,5.308,8.693,9.089,4.402,9.312,4.662,9.287,5.385,8.095,5.334,8.344,4.973
"133",2021-03-05 16:40:00,5.437,5.128,9.287,8.99,5.565,8.866,9.287,4.324,9.139,4.402,9.188,5.462,8.145,5.514,8.095,4.714
"134",2021-03-05 16:50:00,5.05,4.74,9.386,9.46,5.154,9.089,9.139,4.766,8.891,4.454,9.089,5.05,8.17,5.642,8.245,4.532
"135",2021-03-05 17:00:00,4.74,4.999,9.089,9.435,4.818,9.188,8.941,5.128,9.336,4.895,8.99,4.714,8.22,5.719,8.195,4.402
"136",2021-03-05 17:10:00,5.076,5.334,9.238,9.188,5.128,8.643,8.792,5.308,9.04,5.257,8.891,4.48,8.319,5.231,8.095,4.324
"137",2021-03-05 17:20:00,5.411,5.514,9.361,8.941,5.411,8.767,8.792,4.999,8.99,5.308,9.04,4.428,8.444,4.792,8.27,4.246
"138",2021-03-05 17:30:00,5.642,5.05,9.04,9.485,5.488,8.916,9.312,4.714,9.336,4.921,9.435,4.895,8.543,4.428,8.02,4.22
"139",2021-03-05 17:40:00,5.334,4.714,9.287,9.361,4.999,9.163,9.188,4.48,9.015,4.61,9.336,5.282,8.568,4.48,8.295,4.558
"140",2021-03-05 17:50:00,4.973,5.102,9.361,9.139,4.921,8.916,9.04,4.272,9.089,4.376,9.238,5.514,8.369,4.818,8.07,4.921
"141",2021-03-05 18:00:00,4.844,5.411,9.064,8.99,5.257,8.668,8.866,4.584,9.262,4.558,9.114,5.102,8.145,5.076,8.319,5.231
"142",2021-03-05 18:10:00,5.179,5.437,9.287,9.534,5.488,8.792,8.693,4.973,8.941,4.947,8.99,4.714,7.97,5.308,8.145,5.462
"143",2021-03-05 18:20:00,5.437,4.947,9.336,9.336,5.411,8.965,9.213,5.282,9.262,5.308,8.891,4.454,7.795,5.462,8.245,5.565
"144",2021-03-05 18:30:00,5.668,4.792,9.015,9.114,4.869,9.139,9.213,5.257,9.213,5.282,8.941,4.454,8.095,5.591,8.195,5.179
"145",2021-03-05 18:40:00,5.437,5.154,9.361,9.089,4.973,9.114,9.04,4.921,8.866,4.895,9.435,4.921,8.17,5.668,8.12,4.844
"146",2021-03-05 18:50:00,5.05,5.462,9.312,9.509,5.308,8.643,8.891,4.636,9.361,4.558,9.336,5.257,8.17,5.77,8.22,4.584
"147",2021-03-05 19:00:00,4.74,5.308,8.99,9.287,5.565,8.767,8.742,4.376,9.114,4.298,9.213,5.488,8.22,5.488,8.045,4.402
"148",2021-03-05 19:10:00,5.102,4.869,9.41,9.064,5.179,8.99,8.99,4.324,8.916,4.662,9.089,5.179,8.295,4.921,8.27,4.246
"149",2021-03-05 19:20:00,5.385,4.869,9.312,9.188,4.792,9.114,9.238,4.74,9.312,5.05,8.965,4.74,8.344,4.48,7.995,4.298
"150",2021-03-05 19:30:00,5.565,5.179,8.965,9.46,5.076,9.114,9.04,5.076,8.99,5.334,8.841,4.454,8.295,4.48,8.295,4.636
"151",2021-03-05 19:40:00,5.719,5.411,9.435,9.213,5.334,9.089,8.841,5.36,9.139,5.282,9.312,4.532,8.07,4.74,8.045,4.921
"152",2021-03-05 19:50:00,5.462,5.488,9.262,8.941,5.565,9.064,8.693,5.102,9.238,4.869,9.361,4.947,7.845,4.947,8.319,5.179
"153",2021-03-05 20:00:00,5.05,5.024,8.941,9.509,5.282,9.163,9.287,4.792,8.866,4.532,9.238,5.257,7.97,5.128,8.095,5.36
"154",2021-03-05 20:10:00,4.74,4.74,9.46,9.361,4.766,8.965,9.238,4.506,9.336,4.272,9.114,5.488,7.995,5.257,8.295,5.514
"155",2021-03-05 20:20:00,5.076,5.102,9.213,9.064,4.999,8.618,9.04,4.272,9.114,4.662,8.965,5.334,7.795,5.36,8.095,5.616
"156",2021-03-05 20:30:00,5.334,5.36,8.99,9.213,5.257,8.717,8.841,4.584,8.891,4.999,8.841,4.818,8.07,5.411,8.245,5.257
"157",2021-03-05 20:40:00,5.514,5.565,9.435,9.46,5.462,8.792,8.693,4.921,9.312,5.308,9.336,4.48,8.07,5.488,8.145,4.818
"158",2021-03-05 20:50:00,5.668,5.154,9.114,9.188,5.616,8.866,9.262,5.205,8.99,5.36,9.386,4.454,8.045,5.539,8.17,4.506
"159",2021-03-05 21:00:00,5.719,4.688,9.139,8.941,5.154,9.015,9.139,5.36,9.139,4.947,9.238,4.869,8.02,5.565,8.17,4.298
"160",2021-03-05 21:10:00,5.308,4.999,9.386,9.509,4.844,9.114,8.941,5.05,9.213,4.584,9.089,5.179,7.97,5.616,8.145,4.558
"161",2021-03-05 21:20:00,4.895,5.308,9.04,9.312,5.128,9.089,8.767,4.714,8.841,4.272,8.941,5.385,7.77,5.616,8.17,4.844
"162",2021-03-05 21:30:00,4.947,5.565,9.262,9.015,5.334,9.064,8.891,4.428,9.336,4.61,8.841,5.437,8.045,5.642,8.145,5.076
"163",2021-03-05 21:40:00,5.231,5.179,9.312,9.312,5.514,9.04,9.262,4.324,9.064,4.921,9.386,5.462,7.845,5.642,8.17,5.257
"164",2021-03-05 21:50:00,5.411,4.688,8.941,9.41,5.616,8.99,9.064,4.688,8.99,5.205,9.287,5.462,7.995,5.642,8.12,5.385
"165",2021-03-05 22:00:00,5.539,4.947,9.435,9.089,5.05,9.089,8.817,4.999,9.262,5.437,9.114,5.462,7.945,5.642,8.195,5.514
"166",2021-03-05 22:10:00,5.616,5.179,9.188,9.139,4.844,9.114,8.742,5.231,8.866,5.205,8.965,5.488,7.795,5.642,8.07,5.591
"167",2021-03-05 22:20:00,5.668,5.36,9.04,9.46,5.076,9.04,9.238,5.437,9.312,4.766,8.841,5.539,7.995,5.616,8.22,5.591
"168",2021-03-05 22:30:00,5.77,5.565,9.435,9.163,5.282,8.99,9.064,5.128,9.089,4.402,9.361,5.591,7.845,5.616,8.045,5.128
"169",2021-03-05 22:40:00,5.385,5.308,9.064,8.941,5.462,8.965,8.866,4.766,8.941,4.454,9.287,5.565,7.82,5.616,8.245,4.714
"170",2021-03-05 22:50:00,4.921,4.818,9.238,9.485,5.616,8.941,8.693,4.454,9.287,4.818,9.114,5.514,7.795,5.616,7.995,4.402
"171",2021-03-05 23:00:00,4.895,4.869,9.336,9.262,5.565,8.965,9.213,4.272,8.916,5.076,8.941,5.462,7.895,5.616,8.27,4.376
"172",2021-03-05 23:10:00,5.128,5.102,8.941,8.941,4.895,9.015,9.114,4.636,9.188,5.308,8.891,5.411,7.795,5.616,7.995,4.662
"173",2021-03-05 23:20:00,5.282,5.308,9.41,9.435,4.844,8.99,8.866,4.921,9.163,5.488,9.386,5.385,8.07,5.616,8.295,4.895
"174",2021-03-05 23:30:00,5.385,5.462,9.188,9.336,5.05,8.965,8.668,5.154,8.866,5.102,9.262,5.411,7.895,5.616,7.995,5.076
"175",2021-03-05 23:40:00,5.488,5.616,9.015,9.015,5.257,8.891,9.238,5.385,9.287,4.662,9.089,5.488,7.945,5.591,8.295,5.257
"176",2021-03-05 23:50:00,5.616,5.257,9.41,9.287,5.437,8.891,9.089,5.282,8.965,4.324,8.941,5.539,7.97,5.591,7.995,5.385
"177",2021-03-06 00:00:00,5.719,4.74,9.064,9.41,5.565,8.891,8.866,4.895,9.139,4.584,8.891,5.514,7.77,5.591,8.295,5.488
"178",2021-03-06 00:10:00,5.539,4.947,9.238,9.089,5.668,8.866,8.693,4.558,9.163,4.895,9.386,5.462,8.045,5.591,8.045,5.591
"179",2021-03-06 00:20:00,5.076,5.231,9.312,9.139,5.385,8.916,9.238,4.272,8.841,5.128,9.262,5.411,7.82,5.591,8.295,5.642
"180",2021-03-06 00:30:00,4.895,5.437,8.941,9.435,4.74,8.99,9.139,4.506,9.312,5.36,9.089,5.385,8.07,5.591,8.07,5.308
"181",2021-03-06 00:40:00,5.102,5.616,9.435,9.139,4.921,8.965,8.891,4.818,8.99,5.488,8.941,5.385,8.095,5.591,8.295,4.844
"182",2021-03-06 00:50:00,5.257,5.205,9.188,9.04,5.154,8.941,8.668,5.076,9.089,5.05,8.866,5.437,8.045,5.616,8.095,4.506
"183",2021-03-06 01:00:00,5.411,4.688,8.99,9.46,5.36,8.916,9.213,5.308,9.213,4.636,9.386,5.514,7.97,5.616,8.27,4.324
"184",2021-03-06 01:10:00,5.514,4.895,9.41,9.188,5.514,8.916,9.139,5.411,8.841,4.298,9.262,5.565,7.87,5.616,8.12,4.584
"185",2021-03-06 01:20:00,5.668,5.179,9.064,8.965,5.616,8.891,8.916,5.05,9.312,4.558,9.089,5.514,7.97,5.616,8.245,4.818
"186",2021-03-06 01:30:00,5.745,5.411,9.238,9.485,5.514,8.916,8.717,4.688,9.015,4.869,8.916,5.488,7.97,5.591,8.12,5.024
"187",2021-03-06 01:40:00,5.36,5.616,9.312,9.262,4.869,9.015,9.163,4.376,9.04,5.128,8.99,5.437,7.77,5.591,8.195,5.205
"188",2021-03-06 01:50:00,4.869,5.128,8.965,8.941,4.895,9.04,9.213,4.376,9.238,5.36,9.361,5.437,8.045,5.616,8.145,5.385
"189",2021-03-06 02:00:00,4.999,4.688,9.41,9.485,5.128,8.99,8.965,4.688,8.866,5.488,9.238,5.437,7.87,5.642,8.145,5.539
"190",2021-03-06 02:10:00,5.205,4.921,9.238,9.336,5.308,8.99,8.717,4.999,9.312,5.05,9.064,5.488,7.995,5.693,8.22,5.668
"191",2021-03-06 02:20:00,5.36,5.154,8.99,9.015,5.488,8.965,9.089,5.231,9.089,4.636,8.916,5.565,7.995,5.745,8.045,5.282
"192",2021-03-06 02:30:00,5.488,5.36,9.435,9.336,5.616,8.965,9.163,5.437,8.941,4.298,9.015,5.616,7.995,5.821,8.27,4.947
"193",2021-03-06 02:40:00,5.616,5.539,9.089,9.386,5.205,9.04,8.941,5.154,9.287,4.584,9.336,5.565,8.02,5.77,8.02,4.688
"194",2021-03-06 02:50:00,5.745,5.411,9.163,9.089,4.766,9.114,8.742,4.766,8.941,4.895,9.188,5.539,8.095,5.231,8.295,4.506
"195",2021-03-06 03:00:00,5.411,4.895,9.361,9.163,4.999,9.089,8.99,4.454,9.213,5.154,9.04,5.514,8.195,4.766,8.045,4.35
"196",2021-03-06 03:10:00,4.921,4.818,9.015,9.46,5.205,9.064,9.238,4.272,9.139,5.385,8.891,5.488,8.295,4.428,8.319,4.272
"197",2021-03-06 03:20:00,4.999,5.076,9.386,9.163,5.385,9.04,9.015,4.636,8.891,5.462,9.139,5.488,8.27,4.636,8.145,4.636
"198",2021-03-06 03:30:00,5.205,5.282,9.262,8.99,5.539,9.015,8.767,4.921,9.312,4.999,9.361,5.539,8.095,4.947,8.22,4.999
"199",2021-03-06 03:40:00,5.36,5.462,8.965,9.509,5.616,9.015,8.941,5.179,8.965,4.584,9.238,5.616,7.945,5.205,8.22,5.282
"200",2021-03-06 03:50:00,5.488,5.616,9.435,9.262,5.102,9.089,9.213,5.411,9.163,4.272,9.064,5.642,7.77,5.411,8.095,5.539
"201",2021-03-06 04:00:00,5.642,5.231,9.139,8.965,4.818,9.139,9.015,5.257,9.188,4.636,8.916,5.334,8.095,5.591,8.295,5.539
"202",2021-03-06 04:10:00,5.719,4.766,9.089,9.435,5.05,9.089,8.817,4.895,8.841,4.973,8.99,4.792,8.045,5.745,8.045,5.205
"203",2021-03-06 04:20:00,5.308,4.947,9.41,9.336,5.282,9.04,8.767,4.558,9.336,5.257,9.386,4.428,8.12,5.591,8.344,4.947
"204",2021-03-06 04:30:00,4.895,5.257,9.089,9.04,5.462,9.015,9.287,4.272,9.064,5.488,9.238,4.48,8.245,5.076,8.145,4.74
"205",2021-03-06 04:40:00,4.999,5.488,9.188,9.238,5.616,8.99,9.114,4.48,8.99,5.205,9.089,4.844,8.344,4.688,8.145,4.584
"206",2021-03-06 04:50:00,5.231,5.411,9.336,9.41,5.437,9.04,8.866,4.818,9.238,4.766,8.941,5.128,8.444,4.402,8.27,4.428
"207",2021-03-06 05:00:00,5.411,4.869,8.99,9.139,4.844,9.139,8.693,5.102,8.891,4.402,8.916,5.36,8.444,4.688,8.045,4.324
"208",2021-03-06 05:10:00,5.539,4.818,9.336,8.99,4.921,9.114,9.238,5.334,9.287,4.402,9.361,5.462,8.444,5.024,8.295,4.48
"209",2021-03-06 05:20:00,5.642,5.05,9.262,9.485,5.128,9.064,9.114,5.411,9.089,4.766,9.213,5.462,8.295,5.282,8.045,4.869
"210",2021-03-06 05:30:00,5.77,5.308,8.941,9.238,5.308,9.015,8.891,5.024,8.941,5.05,9.04,5.462,8.095,5.488,8.319,5.205
"211",2021-03-06 05:40:00,5.411,5.539,9.435,8.941,5.462,8.99,8.717,4.662,9.287,5.282,8.866,5.462,7.945,5.642,8.12,5.437
"212",2021-03-06 05:50:00,4.947,5.385,9.163,9.485,5.591,8.965,9.163,4.376,8.941,5.488,9.163,5.437,7.795,5.745,8.27,5.642
"213",2021-03-06 06:00:00,4.947,4.869,9.015,9.312,5.668,8.965,9.163,4.35,9.188,5.231,9.336,5.514,8.17,5.514,8.22,5.36
"214",2021-03-06 06:10:00,5.179,4.818,9.41,9.015,5.128,9.04,8.916,4.714,9.163,4.792,9.188,5.565,8.27,4.973,8.045,4.999
"215",2021-03-06 06:20:00,5.334,5.05,9.064,9.312,4.792,9.064,8.693,4.999,8.841,4.402,9.04,5.616,8.344,4.558,8.27,4.74
"216",2021-03-06 06:30:00,5.437,5.257,9.213,9.386,5.024,8.99,9.163,5.231,9.312,4.428,8.866,5.591,8.394,4.454,8.02,4.532
"217",2021-03-06 06:40:00,5.514,5.411,9.336,9.064,5.179,8.916,9.114,5.437,8.99,4.766,9.287,5.514,8.394,4.766,8.319,4.324
"218",2021-03-06 06:50:00,5.616,5.565,8.941,9.163,5.308,8.866,8.891,5.282,9.114,5.024,9.336,5.437,8.344,5.05,8.07,4.454
"219",2021-03-06 07:00:00,5.719,5.462,9.41,9.41,5.437,8.841,8.693,4.895,9.163,5.257,9.139,5.411,8.195,5.257,8.319,4.818
"220",2021-03-06 07:10:00,5.693,4.921,9.163,9.114,5.539,8.817,9.238,4.532,8.841,5.462,8.99,5.385,7.995,5.411,8.145,5.128
"221",2021-03-06 07:20:00,5.205,4.792,9.04,9.114,5.642,8.817,9.163,4.246,9.336,5.385,8.841,5.385,7.845,5.565,8.195,5.385
"222",2021-03-06 07:30:00,4.895,5.05,9.41,9.46,5.591,8.841,8.916,4.506,9.015,4.895,9.361,5.437,8.045,5.668,8.195,5.591
"223",2021-03-06 07:40:00,5.102,5.257,9.04,9.163,4.947,8.941,8.668,4.818,9.064,4.506,9.287,5.488,7.97,5.745,8.095,5.462
"224",2021-03-06 07:50:00,5.231,5.411,9.262,8.965,4.844,8.941,9.163,5.05,9.238,4.324,9.114,5.488,7.92,5.77,8.245,5.076
"225",2021-03-06 08:00:00,5.36,5.539,9.287,9.485,5.024,8.866,9.114,5.282,8.841,4.662,8.941,5.411,7.97,5.308,8.02,4.766
"226",2021-03-06 08:10:00,5.437,5.642,8.941,9.213,5.179,8.792,8.841,5.462,9.312,4.947,8.965,5.36,8.095,4.792,8.295,4.506
"227",2021-03-06 08:20:00,5.565,5.154,9.435,8.941,5.308,8.767,8.717,5.128,9.04,5.179,9.361,5.308,8.941,4.402,8.543,4.324
"228",2021-03-06 08:30:00,5.668,4.688,9.139,9.485,5.411,8.742,9.262,4.74,9.04,5.385,9.213,5.308,8.916,4.61,8.99,4.532
"229",2021-03-06 08:40:00,5.745,4.947,9.089,9.262,5.514,8.717,9.114,4.402,9.262,5.539,9.04,5.282,8.643,4.869,8.693,4.844
"230",2021-03-06 08:50:00,5.616,5.179,9.386,8.941,5.616,8.717,8.866,4.298,8.866,5.102,8.891,5.334,8.568,5.102,8.965,5.128
"231",2021-03-06 09:00:00,5.102,5.385,8.99,9.435,5.693,8.693,8.693,4.636,9.262,4.636,9.163,5.385,8.693,5.257,8.668,5.36
"232",2021-03-06 09:10:00,4.973,5.539,9.336,9.312,5.334,8.792,9.238,4.921,9.064,4.298,9.361,5.437,8.494,5.411,8.99,5.514
"233",2021-03-06 09:20:00,5.154,5.565,9.262,8.99,4.74,8.891,9.089,5.179,8.965,4.558,9.188,5.411,8.742,5.514,8.668,5.616
"234",2021-03-06 09:30:00,5.308,4.999,8.941,9.336,4.947,8.841,8.841,5.385,9.312,4.869,9.015,5.36,8.519,5.591,8.99,5.231
"235",2021-03-06 09:40:00,5.437,4.74,9.435,9.361,5.128,8.817,8.742,5.308,8.941,5.128,8.866,5.334,8.841,5.668,8.693,4.844
"236",2021-03-06 09:50:00,5.565,5.024,9.139,9.04,5.257,8.767,9.287,4.921,9.188,5.334,9.238,5.308,8.767,5.719,8.99,4.558
"237",2021-03-06 10:00:00,5.693,5.257,9.114,9.213,5.385,8.742,9.114,4.584,9.188,5.514,9.312,5.282,8.668,5.77,8.693,4.35
"238",2021-03-06 10:10:00,5.719,5.462,9.386,9.435,5.514,8.742,8.916,4.272,8.841,5.154,9.163,5.36,8.618,5.308,8.965,4.246
"239",2021-03-06 10:20:00,5.282,5.616,9.015,9.139,5.642,8.742,8.693,4.506,9.312,4.688,9.015,5.411,8.618,4.792,8.693,4.584
"240",2021-03-06 10:30:00,4.844,5.102,9.312,9.04,5.437,8.841,9.188,4.844,9.015,4.35,8.866,5.488,8.568,4.402,8.965,4.947
"241",2021-03-06 10:40:00,5.076,4.688,9.287,9.485,4.818,8.941,9.163,5.102,9.089,4.506,9.238,5.514,8.693,4.636,8.693,5.231
"242",2021-03-06 10:50:00,5.257,4.947,8.916,9.213,4.895,8.941,8.916,5.36,9.238,4.844,9.336,5.462,8.643,4.921,8.941,5.437
"243",2021-03-06 11:00:00,5.411,5.179,9.435,8.941,5.102,8.916,8.693,5.308,8.841,5.128,9.163,5.437,8.543,5.128,8.693,5.616
"244",2021-03-06 11:10:00,5.565,5.411,9.188,9.485,5.257,8.866,9.188,4.921,9.336,5.334,9.015,5.411,8.742,5.308,8.99,5.257
"245",2021-03-06 11:20:00,5.719,5.591,8.99,9.287,5.411,8.866,9.213,4.584,9.089,5.462,8.841,5.385,8.643,5.462,8.693,4.895
"246",2021-03-06 11:30:00,5.488,5.205,9.435,8.99,5.565,8.866,9.015,4.298,8.965,5.05,9.312,5.462,8.568,5.565,8.99,4.61
"247",2021-03-06 11:40:00,5.024,4.74,9.114,9.386,5.565,8.916,8.817,4.48,9.262,4.662,9.336,5.565,8.543,5.668,8.693,4.402
"248",2021-03-06 11:50:00,4.921,4.921,9.114,9.41,4.999,9.064,8.767,4.818,8.916,4.35,9.213,5.642,8.792,5.745,8.965,4.272
"249",2021-03-06 12:00:00,5.179,5.179,9.41,9.139,4.844,9.114,9.262,5.128,9.262,4.532,9.064,5.36,8.742,5.488,8.693,4.584
"250",2021-03-06 12:10:00,5.385,5.411,9.064,9.04,5.102,9.089,9.089,5.385,9.163,4.895,8.941,4.818,8.668,4.947,8.99,4.947
"251",2021-03-06 12:20:00,5.616,5.565,9.238,9.509,5.308,9.064,8.916,5.102,8.866,5.205,8.841,4.48,8.618,4.506,8.693,5.257
"252",2021-03-06 12:30:00,5.616,5.076,9.361,9.262,5.514,9.04,8.742,4.792,9.336,5.462,9.386,4.454,8.469,4.558,8.99,5.488
"253",2021-03-06 12:40:00,5.205,4.714,9.04,9.015,5.565,9.089,9.015,4.506,9.064,5.102,9.312,4.844,8.792,4.869,8.693,5.539
"254",2021-03-06 12:50:00,4.818,5.05,9.312,9.336,5.05,9.213,9.287,4.272,8.99,4.74,9.188,5.179,8.643,5.128,8.99,5.154
"255",2021-03-06 13:00:00,4.999,5.334,9.336,9.46,4.869,8.717,9.089,4.584,9.287,4.428,9.064,5.437,8.568,5.334,8.693,4.844
"256",2021-03-06 13:10:00,5.257,5.565,9.015,9.188,5.154,8.668,8.891,4.921,8.941,4.428,8.941,5.488,8.543,5.514,8.99,4.636
"257",2021-03-06 13:20:00,5.462,5.205,9.386,8.965,5.385,8.792,8.717,5.231,9.213,4.844,8.866,4.947,8.593,5.693,8.693,4.48
"258",2021-03-06 13:30:00,5.668,4.74,9.336,9.534,5.591,8.866,9.213,5.36,9.213,5.179,9.41,4.584,8.841,5.642,8.99,4.402
"259",2021-03-06 13:40:00,5.539,4.999,9.015,9.361,5.334,9.04,9.262,5.05,8.866,5.437,9.336,4.376,8.866,5.128,8.693,4.324
"260",2021-03-06 13:50:00,5.128,5.36,9.41,9.089,4.792,9.188,9.114,4.74,9.361,5.102,9.213,4.74,8.916,4.74,8.99,4.272
"261",2021-03-06 14:00:00,4.792,5.411,9.312,9.089,5.05,8.742,8.941,4.48,9.139,4.74,9.089,5.128,8.941,4.428,8.717,4.22
"262",2021-03-06 14:10:00,5.024,4.947,8.965,9.509,5.334,8.668,8.817,4.272,8.891,4.454,8.965,5.385,8.891,4.558,9.015,4.558
"263",2021-03-06 14:20:00,5.308,4.792,9.435,9.262,5.565,8.767,8.742,4.61,9.336,4.402,8.866,5.539,8.668,4.895,8.742,4.921
"264",2021-03-06 14:30:00,5.488,5.076,9.262,8.99,5.154,8.965,9.287,4.947,9.04,4.792,9.262,5.231,8.543,5.154,9.015,5.231
"265",2021-03-06 14:40:00,5.642,5.334,8.941,9.386,4.818,9.064,9.139,5.257,9.04,5.128,9.361,4.74,8.693,5.385,8.767,5.488
"266",2021-03-06 14:50:00,5.616,5.565,9.435,9.41,5.076,9.064,8.941,5.205,9.287,5.411,9.238,4.402,8.469,5.539,8.99,5.539
"267",2021-03-06 15:00:00,5.205,5.179,9.188,9.163,5.334,9.064,8.792,4.895,8.941,5.179,9.114,4.584,8.841,5.693,8.792,5.205
"268",2021-03-06 15:10:00,4.844,4.766,8.99,8.965,5.591,9.089,8.717,4.61,9.238,4.792,9.015,4.999,8.841,5.642,8.965,4.947
"269",2021-03-06 15:20:00,4.947,4.973,9.435,9.534,5.308,9.188,9.312,4.376,9.188,4.506,8.891,5.308,8.866,5.128,8.817,4.714
"270",2021-03-06 15:30:00,5.257,5.282,9.139,9.361,4.792,8.841,9.213,4.376,8.841,4.298,8.941,5.514,8.891,4.688,8.916,4.558
"271",2021-03-06 15:40:00,5.488,5.514,9.089,9.089,5.024,8.668,8.99,4.792,9.361,4.714,9.386,5.282,8.916,4.402,8.841,4.428
"272",2021-03-06 15:50:00,5.668,5.231,9.41,9.089,5.334,8.767,8.817,5.102,9.089,5.076,9.312,4.818,8.891,4.584,8.891,4.324
"273",2021-03-06 16:00:00,5.539,4.792,9.089,9.509,5.591,8.866,8.742,5.36,8.965,5.411,9.188,4.506,8.841,4.921,8.866,4.402
"274",2021-03-06 16:10:00,5.154,4.973,9.139,9.312,5.205,9.04,9.312,5.102,9.312,5.179,9.064,4.402,8.693,5.205,8.866,4.792
"275",2021-03-06 16:20:00,4.818,5.334,9.386,9.064,4.792,9.188,9.213,4.818,8.99,4.818,8.965,4.61,8.469,5.437,8.866,5.154
"276",2021-03-06 16:30:00,4.921,5.462,9.089,9.163,5.154,8.817,9.04,4.558,9.089,4.506,8.866,5.05,8.767,5.642,8.841,5.488
"277",2021-03-06 16:40:00,5.308,5.024,9.188,9.485,5.514,8.668,8.916,4.324,9.262,4.298,9.238,5.334,8.618,5.719,8.891,5.591
"278",2021-03-06 16:50:00,5.565,4.74,9.361,9.238,5.231,8.891,8.767,4.454,8.916,4.714,9.386,5.488,8.593,5.231,8.841,5.282
"279",2021-03-06 17:00:00,5.668,5.05,9.04,8.965,4.766,9.064,8.99,4.844,9.287,5.05,9.262,5.462,8.668,4.818,8.891,5.024
"280",2021-03-06 17:10:00,5.257,5.36,9.287,9.41,5.102,9.089,9.287,5.179,9.163,5.36,9.114,4.947,8.767,4.532,8.742,4.818
"281",2021-03-06 17:20:00,4.869,5.514,9.336,9.435,5.437,9.114,9.089,5.308,8.866,5.257,9.015,4.636,8.817,4.376,8.965,4.662
"282",2021-03-06 17:30:00,4.947,5.102,9.015,9.188,5.437,9.188,8.941,4.999,9.361,4.895,8.916,4.506,8.792,4.766,8.717,4.506
"283",2021-03-06 17:40:00,5.334,4.74,9.312,8.965,4.973,8.916,8.817,4.714,9.114,4.61,8.916,4.428,8.767,5.102,8.99,4.376
"284",2021-03-06 17:50:00,5.642,5.05,9.336,9.485,4.947,8.717,8.717,4.48,8.941,4.376,9.386,4.376,8.717,5.36,8.693,4.298
"285",2021-03-06 18:00:00,5.385,5.411,9.015,9.41,5.308,8.817,9.312,4.272,9.336,4.506,9.312,4.532,8.693,5.591,8.99,4.454
"286",2021-03-06 18:10:00,4.973,5.411,9.336,9.139,5.591,8.916,9.213,4.584,8.99,4.921,9.163,4.895,8.543,5.719,8.693,4.869
"287",2021-03-06 18:20:00,4.895,4.921,9.336,8.965,5.205,9.064,9.015,4.947,9.114,5.231,9.04,5.128,8.717,5.282,8.99,5.205
"288",2021-03-06 18:30:00,5.205,4.818,9.015,9.509,4.766,9.163,8.841,5.257,9.238,5.385,8.891,5.334,8.817,4.818,8.693,5.488
"289",2021-03-06 18:40:00,5.462,5.128,9.386,9.287,5.102,9.163,8.742,5.282,8.891,4.999,8.941,5.514,8.767,4.48,8.99,5.488
"290",2021-03-06 18:50:00,5.668,5.411,9.312,9.04,5.462,9.114,9.312,4.947,9.312,4.662,9.41,5.334,8.668,4.61,8.717,5.102
"291",2021-03-06 19:00:00,5.385,5.437,8.99,9.238,5.36,9.163,9.213,4.636,9.139,4.376,9.312,4.947,8.593,4.921,9.015,4.792
"292",2021-03-06 19:10:00,4.999,4.999,9.41,9.46,4.844,9.04,9.04,4.402,8.866,4.506,9.188,4.636,8.543,5.179,8.742,4.558
"293",2021-03-06 19:20:00,4.74,4.688,9.336,9.238,5.024,8.643,8.891,4.324,9.336,4.921,9.064,4.428,8.693,5.36,8.99,4.35
"294",2021-03-06 19:30:00,5.05,5.024,9.015,8.99,5.334,8.742,8.717,4.74,9.015,5.257,8.941,4.506,8.742,5.514,8.742,4.402
"295",2021-03-06 19:40:00,5.308,5.282,9.386,9.41,5.565,8.792,9.139,5.05,9.04,5.385,8.866,4.844,8.568,5.642,8.99,4.766
"296",2021-03-06 19:50:00,5.488,5.488,9.287,9.386,5.231,8.965,9.238,5.334,9.287,4.999,9.41,5.154,8.767,5.745,8.742,5.076
"297",2021-03-06 20:00:00,5.668,5.411,8.941,9.114,4.766,9.114,9.04,5.231,8.916,4.61,9.312,5.385,8.693,5.668,8.99,5.334
"298",2021-03-06 20:10:00,5.539,4.921,9.435,9.064,5.102,9.114,8.866,4.869,9.312,4.324,9.163,5.539,8.593,5.102,8.742,5.539
"299",2021-03-06 20:20:00,5.128,4.844,9.262,9.509,5.437,9.089,8.717,4.584,9.114,4.61,9.04,5.154,8.519,4.61,8.99,5.488
"300",2021-03-06 20:30:00,4.766,5.179,8.941,9.262,5.539,9.089,9.188,4.324,8.916,4.973,8.916,4.714,8.792,4.454,8.693,5.076
"301",2021-03-06 20:40:00,5.05,5.462,9.46,8.99,5.024,9.188,9.238,4.454,9.312,5.257,8.99,4.402,8.693,4.74,8.99,4.74
"302",2021-03-06 20:50:00,5.282,5.462,9.213,9.312,4.844,8.792,8.99,4.792,8.965,5.462,9.386,4.558,8.593,4.973,8.693,4.454
"303",2021-03-06 21:00:00,5.462,4.895,8.965,9.41,5.179,8.618,8.767,5.102,9.139,5.076,9.262,4.895,8.519,5.154,8.965,4.298
"304",2021-03-06 21:10:00,5.591,4.792,9.46,9.139,5.488,8.693,8.866,5.36,9.238,4.688,9.114,5.179,8.767,5.308,8.668,4.584
"305",2021-03-06 21:20:00,5.719,5.076,9.139,9.04,5.411,8.841,9.238,5.231,8.841,4.376,8.941,5.36,8.494,5.411,8.965,4.869
"306",2021-03-06 21:30:00,5.462,5.36,9.114,9.485,4.844,8.965,9.064,4.869,9.312,4.506,8.866,5.437,8.767,5.488,8.668,5.102
"307",2021-03-06 21:40:00,4.999,5.591,9.386,9.238,4.947,8.99,8.866,4.532,9.064,4.844,9.361,5.437,8.543,5.539,8.965,5.282
"308",2021-03-06 21:50:00,4.869,5.154,9.04,8.941,5.231,8.99,8.693,4.272,8.99,5.128,9.262,5.437,8.742,5.591,8.668,5.437
"309",2021-03-06 22:00:00,5.102,4.662,9.238,9.485,5.488,8.941,9.188,4.532,9.238,5.36,9.089,5.411,8.543,5.616,8.99,5.565
"310",2021-03-06 22:10:00,5.282,4.895,9.312,9.336,5.591,8.941,9.139,4.844,8.866,5.437,8.916,5.411,8.767,5.642,8.668,5.642
"311",2021-03-06 22:20:00,5.411,5.128,8.941,9.04,5.05,9.015,8.891,5.102,9.262,4.999,8.965,5.488,8.568,5.642,8.965,5.36
"312",2021-03-06 22:30:00,5.514,5.334,9.435,9.238,4.844,9.04,8.668,5.334,9.114,4.584,9.361,5.539,8.792,5.668,8.668,4.921
"313",2021-03-06 22:40:00,5.616,5.514,9.188,9.46,5.154,8.965,9.238,5.334,8.891,4.272,9.238,5.565,8.767,5.668,8.941,4.558
"314",2021-03-06 22:50:00,5.719,5.514,8.99,9.139,5.411,8.916,9.188,4.947,9.312,4.61,9.04,5.514,8.618,5.693,8.693,4.298
"315",2021-03-06 23:00:00,5.539,4.999,9.41,9.04,5.616,8.916,8.965,4.61,8.941,4.895,8.866,5.462,8.494,5.693,8.941,4.506
"316",2021-03-06 23:10:00,5.05,4.792,9.089,9.485,5.205,8.965,8.767,4.298,9.139,5.154,9.238,5.437,8.668,5.668,8.693,4.766
"317",2021-03-06 23:20:00,4.921,5.05,9.188,9.238,4.766,9.015,8.891,4.454,9.188,5.385,9.312,5.411,8.543,5.668,8.941,4.973
"318",2021-03-06 23:30:00,5.102,5.231,9.336,8.941,5.024,8.965,9.213,4.792,8.841,5.462,9.139,5.36,8.693,5.668,8.717,5.179
"319",2021-03-06 23:40:00,5.257,5.411,8.965,9.485,5.282,8.891,8.99,5.05,9.336,4.999,8.965,5.411,8.494,5.668,8.916,5.308
"320",2021-03-06 23:50:00,5.36,5.539,9.41,9.287,5.539,8.866,8.742,5.257,8.99,4.584,8.841,5.462,8.717,5.642,8.742,5.437
"321",2021-03-07 00:00:00,5.462,5.591,9.213,8.99,5.411,8.891,8.99,5.462,9.064,4.272,9.386,5.514,8.469,5.642,8.866,5.539
"322",2021-03-07 00:10:00,5.591,5.05,8.99,9.361,4.818,8.99,9.188,5.154,9.188,4.61,9.287,5.462,8.742,5.642,8.792,5.591
"323",2021-03-07 00:20:00,5.693,4.74,9.435,9.386,4.921,8.965,8.99,4.792,8.841,4.921,9.089,5.411,8.444,5.616,8.841,5.642
"324",2021-03-07 00:30:00,5.745,4.999,9.089,9.089,5.179,8.891,8.767,4.428,9.312,5.154,8.916,5.36,8.767,5.616,8.841,5.308
"325",2021-03-07 00:40:00,5.282,5.231,9.188,9.163,5.411,8.841,8.891,4.298,8.941,5.334,9.064,5.308,8.593,5.616,8.841,4.844
"326",2021-03-07 00:50:00,4.895,5.411,9.336,9.46,5.616,8.792,9.238,4.636,9.139,5.514,9.336,5.257,8.618,5.616,8.841,4.506
"327",2021-03-07 01:00:00,5.05,5.539,8.941,9.139,5.437,8.817,8.965,4.895,9.188,5.231,9.139,5.282,8.767,5.642,8.792,4.298
"328",2021-03-07 01:10:00,5.205,5.616,9.41,9.015,4.844,8.891,8.717,5.128,8.841,4.74,8.965,5.36,8.568,5.642,8.891,4.558
"329",2021-03-07 01:20:00,5.334,5.102,9.213,9.485,4.947,8.866,9.089,5.334,9.336,4.376,8.841,5.411,8.717,5.642,8.767,4.818
"330",2021-03-07 01:30:00,5.437,4.688,8.965,9.213,5.231,8.841,9.139,5.411,8.99,4.454,9.361,5.411,8.618,5.668,8.941,5.05
"331",2021-03-07 01:40:00,5.565,4.947,9.435,8.941,5.462,8.792,8.916,5.024,9.089,4.792,9.238,5.36,8.668,5.668,8.767,5.257
"332",2021-03-07 01:50:00,5.668,5.205,9.089,9.509,5.642,8.742,8.693,4.636,9.188,5.024,9.04,5.308,8.643,5.693,8.941,5.411
"333",2021-03-07 02:00:00,5.745,5.411,9.139,9.312,5.257,8.817,9.188,4.324,8.841,5.231,8.866,5.282,8.618,5.693,8.742,5.514
"334",2021-03-07 02:10:00,5.616,5.565,9.361,8.99,4.74,8.891,9.188,4.402,9.336,5.437,9.262,5.257,8.643,5.693,8.941,5.616
"335",2021-03-07 02:20:00,5.076,5.539,8.99,9.361,4.999,8.841,8.941,4.714,8.99,5.462,9.287,5.282,8.568,5.693,8.742,5.539
"336",2021-03-07 02:30:00,4.973,4.947,9.361,9.386,5.282,8.817,8.693,4.973,9.04,4.999,9.114,5.36,8.767,5.719,8.941,5.076
"337",2021-03-07 02:40:00,5.154,4.74,9.262,9.089,5.539,8.817,9.188,5.205,9.238,4.584,8.941,5.437,8.643,5.719,8.742,4.714
"338",2021-03-07 02:50:00,5.308,4.973,8.941,9.114,5.411,8.866,9.139,5.411,8.841,4.272,8.866,5.488,8.519,5.745,8.965,4.428
"339",2021-03-07 03:00:00,5.437,5.205,9.435,9.46,4.792,8.941,8.891,5.308,9.312,4.61,9.361,5.462,8.817,5.77,8.742,4.376
"340",2021-03-07 03:10:00,5.565,5.411,9.139,9.188,4.947,8.916,8.693,4.895,9.015,4.895,9.213,5.411,8.668,5.796,8.965,4.662
"341",2021-03-07 03:20:00,5.693,5.591,9.064,8.965,5.179,8.891,9.213,4.532,9.04,5.128,9.015,5.385,8.543,5.796,8.742,4.947
"342",2021-03-07 03:30:00,5.719,5.36,9.41,9.509,5.411,8.841,9.213,4.246,9.238,5.334,8.841,5.36,8.717,5.821,8.941,5.205
"343",2021-03-07 03:40:00,5.231,4.818,9.064,9.287,5.642,8.841,8.965,4.506,8.841,5.539,9.336,5.36,8.494,5.821,8.742,5.411
"344",2021-03-07 03:50:00,4.895,4.818,9.238,8.99,5.411,8.891,8.717,4.818,9.312,5.205,9.336,5.437,8.841,5.437,8.965,5.616
"345",2021-03-07 04:00:00,5.102,5.05,9.312,9.386,4.792,9.015,9.04,5.076,9.064,4.74,9.163,5.514,8.767,4.895,8.742,5.411
"346",2021-03-07 04:10:00,5.257,5.257,8.941,9.386,4.973,8.99,9.163,5.308,8.965,4.376,8.99,5.565,8.693,4.48,8.965,5.024
"347",2021-03-07 04:20:00,5.385,5.411,9.41,9.089,5.231,8.941,8.916,5.462,9.238,4.454,8.817,5.565,8.643,4.558,8.742,4.714
"348",2021-03-07 04:30:00,5.539,5.591,9.238,9.163,5.462,8.891,8.693,5.154,8.866,4.792,9.336,5.488,8.593,4.844,8.99,4.48
"349",2021-03-07 04:40:00,5.668,5.385,8.941,9.46,5.668,8.866,9.163,4.766,9.287,5.05,9.262,5.462,8.519,5.102,8.792,4.298
"350",2021-03-07 04:50:00,5.77,4.844,9.435,9.188,5.231,8.941,9.213,4.428,9.089,5.282,9.064,5.437,8.767,5.334,8.965,4.532
"351",2021-03-07 05:00:00,5.385,4.844,9.139,8.941,4.74,9.04,8.99,4.298,8.941,5.488,8.891,5.437,8.593,5.514,8.792,4.895
"352",2021-03-07 05:10:00,4.869,5.102,9.04,9.46,5.024,8.99,8.742,4.636,9.262,5.334,9.089,5.462,8.693,5.642,8.941,5.231
"353",2021-03-07 05:20:00,5.076,5.308,9.41,9.287,5.308,8.941,8.965,4.921,8.891,4.869,9.361,5.514,8.668,5.77,8.841,5.514
"354",2021-03-07 05:30:00,5.257,5.462,9.064,8.99,5.539,8.891,9.188,5.154,9.262,4.48,9.213,5.591,8.593,5.437,8.916,5.591
"355",2021-03-07 05:40:00,5.385,5.616,9.238,9.312,5.36,8.941,8.965,5.385,9.089,4.35,9.015,5.616,8.593,4.947,8.866,5.231
"356",2021-03-07 05:50:00,5.514,5.411,9.336,9.386,4.766,9.04,8.717,5.385,8.941,4.714,8.841,5.565,8.643,4.584,8.841,4.921
"357",2021-03-07 06:00:00,5.668,4.869,8.965,9.089,4.973,8.99,9.064,4.999,9.287,4.999,9.336,5.514,8.668,4.428,8.891,4.688
"358",2021-03-07 06:10:00,5.77,4.818,9.41,9.089,5.205,8.941,9.188,4.61,8.891,5.231,9.287,5.462,8.643,4.792,8.792,4.506
"359",2021-03-07 06:20:00,5.488,5.102,9.213,9.46,5.437,8.866,8.965,4.298,9.238,5.411,9.089,5.411,8.618,5.102,8.965,4.376
"360",2021-03-07 06:30:00,4.947,5.308,8.965,9.163,5.642,8.817,8.717,4.428,9.089,5.539,8.891,5.36,8.593,5.36,8.742,4.272
"361",2021-03-07 06:40:00,5.024,5.462,9.41,8.99,5.437,8.841,9.015,4.74,8.941,5.076,9.064,5.385,8.568,5.565,8.965,4.532
"362",2021-03-07 06:50:00,5.179,5.591,9.064,9.485,4.818,8.891,9.163,4.973,9.262,4.61,9.336,5.437,8.643,5.719,8.693,4.921
"363",2021-03-07 07:00:00,5.308,5.616,9.188,9.238,4.921,8.866,8.891,5.205,8.866,4.272,9.163,5.437,8.841,5.437,8.99,5.257
"364",2021-03-07 07:10:00,5.385,5.05,9.336,8.916,5.179,8.817,8.643,5.385,9.238,4.584,8.965,5.36,8.792,4.921,8.693,5.514
"365",2021-03-07 07:20:00,5.462,4.714,8.941,9.46,5.385,8.767,9.238,5.437,9.089,4.869,8.866,5.308,8.742,4.532,8.99,5.462
"366",2021-03-07 07:30:00,5.539,4.947,9.41,9.238,5.591,8.693,9.114,5.05,8.941,5.102,9.361,5.257,8.668,4.558,8.693,5.102
"367",2021-03-07 07:40:00,5.642,5.179,9.188,8.941,5.565,8.717,8.866,4.636,9.287,5.308,9.188,5.231,8.618,4.844,9.015,4.792
"368",2021-03-07 07:50:00,5.693,5.385,9.04,9.435,4.947,8.792,8.668,4.324,8.891,5.462,8.99,5.205,8.568,5.128,8.717,4.532
"369",2021-03-07 08:00:00,5.719,5.514,9.386,9.312,4.844,8.792,9.238,4.402,9.262,5.462,8.841,5.179,8.519,5.334,9.015,4.35
"370",2021-03-07 08:10:00,5.693,5.616,8.99,8.99,5.128,8.742,9.089,4.688,9.064,4.947,9.386,5.231,8.693,5.488,8.742,4.324
"371",2021-03-07 08:20:00,5.668,5.514,9.336,9.386,5.36,8.693,8.817,4.947,8.941,4.506,9.262,5.282,8.643,5.616,8.99,4.688
"372",2021-03-07 08:30:00,5.668,4.895,9.262,9.336,5.616,8.668,8.792,5.179,9.262,4.324,9.089,5.308,8.519,5.719,8.742,5.024
"373",2021-03-07 08:40:00,5.668,4.766,8.941,9.015,5.282,8.767,9.213,5.36,8.866,4.662,8.891,5.282,8.817,5.591,8.99,5.308
"374",2021-03-07 08:50:00,5.693,4.999,9.435,9.287,4.74,8.817,8.99,5.411,9.262,4.921,9.064,5.231,8.742,5.024,8.767,5.539
"375",2021-03-07 09:00:00,5.719,5.205,9.139,9.386,5.024,8.767,8.742,5.024,9.089,5.154,9.361,5.205,8.693,4.584,8.941,5.462
"376",2021-03-07 09:10:00,5.77,5.411,9.064,9.064,5.308,8.742,8.965,4.636,8.965,5.334,9.188,5.179,8.618,4.454,8.792,5.05
"377",2021-03-07 09:20:00,5.821,5.565,9.361,9.139,5.565,8.693,9.188,4.324,9.262,5.514,8.99,5.154,8.543,4.74,8.941,4.714
"378",2021-03-07 09:30:00,5.821,5.488,8.99,9.46,5.488,8.717,8.965,4.402,8.866,5.308,8.841,5.205,8.543,4.973,8.792,4.454
"379",2021-03-07 09:40:00,5.796,4.895,9.336,9.188,4.947,8.792,8.693,4.714,9.262,4.818,9.336,5.282,8.792,5.154,8.916,4.272
"380",2021-03-07 09:50:00,5.77,4.792,9.238,8.941,4.895,8.841,9.114,4.999,9.064,4.428,9.287,5.36,8.693,5.308,8.792,4.558
"381",2021-03-07 10:00:00,5.77,4.999,8.941,9.485,5.205,8.792,9.139,5.231,9.015,4.402,9.114,5.36,8.469,5.437,8.916,4.895
"382",2021-03-07 10:10:00,5.745,5.179,9.435,9.287,5.488,8.717,8.891,5.411,9.238,4.74,8.941,5.308,8.742,5.539,8.792,5.154
"383",2021-03-07 10:20:00,5.745,5.36,9.114,8.941,5.565,8.742,8.668,5.282,8.841,4.999,8.941,5.257,8.494,5.616,8.941,5.36
"384",2021-03-07 10:30:00,5.796,5.539,9.089,9.435,4.999,8.792,9.262,4.869,9.336,5.231,9.361,5.231,8.742,5.668,8.767,5.514
"385",2021-03-07 10:40:00,5.847,5.462,9.386,9.336,4.869,8.817,9.163,4.532,9.04,5.437,9.213,5.231,8.519,5.693,8.941,5.591
"386",2021-03-07 10:50:00,5.668,4.947,9.04,9.04,5.205,8.792,8.941,4.246,8.99,5.437,9.04,5.257,8.792,5.745,8.742,5.179
"387",2021-03-07 11:00:00,5.128,4.792,9.262,9.238,5.514,8.767,8.717,4.532,9.287,4.973,8.891,5.334,8.767,5.77,8.941,4.792
"388",2021-03-07 11:10:00,4.921,5.05,9.312,9.46,5.437,8.841,9.114,4.844,8.891,4.558,9.114,5.411,8.717,5.462,8.742,4.532
"389",2021-03-07 11:20:00,5.128,5.257,8.941,9.163,4.869,8.916,9.163,5.102,9.262,4.298,9.361,5.462,8.693,4.869,8.965,4.324
"390",2021-03-07 11:30:00,5.282,5.437,9.41,8.965,4.921,8.916,8.916,5.334,9.114,4.636,9.188,5.437,8.693,4.428,8.742,4.246
"391",2021-03-07 11:40:00,5.411,5.591,9.213,9.509,5.231,8.866,8.693,5.334,8.891,4.947,9.04,5.411,8.593,4.48,8.941,4.558
"392",2021-03-07 11:50:00,5.591,5.257,8.965,9.262,5.514,8.841,9.262,4.973,9.336,5.205,8.866,5.385,8.643,4.74,8.742,4.869
"393",2021-03-07 12:00:00,5.719,4.792,9.435,8.99,5.462,8.891,9.188,4.636,8.99,5.437,9.262,5.385,8.643,4.947,8.941,5.102
"394",2021-03-07 12:10:00,5.539,4.895,9.139,9.435,4.921,9.015,8.99,4.35,9.139,5.308,9.336,5.437,8.568,5.102,8.717,5.282
"395",2021-03-07 12:20:00,5.05,5.205,9.089,9.386,4.947,9.064,8.792,4.376,9.188,4.869,9.213,5.539,8.668,5.231,8.965,5.437
"396",2021-03-07 12:30:00,4.947,5.437,9.41,9.114,5.308,9.04,8.841,4.766,8.841,4.532,9.064,5.642,8.543,5.308,8.693,5.565
"397",2021-03-07 12:40:00,5.205,5.565,9.089,9.089,5.565,9.064,9.238,5.076,9.336,4.324,8.941,5.565,8.717,5.385,8.99,5.514
"398",2021-03-07 12:50:00,5.437,5.05,9.163,9.534,5.128,9.188,9.064,5.36,9.064,4.74,8.841,5.024,8.494,5.462,8.668,5.076
"399",2021-03-07 13:00:00,5.668,4.74,9.41,9.336,4.818,8.742,8.866,5.257,8.965,5.102,9.41,4.662,8.792,5.514,8.965,4.688
"400",2021-03-07 13:10:00,5.539,5.102,9.089,9.064,5.154,8.643,8.717,4.921,9.312,5.411,9.361,4.428,8.693,5.539,8.668,4.402
"401",2021-03-07 13:20:00,5.128,5.437,9.139,9.114,5.514,8.792,9.213,4.636,8.99,5.205,9.238,4.532,8.593,5.591,8.965,4.298
"402",2021-03-07 13:30:00,4.818,5.308,9.386,9.509,5.437,8.965,9.262,4.402,9.114,4.818,9.089,4.999,8.494,5.616,8.643,4.61
"403",2021-03-07 13:40:00,5.102,4.869,9.089,9.312,4.947,9.188,9.089,4.324,9.238,4.532,8.99,5.36,8.693,5.642,8.965,4.869
"404",2021-03-07 13:50:00,5.385,4.869,9.139,9.064,4.947,8.742,8.916,4.74,8.891,4.324,8.891,5.539,8.469,5.642,8.668,5.102
"405",2021-03-07 14:00:00,5.616,5.179,9.435,9.139,5.308,8.693,8.742,5.102,9.336,4.662,8.99,5.05,8.717,5.668,8.941,5.282
"406",2021-03-07 14:10:00,5.642,5.462,9.114,9.509,5.591,8.817,9.064,5.334,9.163,5.05,9.41,4.662,8.469,5.668,8.668,5.437
"407",2021-03-07 14:20:00,5.257,5.385,9.163,9.287,5.179,9.04,9.287,5.05,8.866,5.36,9.312,4.454,8.742,5.693,8.941,5.565
"408",2021-03-07 14:30:00,4.921,4.973,9.41,9.04,4.792,9.188,9.139,4.74,9.361,5.231,9.188,4.428,8.494,5.693,8.668,5.565
"409",2021-03-07 14:40:00,4.869,4.766,9.114,9.163,5.179,8.99,8.965,4.506,9.089,4.869,9.064,4.895,8.841,5.693,8.916,5.128
"410",2021-03-07 14:50:00,5.231,5.128,9.089,9.509,5.539,8.643,8.817,4.298,8.965,4.558,8.941,5.231,8.742,5.719,8.693,4.74
"411",2021-03-07 15:00:00,5.488,5.411,9.41,9.262,5.205,8.866,8.717,4.584,9.287,4.298,8.841,5.462,8.643,5.719,8.941,4.428
"412",2021-03-07 15:10:00,5.668,5.514,9.089,9.015,4.792,9.064,9.312,4.947,8.941,4.662,9.361,5.539,8.543,5.745,8.693,4.298
"413",2021-03-07 15:20:00,5.565,5.024,9.188,9.312,5.128,9.089,9.188,5.257,9.238,5.024,9.361,5.05,8.618,5.77,8.941,4.584
"414",2021-03-07 15:30:00,5.154,4.766,9.386,9.485,5.462,9.089,8.99,5.282,9.213,5.36,9.238,4.662,8.543,5.77,8.693,4.869
"415",2021-03-07 15:40:00,4.818,5.154,9.089,9.262,5.462,9.163,8.841,4.973,8.866,5.205,9.089,4.48,8.742,5.77,8.941,5.102
"416",2021-03-07 15:50:00,4.999,5.488,9.139,9.04,4.999,8.891,8.717,4.688,9.336,4.844,8.99,4.402,8.568,5.77,8.693,5.308
"417",2021-03-07 16:00:00,5.385,5.257,9.41,9.287,4.921,8.717,9.287,4.454,9.139,4.558,8.891,4.376,8.717,5.77,8.941,5.462
"418",2021-03-07 16:10:00,5.642,4.844,9.114,9.485,5.308,8.841,9.287,4.272,8.866,4.324,9.064,4.818,8.618,5.77,8.693,5.616
"419",2021-03-07 16:20:00,5.282,4.869,9.139,9.238,5.514,8.965,9.089,4.636,9.336,4.662,9.386,5.128,8.618,5.77,8.916,5.334
"420",2021-03-07 16:30:00,4.869,5.205,9.41,8.965,4.999,9.139,8.891,4.999,9.04,5.024,9.238,5.282,8.792,5.796,8.717,4.921
"421",2021-03-07 16:40:00,4.973,5.437,9.064,9.435,4.895,9.188,8.693,5.282,8.99,5.308,9.089,5.411,8.717,5.642,8.941,4.61
"422",2021-03-07 16:50:00,5.257,5.411,9.188,9.386,5.205,9.139,9.238,5.231,9.287,5.334,8.965,5.488,8.693,5.024,8.693,4.376
"423",2021-03-07 17:00:00,5.539,4.947,9.386,9.139,5.565,9.139,9.238,4.895,8.941,4.947,8.841,5.539,8.693,4.558,8.916,4.22
"424",2021-03-07 17:10:00,5.565,4.818,9.064,8.99,5.205,9.213,9.064,4.636,9.238,4.636,9.361,5.076,8.668,4.428,8.717,4.428
"425",2021-03-07 17:20:00,5.179,5.205,9.213,9.534,4.766,8.693,8.891,4.402,9.188,4.402,9.386,4.792,8.469,4.688,8.916,4.766
"426",2021-03-07 17:30:00,4.844,5.514,9.386,9.361,5.102,8.767,8.767,4.324,8.841,4.48,9.262,4.558,8.742,4.921,8.742,5.024
"427",2021-03-07 17:40:00,4.999,5.205,9.064,9.139,5.488,8.841,8.941,4.74,9.336,4.895,9.139,4.376,8.494,5.102,8.891,5.282
"428",2021-03-07 17:50:00,5.308,4.74,9.213,8.99,5.334,9.015,9.287,5.076,9.089,5.231,9.015,4.636,8.767,5.282,8.717,5.462
"429",2021-03-07 18:00:00,5.514,4.947,9.386,9.534,4.818,9.163,9.114,5.36,8.941,5.385,8.891,4.999,8.543,5.411,8.916,5.616
"430",2021-03-07 18:10:00,5.693,5.257,9.064,9.336,5.05,9.188,8.941,5.128,9.336,4.999,9.015,5.282,8.792,5.514,8.742,5.257
"431",2021-03-07 18:20:00,5.334,5.539,9.262,9.089,5.411,9.188,8.792,4.818,8.99,4.662,9.386,5.514,8.767,5.616,8.916,4.869
"432",2021-03-07 18:30:00,4.973,5.205,9.386,9.114,5.411,9.139,8.767,4.532,9.114,4.402,9.287,5.334,8.693,5.693,8.717,4.584
"433",2021-03-07 18:40:00,4.714,4.844,9.089,9.534,4.921,8.693,9.312,4.324,9.262,4.428,9.188,4.947,8.593,5.745,8.941,4.376
"434",2021-03-07 18:50:00,5.076,4.895,9.163,9.312,4.973,8.866,9.188,4.454,8.916,4.869,9.064,4.61,8.568,5.462,8.717,4.22
"435",2021-03-07 19:00:00,5.36,5.205,9.386,9.064,5.282,8.941,8.99,4.844,9.287,5.205,8.941,4.376,8.568,4.869,8.941,4.402
"436",2021-03-07 19:10:00,5.539,5.437,9.04,9.188,5.565,8.99,8.817,5.179,9.139,5.411,8.841,4.584,8.543,4.428,8.717,4.74
"437",2021-03-07 19:20:00,5.719,5.514,9.213,9.485,5.231,9.114,8.792,5.308,8.866,5.024,9.386,4.999,8.742,4.558,8.916,5.024
"438",2021-03-07 19:30:00,5.462,5.05,9.361,9.262,4.766,9.139,9.312,4.999,9.336,4.688,9.312,5.308,8.568,4.792,8.742,5.257
"439",2021-03-07 19:40:00,5.076,4.714,9.04,9.015,5.128,8.618,9.188,4.714,9.04,4.428,9.188,5.539,8.742,5.024,8.891,5.462
"440",2021-03-07 19:50:00,4.766,5.102,9.262,9.336,5.462,8.742,9.015,4.454,9.04,4.428,9.064,5.154,8.593,5.179,8.767,5.591
"441",2021-03-07 20:00:00,5.024,5.411,9.361,9.46,5.36,8.916,8.841,4.272,9.262,4.844,8.941,4.74,8.668,5.308,8.866,5.257
"442",2021-03-07 20:10:00,5.308,5.437,9.04,9.213,4.818,9.114,8.693,4.662,8.916,5.179,8.866,4.428,8.817,5.411,8.792,4.844
"443",2021-03-07 20:20:00,5.514,4.921,9.312,8.965,4.999,9.139,9.238,4.999,9.312,5.411,9.386,4.48,8.693,5.488,8.841,4.532
"444",2021-03-07 20:30:00,5.668,4.818,9.336,9.435,5.334,9.139,9.139,5.282,9.139,5.076,9.312,4.895,8.593,5.565,8.817,4.272
"445",2021-03-07 20:40:00,5.693,5.102,8.965,9.41,5.539,9.139,8.916,5.257,8.866,4.688,9.139,5.205,8.519,5.616,8.841,4.48
"446",2021-03-07 20:50:00,5.282,5.411,9.41,9.139,5.076,9.213,8.767,4.921,9.336,4.402,9.015,5.411,8.693,5.642,8.817,4.766
"447",2021-03-07 21:00:00,4.895,5.462,9.287,8.99,4.844,8.643,8.965,4.61,9.04,4.454,8.866,5.539,8.494,5.668,8.841,5.024
"448",2021-03-07 21:10:00,4.921,4.999,8.941,9.509,5.154,8.693,9.262,4.376,9.015,4.844,9.262,5.565,8.717,5.668,8.841,5.205
"449",2021-03-07 21:20:00,5.205,4.766,9.46,9.287,5.437,8.792,9.089,4.376,9.262,5.154,9.312,5.565,8.444,5.668,8.841,5.36
"450",2021-03-07 21:30:00,5.411,5.024,9.238,8.99,5.539,8.891,8.866,4.74,8.891,5.385,9.163,5.539,8.767,5.668,8.841,5.488
"451",2021-03-07 21:40:00,5.539,5.257,8.965,9.336,4.999,9.04,8.742,5.05,9.262,5.308,8.99,5.565,8.469,5.668,8.817,5.565
"452",2021-03-07 21:50:00,5.642,5.462,9.46,9.386,4.895,9.089,9.238,5.308,9.139,4.869,8.866,5.565,8.767,5.642,8.866,5.642
"453",2021-03-07 22:00:00,5.77,5.514,9.163,9.114,5.231,9.064,9.089,5.282,8.891,4.532,9.287,5.05,8.519,5.616,8.792,5.36
"454",2021-03-07 22:10:00,5.411,5.05,9.04,9.04,5.539,9.04,8.916,4.921,9.336,4.298,9.336,4.688,8.841,5.616,8.916,4.895
"455",2021-03-07 22:20:00,4.999,4.714,9.435,9.509,5.231,9.139,8.742,4.61,9.015,4.688,9.213,4.428,8.742,5.616,8.767,4.506
"456",2021-03-07 22:30:00,4.792,5.076,9.139,9.262,4.766,9.139,9.139,4.376,9.064,5.024,9.04,4.48,8.593,5.616,8.916,4.272
"457",2021-03-07 22:40:00,5.102,5.334,9.064,8.99,5.05,8.593,9.238,4.402,9.213,5.282,8.891,4.792,8.593,5.591,8.717,4.48
"458",2021-03-07 22:50:00,5.308,5.514,9.41,9.41,5.308,8.643,9.015,4.74,8.841,5.488,9.089,4.999,8.618,5.565,8.941,4.74
"459",2021-03-07 23:00:00,5.462,5.36,9.064,9.386,5.565,8.717,8.767,5.05,9.336,5.102,9.361,5.205,8.593,5.565,8.693,4.947
"460",2021-03-07 23:10:00,5.591,4.818,9.238,9.089,5.308,8.891,8.941,5.308,9.114,4.714,9.238,5.385,8.668,5.539,8.941,5.102
"461",2021-03-07 23:20:00,5.693,4.844,9.336,9.089,4.766,9.015,9.188,5.36,8.941,4.376,9.064,5.514,8.568,5.514,8.668,5.231
"462",2021-03-07 23:30:00,5.642,5.128,8.99,9.485,5.024,9.015,8.99,4.999,9.312,4.48,8.916,5.539,8.668,5.514,8.965,5.334
"463",2021-03-07 23:40:00,5.205,5.411,9.386,9.213,5.308,8.99,8.792,4.636,8.941,4.818,8.99,5.488,8.568,5.488,8.668,5.437
"464",2021-03-07 23:50:00,4.792,5.565,9.287,8.916,5.539,8.965,8.841,4.35,9.163,5.102,9.361,5.462,8.693,5.488,8.965,5.514
"465",2021-03-08 00:00:00,5.076,5.076,8.941,9.485,5.462,8.99,9.238,4.402,9.163,5.334,9.238,5.437,8.519,5.462,8.668,5.565
"466",2021-03-08 00:10:00,5.282,4.74,9.435,9.336,4.895,9.089,9.04,4.74,8.841,5.488,9.064,5.437,8.668,5.462,8.941,5.591
"467",2021-03-08 00:20:00,5.411,4.973,9.213,9.04,4.921,9.064,8.792,5.024,9.336,5.076,8.916,5.488,8.519,5.462,8.643,5.616
"468",2021-03-08 00:30:00,5.514,5.179,8.99,9.287,5.231,8.99,8.841,5.257,9.015,4.662,9.04,5.514,8.693,5.437,8.941,5.616
"469",2021-03-08 00:40:00,5.565,5.36,9.435,9.386,5.488,8.916,9.238,5.437,9.04,4.324,9.336,5.539,8.543,5.437,8.668,5.128
"470",2021-03-08 00:50:00,5.668,5.539,9.089,9.089,5.437,8.941,9.04,5.102,9.213,4.532,9.188,5.488,8.817,5.437,8.916,4.688
"471",2021-03-08 01:00:00,5.745,5.462,9.139,9.163,4.844,9.015,8.817,4.714,8.841,4.844,8.99,5.411,8.643,5.437,8.668,4.324
"472",2021-03-08 01:10:00,5.462,4.921,9.361,9.435,4.947,8.965,8.792,4.402,9.336,5.076,8.841,5.36,8.494,5.462,8.916,4.376
"473",2021-03-08 01:20:00,4.947,4.792,9.015,9.139,5.205,8.916,9.238,4.324,9.015,5.308,9.361,5.334,8.693,5.462,8.717,4.636
"474",2021-03-08 01:30:00,4.947,4.999,9.312,9.015,5.437,8.841,9.015,4.636,9.015,5.488,9.238,5.308,8.519,5.437,8.916,4.844
"475",2021-03-08 01:40:00,5.102,5.205,9.287,9.485,5.642,8.817,8.767,4.921,9.213,5.282,9.064,5.308,8.693,5.437,8.742,5.024
"476",2021-03-08 01:50:00,5.257,5.36,8.916,9.238,5.205,8.891,8.965,5.154,8.841,4.818,8.891,5.385,8.519,5.437,8.891,5.154
"477",2021-03-08 02:00:00,5.36,5.514,9.435,8.941,4.766,8.941,9.188,5.36,9.312,4.454,9.163,5.437,8.693,5.437,8.742,5.282
"478",2021-03-08 02:10:00,5.462,5.616,9.163,9.46,5.05,8.891,8.965,5.334,8.99,4.376,9.336,5.437,8.494,5.437,8.866,5.36
"479",2021-03-08 02:20:00,5.591,5.128,9.015,9.312,5.308,8.841,8.742,4.921,9.064,4.714,9.139,5.385,8.693,5.411,8.792,5.437
"480",2021-03-08 02:30:00,5.693,4.688,9.41,9.015,5.539,8.817,9.04,4.558,9.188,4.999,8.965,5.36,8.469,5.411,8.841,5.488
"481",2021-03-08 02:40:00,5.77,4.947,9.064,9.312,5.539,8.841,9.188,4.272,8.841,5.205,8.841,5.308,8.717,5.411,8.792,5.539
"482",2021-03-08 02:50:00,5.411,5.154,9.238,9.386,4.921,8.891,8.941,4.506,9.336,5.411,9.361,5.282,8.469,5.411,8.817,5.591
"483",2021-03-08 03:00:00,4.869,5.36,9.312,9.064,4.869,8.891,8.693,4.792,8.99,5.514,9.238,5.282,8.717,5.437,8.817,5.642
"484",2021-03-08 03:10:00,5.024,5.488,8.941,9.163,5.154,8.866,9.163,5.05,9.04,5.076,9.04,5.334,8.469,5.437,8.792,5.668
"485",2021-03-08 03:20:00,5.179,5.616,9.41,9.435,5.411,8.817,9.114,5.282,9.213,4.636,8.866,5.385,8.742,5.437,8.866,5.411
"486",2021-03-08 03:30:00,5.308,5.385,9.188,9.114,5.616,8.817,8.841,5.462,8.817,4.298,9.262,5.437,8.543,5.437,8.792,4.921
"487",2021-03-08 03:40:00,5.462,4.844,9.015,9.04,5.128,8.891,8.767,5.179,9.312,4.558,9.336,5.411,8.792,5.462,8.891,4.532
"488",2021-03-08 03:50:00,5.591,4.844,9.41,9.485,4.792,8.941,9.262,4.792,9.015,4.844,9.139,5.385,8.742,5.462,8.742,4.298
"489",2021-03-08 04:00:00,5.719,5.102,9.064,9.213,5.05,8.891,9.089,4.454,9.04,5.102,8.965,5.334,8.543,5.488,8.941,4.532
"490",2021-03-08 04:10:00,5.77,5.334,9.213,8.941,5.282,8.841,8.866,4.246,9.238,5.308,8.866,5.308,8.742,5.488,8.717,4.792
"491",2021-03-08 04:20:00,5.77,5.462,9.312,9.46,5.488,8.792,8.742,4.584,8.841,5.462,9.361,5.257,8.568,5.514,8.941,4.999
"492",2021-03-08 04:30:00,5.745,5.591,8.916,9.238,5.668,8.767,9.238,4.869,9.287,5.411,9.213,5.282,8.742,5.514,8.693,5.179
"493",2021-03-08 04:40:00,5.745,5.539,9.41,8.941,5.205,8.866,9.015,5.102,9.089,4.921,9.04,5.36,8.593,5.539,8.965,5.334
"494",2021-03-08 04:50:00,5.77,4.973,9.188,9.46,4.766,8.941,8.767,5.308,8.941,4.532,8.866,5.437,8.668,5.565,8.668,5.462
"495",2021-03-08 05:00:00,5.796,4.74,8.965,9.336,5.076,8.916,8.965,5.462,9.287,4.324,9.262,5.488,8.643,5.565,8.965,5.565
"496",2021-03-08 05:10:00,5.847,5.024,9.41,9.015,5.308,8.866,9.238,5.102,8.891,4.662,9.336,5.437,8.593,5.591,8.668,5.642
"497",2021-03-08 05:20:00,5.591,5.257,9.089,9.262,5.539,8.841,9.015,4.714,9.238,4.947,9.163,5.385,8.668,5.616,8.99,5.539
"498",2021-03-08 05:30:00,5.102,5.488,9.163,9.435,5.642,8.841,8.817,4.402,9.114,5.179,8.99,5.36,8.543,5.642,8.693,5.076
"499",2021-03-08 05:40:00,4.895,5.539,9.336,9.114,5.076,8.941,8.792,4.324,8.891,5.385,8.841,5.334,8.841,5.693,8.99,4.714
"500",2021-03-08 05:50:00,5.102,4.973,8.99,9.04,4.818,8.941,9.238,4.662,9.287,5.539,9.336,5.334,8.742,5.719,8.693,4.454
"501",2021-03-08 06:00:00,5.282,4.74,9.361,9.46,5.102,8.891,9.04,4.947,8.916,5.179,9.287,5.385,8.643,5.77,8.99,4.298
"502",2021-03-08 06:10:00,5.385,4.947,9.238,9.188,5.36,8.866,8.767,5.179,9.163,4.714,9.114,5.437,8.519,5.821,8.668,4.61
"503",2021-03-08 06:20:00,5.462,5.154,8.941,8.941,5.616,8.841,8.99,5.36,9.163,4.376,8.941,5.488,8.841,5.616,8.99,4.947
"504",2021-03-08 06:30:00,5.539,5.334,9.435,9.485,5.231,8.866,9.213,5.411,8.866,4.48,8.891,5.462,8.792,5.05,8.693,5.257
"505",2021-03-08 06:40:00,5.642,5.514,9.139,9.287,4.766,8.941,8.99,5.024,9.312,4.792,9.336,5.411,8.717,4.636,8.99,5.514
"506",2021-03-08 06:50:00,5.745,5.591,9.064,8.965,4.999,8.866,8.767,4.636,8.965,5.05,9.213,5.36,8.593,4.506,8.693,5.616
"507",2021-03-08 07:00:00,5.745,5.076,9.41,9.41,5.257,8.841,8.941,4.324,9.139,5.257,9.04,5.334,8.717,4.818,8.99,5.231
"508",2021-03-08 07:10:00,5.282,4.714,9.04,9.386,5.488,8.817,9.213,4.402,9.163,5.462,8.866,5.308,8.841,5.102,8.717,4.895
"509",2021-03-08 07:20:00,4.895,4.947,9.262,9.064,5.668,8.767,8.965,4.714,8.841,5.462,9.188,5.308,8.767,5.334,8.99,4.636
"510",2021-03-08 07:30:00,5.076,5.154,9.287,9.213,5.205,8.841,8.693,4.999,9.287,4.973,9.336,5.36,8.717,5.514,8.717,4.428
"511",2021-03-08 07:40:00,5.205,5.334,8.916,9.435,4.766,8.891,9.188,5.205,8.941,4.558,9.188,5.411,8.643,5.642,8.99,4.272
"512",2021-03-08 07:50:00,5.334,5.462,9.435,9.114,5.05,8.817,9.139,5.411,9.139,4.272,9.015,5.437,8.593,5.745,8.717,4.558
"513",2021-03-08 08:00:00,5.411,5.591,9.163,9.064,5.282,8.742,8.866,5.308,9.163,4.584,8.841,5.36,8.519,5.385,8.99,4.895
"514",2021-03-08 08:10:00,5.539,5.231,9.04,9.46,5.514,8.693,8.717,4.895,8.841,4.869,9.336,5.282,8.792,4.844,8.717,5.179
"515",2021-03-08 08:20:00,5.616,4.688,9.386,9.188,5.642,8.693,9.238,4.532,9.312,5.102,9.287,5.257,8.742,4.454,8.99,5.411
"516",2021-03-08 08:30:00,5.693,4.921,9.015,8.965,5.102,8.767,9.114,4.246,8.941,5.308,9.114,5.231,8.519,4.584,8.693,5.591
"517",2021-03-08 08:40:00,5.719,5.128,9.287,9.485,4.818,8.792,8.866,4.532,9.139,5.488,8.941,5.205,8.792,4.869,8.99,5.411
"518",2021-03-08 08:50:00,5.693,5.282,9.262,9.238,5.05,8.742,8.717,4.818,9.139,5.385,8.891,5.205,8.717,5.102,8.717,4.999
"519",2021-03-08 09:00:00,5.693,5.437,8.916,8.941,5.308,8.693,9.262,5.076,8.866,4.895,9.386,5.257,8.643,5.282,8.99,4.688
"520",2021-03-08 09:10:00,5.668,5.539,9.435,9.435,5.565,8.668,9.064,5.282,9.312,4.506,9.262,5.334,8.568,5.411,8.717,4.454
"521",2021-03-08 09:20:00,5.668,5.642,9.139,9.312,5.385,8.742,8.817,5.462,8.941,4.324,9.114,5.36,8.519,5.539,8.965,4.298
"522",2021-03-08 09:30:00,5.719,5.205,9.064,9.015,4.792,8.841,8.916,5.154,9.188,4.662,8.941,5.308,8.792,5.642,8.717,4.454
"523",2021-03-08 09:40:00,5.796,4.688,9.386,9.262,4.947,8.841,9.238,4.766,9.139,4.947,8.866,5.282,8.593,5.719,8.99,4.766
"524",2021-03-08 09:50:00,5.821,4.947,9.015,9.41,5.205,8.792,9.04,4.428,8.891,5.179,9.386,5.257,8.693,5.77,8.717,5.05
"525",2021-03-08 10:00:00,5.411,5.205,9.287,9.114,5.437,8.742,8.841,4.272,9.287,5.385,9.287,5.231,8.668,5.796,8.99,5.282
"526",2021-03-08 10:10:00,4.869,5.385,9.312,9.089,5.642,8.717,8.841,4.636,8.916,5.539,9.114,5.231,8.519,5.462,8.742,5.462
"527",2021-03-08 10:20:00,5.024,5.539,8.941,9.46,5.36,8.767,9.238,4.921,9.188,5.102,8.965,5.282,8.817,4.869,8.965,5.591
"528",2021-03-08 10:30:00,5.205,5.565,9.435,9.213,4.792,8.866,9.04,5.179,9.139,4.688,8.841,5.36,8.717,4.428,8.742,5.334
"529",2021-03-08 10:40:00,5.334,4.999,9.213,8.941,4.999,8.866,8.792,5.411,8.866,4.35,9.386,5.437,8.618,4.584,8.965,4.947
"530",2021-03-08 10:50:00,5.488,4.792,8.99,9.509,5.282,8.841,8.891,5.282,9.336,4.506,9.312,5.437,8.543,4.844,8.742,4.636
"531",2021-03-08 11:00:00,5.616,5.05,9.435,9.336,5.539,8.792,9.262,4.895,8.99,4.818,9.163,5.385,8.767,5.076,8.941,4.402
"532",2021-03-08 11:10:00,5.745,5.308,9.114,9.04,5.488,8.841,9.089,4.584,9.089,5.102,9.015,5.36,8.742,5.257,8.717,4.272
"533",2021-03-08 11:20:00,5.514,5.514,9.114,9.213,4.895,8.941,8.891,4.298,9.238,5.334,8.891,5.334,8.618,5.385,8.965,4.584
"534",2021-03-08 11:30:00,4.999,5.36,9.386,9.435,4.921,8.941,8.693,4.48,8.841,5.514,9.139,5.334,8.618,5.488,8.717,4.869
"535",2021-03-08 11:40:00,4.973,4.844,9.04,9.188,5.231,8.916,9.238,4.818,9.336,5.154,9.386,5.411,8.693,5.565,8.99,5.128
"536",2021-03-08 11:50:00,5.179,4.844,9.262,8.941,5.514,8.866,9.163,5.102,9.089,4.74,9.287,5.488,8.494,5.616,8.693,5.334
"537",2021-03-08 12:00:00,5.334,5.076,9.312,9.485,5.36,8.941,8.941,5.36,8.941,4.428,9.139,5.565,8.742,5.668,8.99,5.514
"538",2021-03-08 12:10:00,5.514,5.334,8.941,9.312,4.792,9.04,8.742,5.282,9.287,4.454,8.99,5.565,8.469,5.693,8.693,5.616
"539",2021-03-08 12:20:00,5.668,5.539,9.435,9.04,4.947,9.015,9.114,4.921,8.916,4.792,8.866,5.514,8.792,5.719,8.965,5.308
"540",2021-03-08 12:30:00,5.591,5.205,9.238,9.238,5.231,8.965,9.262,4.584,9.188,5.102,9.312,5.488,8.693,5.745,8.668,4.921
"541",2021-03-08 12:40:00,5.154,4.74,8.941,9.435,5.514,8.941,9.089,4.324,9.163,5.36,9.336,5.488,8.618,5.77,8.99,4.61
"542",2021-03-08 12:50:00,4.818,4.947,9.435,9.188,5.539,8.99,8.891,4.428,8.841,5.437,9.213,5.514,8.568,5.36,8.668,4.402
"543",2021-03-08 13:00:00,5.076,5.205,9.188,8.941,4.999,9.089,8.717,4.792,9.336,5.05,9.064,5.591,8.593,4.818,8.99,4.246
"544",2021-03-08 13:10:00,5.308,5.437,8.99,9.485,4.895,9.139,9.238,5.102,9.04,4.688,8.941,5.668,8.618,4.402,8.668,4.324
"545",2021-03-08 13:20:00,5.514,5.565,9.46,9.386,5.231,9.114,9.163,5.36,8.99,4.402,8.841,5.385,8.469,4.532,8.99,4.662
"546",2021-03-08 13:30:00,5.719,5.102,9.188,9.139,5.565,9.114,8.99,5.231,9.312,4.48,9.386,4.921,8.792,4.792,8.668,4.973
"547",2021-03-08 13:40:00,5.488,4.74,9.015,8.941,5.257,9.238,8.841,4.921,8.99,4.921,9.361,4.636,8.543,5.024,8.99,5.205
"548",2021-03-08 13:50:00,5.102,5.076,9.46,9.534,4.766,8.693,8.742,4.636,9.139,5.257,9.238,4.454,8.742,5.205,8.668,5.411
"549",2021-03-08 14:00:00,4.818,5.437,9.188,9.435,5.128,8.767,9.04,4.428,9.238,5.36,9.139,4.428,8.593,5.334,8.99,5.591
"550",2021-03-08 14:10:00,4.999,5.308,8.941,9.188,5.488,8.916,9.312,4.272,8.916,4.999,9.015,4.895,8.693,5.462,8.693,5.385
"551",2021-03-08 14:20:00,5.308,4.844,9.485,8.965,5.308,9.114,9.139,4.662,9.287,4.688,8.941,5.282,8.841,5.565,8.99,5.024
"552",2021-03-08 14:30:00,5.565,4.895,9.238,9.485,4.818,9.064,8.965,5.05,9.188,4.454,8.841,5.539,8.742,5.693,8.693,4.74
"553",2021-03-08 14:40:00,5.668,5.231,8.941,9.435,5.05,8.668,8.817,5.308,8.841,4.376,9.361,5.179,8.693,5.745,8.99,4.532
"554",2021-03-08 14:50:00,5.334,5.539,9.485,9.188,5.385,8.817,8.717,5.076,9.361,4.792,9.336,4.792,8.717,5.282,8.742,4.402
"555",2021-03-08 15:00:00,4.999,5.231,9.287,8.99,5.565,8.99,9.312,4.792,9.139,5.179,9.238,4.558,8.742,4.792,8.99,4.298
"556",2021-03-08 15:10:00,4.766,4.869,9.015,9.386,5.102,9.188,9.287,4.584,8.891,5.411,9.114,4.454,8.767,4.428,8.742,4.246
"557",2021-03-08 15:20:00,5.024,4.921,9.386,9.485,4.844,8.767,9.139,4.376,9.361,5.076,9.04,4.428,8.693,4.558,8.99,4.61
"558",2021-03-08 15:30:00,5.411,5.282,9.336,9.262,5.257,8.717,9.015,4.324,9.064,4.792,8.941,4.428,8.494,4.844,8.742,4.947
"559",2021-03-08 15:40:00,5.668,5.514,9.04,9.064,5.514,8.891,8.866,4.766,8.99,4.532,8.841,4.402,8.767,5.102,8.99,5.231
"560",2021-03-08 15:50:00,5.411,5.102,9.336,9.114,5.102,9.089,8.717,5.128,9.287,4.35,9.361,4.402,8.519,5.308,8.767,5.488
"561",2021-03-08 16:00:00,5.05,4.74,9.386,9.534,4.818,9.114,9.238,5.282,8.99,4.584,9.386,4.376,8.792,5.462,8.965,5.565
"562",2021-03-08 16:10:00,4.792,5.05,9.089,9.336,5.154,8.618,9.262,4.999,9.114,4.999,9.262,4.61,8.668,5.616,8.792,5.205
"563",2021-03-08 16:20:00,5.05,5.411,9.213,9.114,5.462,8.767,9.114,4.74,9.287,5.308,9.114,4.947,8.618,5.719,8.941,4.869
"564",2021-03-08 16:30:00,5.411,5.36,9.386,9.04,5.437,8.965,8.965,4.506,8.941,5.282,9.015,5.231,8.593,5.565,8.817,4.636
"565",2021-03-08 16:40:00,5.616,4.947,9.089,9.534,4.947,9.139,8.841,4.298,9.238,4.947,8.916,5.488,8.618,4.999,8.891,4.454
"566",2021-03-08 16:50:00,5.257,4.792,9.213,9.336,4.973,8.891,8.717,4.584,9.188,4.662,8.866,5.334,8.668,4.558,8.841,4.298
"567",2021-03-08 17:00:00,4.895,5.154,9.41,9.114,5.36,8.643,9.238,4.947,8.866,4.428,9.41,4.947,8.693,4.454,8.866,4.324
"568",2021-03-08 17:10:00,4.921,5.462,9.089,8.965,5.411,8.817,9.238,5.282,9.361,4.428,9.361,4.662,8.568,4.792,8.866,4.688
"569",2021-03-08 17:20:00,5.308,5.334,9.139,9.534,4.895,9.04,9.064,5.102,9.114,4.869,9.238,4.454,8.742,5.05,8.817,5.05
"570",2021-03-08 17:30:00,5.616,4.895,9.435,9.361,4.973,9.114,8.916,4.818,8.916,5.231,9.139,4.428,8.668,5.257,8.891,5.334
"571",2021-03-08 17:40:00,5.437,4.844,9.114,9.114,5.308,9.139,8.817,4.558,9.361,5.385,9.015,4.818,8.494,5.462,8.792,5.565
"572",2021-03-08 17:50:00,5.05,5.205,9.089,9.015,5.565,9.163,8.767,4.324,9.04,5.024,8.891,5.179,8.742,5.616,8.916,5.437
"573",2021-03-08 18:00:00,4.766,5.514,9.435,9.534,5.154,9.04,9.287,4.48,9.04,4.688,9.04,5.437,8.643,5.719,8.742,5.076
"574",2021-03-08 18:10:00,5.102,5.128,9.114,9.336,4.818,8.693,9.163,4.869,9.287,4.454,9.41,5.462,8.618,5.539,8.941,4.792
"575",2021-03-08 18:20:00,5.385,4.714,9.089,9.114,5.205,8.792,8.99,5.205,8.965,4.324,9.336,5.024,8.643,4.999,8.717,4.584
"576",2021-03-08 18:30:00,5.616,4.999,9.435,8.99,5.514,8.866,8.817,5.257,9.163,4.74,9.188,4.636,8.693,4.584,8.965,4.428
"577",2021-03-08 18:40:00,5.539,5.334,9.114,9.509,5.282,8.99,8.767,4.947,9.188,5.102,9.064,4.402,8.717,4.402,8.693,4.324
"578",2021-03-08 18:50:00,5.128,5.488,9.089,9.312,4.766,9.139,9.287,4.636,8.866,5.411,8.965,4.558,8.693,4.766,8.965,4.246
"579",2021-03-08 19:00:00,4.792,5.05,9.41,9.064,5.102,9.139,9.188,4.402,9.336,5.231,8.841,4.921,8.643,5.076,8.693,4.558
"580",2021-03-08 19:10:00,5.024,4.714,9.114,9.163,5.462,9.114,9.04,4.324,9.064,4.869,9.361,5.231,8.494,5.334,8.99,4.947
"581",2021-03-08 19:20:00,5.282,5.024,9.114,9.485,5.334,9.188,8.841,4.714,8.941,4.558,9.336,5.462,8.742,5.514,8.693,5.257
"582",2021-03-08 19:30:00,5.488,5.308,9.41,9.262,4.818,8.965,8.767,5.05,9.287,4.324,9.213,5.462,8.519,5.668,8.99,5.514
"583",2021-03-08 19:40:00,5.668,5.539,9.089,9.015,5.024,8.593,9.262,5.334,8.965,4.61,9.089,4.921,8.792,5.745,8.693,5.591
"584",2021-03-08 19:50:00,5.539,5.205,9.188,9.312,5.308,8.693,9.163,5.05,9.139,4.999,8.965,4.558,8.767,5.231,9.015,5.205
"585",2021-03-08 20:00:00,5.102,4.792,9.386,9.46,5.616,8.767,8.99,4.74,9.213,5.308,8.866,4.35,8.767,4.766,8.717,4.895
"586",2021-03-08 20:10:00,4.792,4.947,9.064,9.213,5.257,8.941,8.841,4.48,8.841,5.308,9.336,4.714,8.792,4.402,8.99,4.662
"587",2021-03-08 20:20:00,5.024,5.257,9.213,8.965,4.766,9.114,8.717,4.272,9.312,4.921,9.312,5.076,8.742,4.584,8.693,4.454
"588",2021-03-08 20:30:00,5.282,5.488,9.361,9.435,5.076,9.089,9.262,4.584,9.089,4.584,9.188,5.308,8.668,4.895,8.99,4.272
"589",2021-03-08 20:40:00,5.462,5.385,9.015,9.386,5.411,9.064,9.188,4.921,8.965,4.324,9.04,5.488,8.593,5.128,8.693,4.48
"590",2021-03-08 20:50:00,5.616,4.844,9.312,9.114,5.462,9.089,8.965,5.205,9.287,4.558,8.916,5.539,8.618,5.308,8.99,4.818
"591",2021-03-08 21:00:00,5.719,4.844,9.336,9.089,4.895,9.188,8.792,5.36,8.941,4.895,8.891,5.539,8.668,5.411,8.693,5.076
"592",2021-03-08 21:10:00,5.488,5.154,8.965,9.485,4.921,9.139,8.941,5.024,9.163,5.179,9.386,5.514,8.543,5.514,9.015,5.282
"593",2021-03-08 21:20:00,5.024,5.437,9.386,9.238,5.205,9.114,9.262,4.688,9.163,5.411,9.287,5.488,8.717,5.591,8.693,5.462
"594",2021-03-08 21:30:00,4.844,5.437,9.287,8.941,5.514,9.064,9.114,4.428,8.841,5.308,9.139,5.514,8.469,5.642,8.99,5.616
"595",2021-03-08 21:40:00,5.154,4.947,8.941,9.435,5.437,9.089,8.941,4.324,9.336,4.895,8.99,5.591,8.742,5.693,8.668,5.385
"596",2021-03-08 21:50:00,5.36,4.792,9.46,9.386,4.895,9.188,8.742,4.688,9.015,4.558,8.891,5.539,8.618,5.719,8.99,4.973
"597",2021-03-08 22:00:00,5.539,5.076,9.262,9.114,4.947,8.717,9.114,4.999,9.04,4.298,9.213,5.024,8.519,5.745,8.668,4.636
"598",2021-03-08 22:10:00,5.642,5.308,8.941,9.04,5.257,8.568,9.213,5.282,9.262,4.662,9.361,4.584,8.792,5.77,8.965,4.35
"599",2021-03-08 22:20:00,5.745,5.514,9.46,9.534,5.514,8.668,9.015,5.205,8.891,4.973,9.213,4.324,8.693,5.77,8.693,4.428
"600",2021-03-08 22:30:00,5.36,5.154,9.213,9.287,5.411,8.841,8.841,4.869,9.262,5.257,9.064,4.636,8.469,5.77,8.941,4.714
"601",2021-03-08 22:40:00,4.921,4.714,8.965,9.015,4.844,8.965,8.717,4.558,9.089,5.488,8.941,4.895,8.742,5.745,8.693,4.947
"602",2021-03-08 22:50:00,4.921,4.973,9.435,9.312,4.999,9.015,9.262,4.272,8.941,5.128,8.866,5.128,8.469,5.719,8.916,5.128
"603",2021-03-08 23:00:00,5.154,5.231,9.139,9.435,5.308,8.99,9.139,4.506,9.287,4.74,9.386,5.308,8.767,5.693,8.742,5.257
"604",2021-03-08 23:10:00,5.334,5.411,9.089,9.139,5.565,8.965,8.891,4.844,8.916,4.402,9.312,5.437,8.469,5.668,8.891,5.385
"605",2021-03-08 23:20:00,5.462,5.565,9.41,8.99,5.154,9.089,8.717,5.102,9.213,4.428,9.139,5.488,8.767,5.616,8.767,5.462
"606",2021-03-08 23:30:00,5.591,5.205,9.064,9.509,4.792,9.139,9.238,5.36,9.139,4.792,8.99,5.488,8.494,5.616,8.866,5.539
"607",2021-03-08 23:40:00,5.719,4.714,9.238,9.287,5.076,9.089,9.163,5.257,8.866,5.102,8.866,5.462,8.767,5.565,8.817,5.591
"608",2021-03-08 23:50:00,5.565,4.947,9.336,8.99,5.334,9.04,8.965,4.869,9.336,5.334,9.287,5.437,8.494,5.539,8.817,5.616
"609",2021-03-09 00:00:00,5.076,5.257,8.99,9.361,5.591,8.99,8.792,4.532,8.99,5.514,9.336,5.437,8.767,5.514,8.866,5.668
"610",2021-03-09 00:10:00,4.792,5.514,9.386,9.41,5.411,9.064,8.941,4.272,9.089,5.128,9.188,5.488,8.519,5.514,8.767,5.488
"611",2021-03-09 00:20:00,5.076,5.36,9.238,9.139,4.844,9.163,9.238,4.506,9.213,4.714,9.064,5.565,8.792,5.488,8.941,4.973
"612",2021-03-09 00:30:00,5.282,4.818,8.941,8.99,4.999,9.139,9.04,4.844,8.841,4.402,8.941,5.616,8.693,5.488,8.668,4.558
"613",2021-03-09 00:40:00,5.437,4.844,9.46,9.509,5.308,9.089,8.817,5.128,9.336,4.428,8.866,5.334,8.543,5.488,8.965,4.324
"614",2021-03-09 00:50:00,5.565,5.102,9.163,9.262,5.565,9.04,8.841,5.36,9.04,4.792,9.386,4.766,8.742,5.462,8.668,4.532
"615",2021-03-09 01:00:00,5.693,5.334,9.04,8.965,5.257,9.089,9.312,5.154,9.015,5.076,9.287,4.376,8.469,5.462,8.965,4.766
"616",2021-03-09 01:10:00,5.565,5.565,9.41,9.386,4.74,9.139,9.139,4.792,9.287,5.334,9.139,4.506,8.767,5.462,8.643,4.947
"617",2021-03-09 01:20:00,5.128,5.205,9.089,9.386,5.05,9.114,8.965,4.506,8.891,5.488,8.99,4.792,8.469,5.437,8.941,5.102
"618",2021-03-09 01:30:00,4.766,4.766,9.163,9.114,5.385,9.089,8.792,4.246,9.287,5.102,8.866,5.05,8.742,5.437,8.693,5.205
"619",2021-03-09 01:40:00,5.024,4.895,9.361,9.015,5.565,9.089,8.866,4.558,9.089,4.688,9.312,5.257,8.469,5.411,8.941,5.308
"620",2021-03-09 01:50:00,5.231,5.154,8.99,9.534,5.05,9.139,9.238,4.895,8.941,4.376,9.336,5.411,8.767,5.411,8.717,5.411
"621",2021-03-09 02:00:00,5.385,5.36,9.361,9.287,4.844,9.163,9.04,5.154,9.262,4.454,9.188,5.462,8.469,5.411,8.916,5.462
"622",2021-03-09 02:10:00,5.514,5.514,9.238,8.965,5.102,9.089,8.841,5.411,8.891,4.792,9.015,5.437,8.767,5.411,8.742,5.514
"623",2021-03-09 02:20:00,5.642,5.437,8.965,9.435,5.36,9.04,8.767,5.179,9.262,5.076,8.866,5.411,8.469,5.411,8.866,5.565
"624",2021-03-09 02:30:00,5.719,4.921,9.435,9.361,5.591,8.99,9.262,4.818,9.114,5.334,9.188,5.411,8.767,5.411,8.817,5.591
"625",2021-03-09 02:40:00,5.282,4.844,9.139,9.064,5.308,9.064,9.139,4.506,8.916,5.462,9.336,5.437,8.494,5.411,8.817,5.616
"626",2021-03-09 02:50:00,4.869,5.154,9.114,9.163,4.766,9.139,8.941,4.246,9.287,5.05,9.213,5.514,8.767,5.411,8.891,5.642
"627",2021-03-09 03:00:00,4.947,5.385,9.41,9.485,5.024,9.114,8.742,4.558,8.916,4.662,9.064,5.565,8.494,5.411,8.742,5.616
"628",2021-03-09 03:10:00,5.179,5.565,9.064,9.213,5.334,9.064,9.089,4.895,9.238,4.376,8.941,5.616,8.792,5.411,8.941,5.102
"629",2021-03-09 03:20:00,5.36,5.231,9.287,8.941,5.591,9.064,9.213,5.179,9.163,4.506,8.841,5.334,8.693,5.437,8.693,4.688
"630",2021-03-09 03:30:00,5.539,4.74,9.336,9.509,5.102,9.139,9.015,5.411,8.866,4.895,9.386,4.792,8.543,5.462,8.965,4.35
"631",2021-03-09 03:40:00,5.693,4.973,8.99,9.361,4.844,9.163,8.817,5.128,9.336,5.205,9.312,4.428,8.792,5.462,8.668,4.506
"632",2021-03-09 03:50:00,5.462,5.282,9.361,9.089,5.128,9.139,8.792,4.792,9.015,5.437,9.163,4.454,8.519,5.462,8.965,4.74
"633",2021-03-09 04:00:00,5.024,5.539,9.287,9.139,5.437,9.089,9.287,4.506,9.04,5.231,9.04,4.792,8.767,5.462,8.668,4.947
"634",2021-03-09 04:10:00,4.844,5.231,8.941,9.485,5.514,9.139,9.163,4.272,9.238,4.818,8.916,5.102,8.519,5.462,8.965,5.102
"635",2021-03-09 04:20:00,5.128,4.74,9.435,9.238,5.024,9.139,8.941,4.584,8.891,4.506,8.965,5.36,8.742,5.462,8.693,5.231
"636",2021-03-09 04:30:00,5.36,4.921,9.238,8.99,4.895,8.618,8.767,4.921,9.312,4.324,9.386,5.514,8.519,5.462,8.916,5.36
"637",2021-03-09 04:40:00,5.514,5.179,8.941,9.435,5.154,8.717,8.99,5.205,9.163,4.714,9.287,5.539,8.767,5.488,8.742,5.437
"638",2021-03-09 04:50:00,5.642,5.385,9.46,9.41,5.411,8.817,9.238,5.385,8.866,5.024,9.139,5.565,8.519,5.488,8.891,5.539
"639",2021-03-09 05:00:00,5.642,5.539,9.188,9.114,5.616,8.891,9.064,5.076,9.336,5.308,8.99,5.565,8.767,5.514,8.767,5.616
"640",2021-03-09 05:10:00,5.231,5.076,9.015,9.015,5.128,9.089,8.916,4.74,9.015,5.437,8.866,5.616,8.519,5.514,8.841,5.668
"641",2021-03-09 05:20:00,4.869,4.714,9.435,9.534,4.818,9.188,8.767,4.48,9.089,5.076,9.287,5.488,8.767,5.539,8.841,5.385
"642",2021-03-09 05:30:00,4.947,5.076,9.163,9.336,5.179,8.643,8.916,4.272,9.238,4.74,9.386,5.05,8.668,5.565,8.841,4.947
"643",2021-03-09 05:40:00,5.257,5.385,9.04,9.089,5.514,8.693,9.287,4.636,8.891,4.454,9.287,4.74,8.543,5.616,8.866,4.61
"644",2021-03-09 05:50:00,5.488,5.514,9.435,9.064,5.231,8.916,9.114,4.999,9.287,4.376,9.163,4.532,8.792,5.668,8.817,4.35
"645",2021-03-09 06:00:00,5.668,5.024,9.163,9.534,4.766,9.089,8.916,5.308,9.114,4.818,9.04,4.35,8.717,5.693,8.916,4.558
"646",2021-03-09 06:10:00,5.565,4.766,9.04,9.312,5.076,9.139,8.767,5.205,8.891,5.154,8.941,4.636,8.469,5.745,8.767,4.869
"647",2021-03-09 06:20:00,5.154,5.128,9.435,9.04,5.36,9.114,9.04,4.895,9.312,5.411,8.841,4.947,8.767,5.77,8.965,5.128
"648",2021-03-09 06:30:00,4.792,5.437,9.139,9.287,5.616,9.114,9.287,4.584,8.99,5.257,9.41,5.205,8.519,5.821,8.767,5.36
"649",2021-03-09 06:40:00,5.05,5.257,9.089,9.46,5.205,9.238,9.139,4.376,9.089,4.869,9.361,5.437,8.767,5.847,8.99,5.539
"650",2021-03-09 06:50:00,5.36,4.818,9.435,9.238,4.792,8.668,8.965,4.402,9.238,4.558,9.238,5.565,8.618,5.77,8.742,5.642
"651",2021-03-09 07:00:00,5.565,4.921,9.139,8.99,5.154,8.742,8.792,4.792,8.866,4.324,9.139,5.128,8.543,5.205,8.99,5.282
"652",2021-03-09 07:10:00,5.693,5.205,9.064,9.386,5.462,8.841,8.941,5.128,9.312,4.636,9.015,4.714,8.792,4.714,8.742,4.921
"653",2021-03-09 07:20:00,5.308,5.488,9.41,9.435,5.411,8.99,9.262,5.308,9.114,5.024,8.916,4.454,8.817,4.376,8.965,4.636
"654",2021-03-09 07:30:00,4.947,5.231,9.139,9.188,4.869,9.163,9.139,5.024,8.916,5.334,8.841,4.402,8.742,4.662,8.742,4.454
"655",2021-03-09 07:40:00,4.766,4.818,9.064,8.965,4.999,8.866,8.99,4.74,9.336,5.334,9.41,4.844,8.668,4.973,8.99,4.324
"656",2021-03-09 07:50:00,5.179,4.921,9.435,9.485,5.36,8.643,8.841,4.48,9.04,4.947,9.361,5.205,8.593,5.205,8.742,4.636
"657",2021-03-09 08:00:00,5.514,5.257,9.114,9.386,5.488,8.841,8.742,4.272,9.04,4.636,9.262,5.462,8.717,5.411,8.99,4.973
"658",2021-03-09 08:10:00,5.668,5.539,9.089,9.139,4.999,9.089,9.188,4.584,9.287,4.376,9.139,5.411,8.643,5.539,8.742,5.257
"659",2021-03-09 08:20:00,5.282,5.205,9.435,8.965,4.895,9.114,9.238,4.973,8.941,4.558,9.04,4.999,8.543,5.668,8.99,5.488
"660",2021-03-09 08:30:00,4.895,4.792,9.163,9.534,5.257,8.618,9.064,5.282,9.213,4.973,8.941,4.662,8.717,5.745,8.742,5.642
"661",2021-03-09 08:40:00,4.921,4.999,8.99,9.386,5.565,8.767,8.891,5.205,9.238,5.308,8.866,4.454,8.543,5.616,8.99,5.36
"662",2021-03-09 08:50:00,5.308,5.36,9.485,9.163,5.257,9.04,8.792,4.895,8.891,5.257,9.238,4.402,8.593,5.05,8.717,4.999
"663",2021-03-09 09:00:00,5.642,5.36,9.213,8.941,4.766,9.238,8.792,4.636,9.336,4.895,9.386,4.869,8.792,4.584,8.99,4.714
"664",2021-03-09 09:10:00,5.411,4.947,8.965,9.534,5.102,8.643,9.336,4.428,9.139,4.584,9.287,5.257,8.792,4.454,8.717,4.48
"665",2021-03-09 09:20:00,5.05,4.818,9.509,9.41,5.488,8.767,9.238,4.272,8.866,4.35,9.188,5.539,8.693,4.74,8.99,4.298
"666",2021-03-09 09:30:00,4.766,5.205,10.443,9.188,5.308,8.965,8.941,4.662,9.386,4.61,9.089,5.154,8.618,4.999,8.693,4.558
"667",2021-03-09 09:40:00,4.999,5.514,5.616,8.99,4.792,9.238,8.717,5.05,9.139,5.024,9.015,4.74,8.593,5.205,8.99,4.869
"668",2021-03-09 09:50:00,5.308,5.128,4.973,9.435,5.076,8.668,9.336,5.308,8.866,5.36,8.965,4.48,8.693,5.36,8.693,5.128
"669",2021-03-09 10:00:00,5.616,4.714,5.282,9.46,5.437,9.336,9.336,5.05,9.361,5.154,8.916,4.376,8.494,5.462,8.99,5.334
"670",2021-03-09 10:10:00,5.462,5.05,6.56,9.188,5.385,11.224,9.188,4.792,9.089,4.792,8.941,4.869,8.717,5.539,8.693,5.514
"671",2021-03-09 10:20:00,5.102,5.385,7.695,8.965,4.921,12.896,9.04,4.558,8.965,4.532,9.41,5.257,8.469,5.616,8.99,5.642
"672",2021-03-09 10:30:00,4.818,5.36,8.643,9.485,5.024,14.122,8.891,4.376,9.312,4.324,9.336,5.514,8.767,5.668,8.668,5.308
"673",2021-03-09 10:40:00,4.818,4.973,9.41,9.435,5.411,14.864,8.767,4.376,8.99,4.74,9.238,5.154,8.668,5.719,8.965,4.921
"674",2021-03-09 10:50:00,5.179,4.818,9.163,9.213,5.36,11.613,8.941,4.818,9.188,5.128,9.139,4.766,8.568,5.77,8.668,4.61
"675",2021-03-09 11:00:00,5.462,5.154,9.139,8.99,4.869,5.616,9.287,5.205,9.262,5.308,9.064,4.532,8.618,5.591,8.941,4.402
"676",2021-03-09 11:10:00,5.642,5.488,9.361,9.336,5.05,6.331,9.188,5.154,8.941,4.973,8.99,4.454,8.817,4.999,8.693,4.246
"677",2021-03-09 11:20:00,5.308,5.231,8.941,9.509,5.462,7.393,9.04,4.895,9.312,4.714,8.916,4.454,8.792,4.532,8.916,4.532
"678",2021-03-09 11:30:00,5.05,4.895,9.435,9.312,5.308,8.394,8.941,4.688,9.213,4.506,8.841,4.48,8.593,4.454,8.693,4.818
"679",2021-03-09 11:40:00,4.844,4.74,9.188,9.114,4.895,9.238,8.866,4.532,8.891,4.376,9.386,4.558,8.693,4.688,8.916,5.076
"680",2021-03-09 11:50:00,4.74,5.231,9.114,8.965,5.05,9.139,8.792,4.428,9.361,4.506,9.41,4.584,8.618,4.895,8.742,5.257
"681",2021-03-09 12:00:00,4.636,5.334,9.435,9.534,5.437,8.99,8.767,4.324,9.238,5.024,9.336,4.532,8.643,5.05,8.891,5.411
"682",2021-03-09 12:10:00,4.895,5.024,9.089,9.509,5.36,9.41,8.742,4.532,8.941,5.257,9.287,4.506,8.643,5.205,8.792,5.539
"683",2021-03-09 12:20:00,5.334,4.74,9.287,9.336,4.947,9.089,9.287,4.999,9.287,4.999,9.238,4.558,8.593,5.282,8.866,5.616
"684",2021-03-09 12:30:00,5.616,5.076,9.336,9.188,4.999,8.941,9.262,5.205,9.262,4.766,9.188,4.584,8.693,5.36,8.817,5.282
"685",2021-03-09 12:40:00,5.36,5.462,8.99,9.015,5.437,9.336,9.188,4.999,8.99,4.584,9.139,4.61,8.543,5.437,8.817,4.844
"686",2021-03-09 12:50:00,5.154,5.205,9.46,9.238,5.308,8.99,9.089,4.792,9.163,4.428,9.064,4.662,8.767,5.488,8.866,4.532
"687",2021-03-09 13:00:00,4.947,4.947,9.213,9.558,4.921,9.238,9.015,4.636,9.312,4.324,9.04,4.688,8.742,5.565,8.792,4.298
"688",2021-03-09 13:10:00,4.844,4.74,9.04,9.41,5.024,9.188,8.941,4.532,9.015,4.792,8.99,4.662,8.618,5.616,8.916,4.558
"689",2021-03-09 13:20:00,4.74,5.154,9.46,9.213,5.437,8.916,8.891,4.428,9.089,5.231,8.941,4.61,8.643,5.642,8.767,4.844
"690",2021-03-09 13:30:00,4.688,5.462,9.139,9.04,5.36,9.41,8.841,4.35,9.312,5.076,8.916,4.636,8.643,5.693,8.941,5.102
"691",2021-03-09 13:40:00,4.662,5.154,9.188,9.114,4.947,9.114,8.792,4.35,9.04,4.869,8.891,4.714,8.593,5.719,8.742,5.308
"692",2021-03-09 13:50:00,5.154,4.895,9.386,9.583,4.999,8.941,8.742,4.844,8.99,4.688,8.866,4.766,8.643,5.719,8.965,5.488
"693",2021-03-09 14:00:00,5.591,4.895,9.04,9.435,5.462,9.361,9.114,5.205,9.361,4.558,8.841,4.792,8.519,5.745,8.693,5.616
"694",2021-03-09 14:10:00,5.462,5.36,9.386,9.262,5.205,9.064,9.361,5.024,9.114,4.428,9.386,4.792,8.693,5.77,8.99,5.437
"695",2021-03-09 14:20:00,5.257,5.36,9.312,9.114,4.844,9.139,9.287,4.869,8.891,4.376,9.509,4.844,8.543,5.796,8.693,4.999
"696",2021-03-09 14:30:00,5.102,5.102,8.99,8.99,5.128,9.238,9.213,4.714,9.386,4.454,9.46,4.844,8.767,5.821,8.965,4.688
"697",2021-03-09 14:40:00,4.973,4.869,9.46,9.46,5.514,8.941,9.139,4.61,9.163,5.024,9.41,4.792,8.767,5.616,8.693,4.48
"698",2021-03-09 14:50:00,4.895,4.766,9.262,9.534,5.179,9.435,9.089,4.506,8.891,5.257,9.361,4.766,8.742,5.024,8.965,4.324
"699",2021-03-09 15:00:00,4.818,5.282,8.965,9.386,4.818,9.163,9.04,4.454,9.386,5.024,9.312,4.818,8.742,4.584,8.668,4.246
"700",2021-03-09 15:10:00,4.792,5.385,9.485,9.238,5.205,8.941,8.99,4.402,9.213,4.844,9.262,4.869,8.693,4.48,8.941,4.584
"701",2021-03-09 15:20:00,4.792,5.128,9.213,9.114,5.411,9.435,8.965,4.35,8.941,4.74,9.238,4.921,8.494,4.74,8.693,4.921
"702",2021-03-09 15:30:00,4.792,4.947,9.015,9.015,5.076,9.163,8.941,4.324,9.238,4.636,9.238,4.947,8.717,4.999,8.941,5.179
"703",2021-03-09 15:40:00,4.792,4.792,9.485,9.312,4.792,8.916,8.916,4.324,9.287,4.558,9.213,4.999,8.469,5.179,8.717,5.385
"704",2021-03-09 15:50:00,4.74,5.05,9.213,9.558,5.308,9.386,8.866,4.818,9.015,4.48,9.188,5.024,8.742,5.334,8.916,5.565
"705",2021-03-09 16:00:00,4.714,5.462,9.04,9.435,5.36,9.163,8.817,5.154,9.089,4.428,9.139,5.024,8.494,5.437,8.742,5.488
"706",2021-03-09 16:10:00,4.714,5.257,9.46,9.287,4.999,8.916,8.792,4.999,9.336,4.402,9.139,5.024,8.841,5.539,8.866,5.076
"707",2021-03-09 16:20:00,4.74,5.024,9.188,9.163,4.947,9.386,8.792,4.869,9.089,4.376,9.114,5.05,8.792,5.616,8.841,4.74
"708",2021-03-09 16:30:00,4.74,4.844,9.064,9.04,5.437,9.04,8.792,4.74,8.891,4.35,9.089,5.024,8.693,5.693,8.866,4.48
"709",2021-03-09 16:40:00,4.74,4.766,9.46,9.015,5.257,9.163,8.792,4.636,9.386,4.532,9.089,4.973,8.618,5.77,8.841,4.298
"710",2021-03-09 16:50:00,4.74,5.308,9.163,9.583,4.844,9.336,8.767,4.558,9.139,5.076,9.04,4.895,8.543,5.719,8.841,4.48
"711",2021-03-09 17:00:00,4.714,5.334,9.089,9.46,5.154,8.916,8.767,4.48,8.866,5.154,9.015,4.844,8.693,5.154,8.891,4.818
"712",2021-03-09 17:10:00,4.714,5.076,9.435,9.312,5.437,9.336,8.742,4.402,9.386,4.947,8.99,4.844,8.767,4.662,8.792,5.102
"713",2021-03-09 17:20:00,4.688,4.869,9.139,9.163,5.102,9.287,8.742,4.35,9.188,4.792,8.965,4.869,8.618,4.506,8.916,5.334
"714",2021-03-09 17:30:00,4.688,4.792,9.163,9.04,4.792,8.965,9.336,4.324,8.916,4.662,8.941,4.895,8.643,4.792,8.792,5.539
"715",2021-03-09 17:40:00,4.636,5.282,9.41,9.139,5.282,9.188,9.336,4.61,9.312,4.532,8.916,4.869,8.643,5.024,8.965,5.565
"716",2021-03-09 17:50:00,5.076,5.334,9.089,9.583,5.36,9.287,9.213,5.102,9.238,4.428,8.891,4.869,8.643,5.205,8.767,5.154
"717",2021-03-09 18:00:00,5.565,5.05,9.262,9.46,4.999,8.99,9.114,5.102,8.965,4.376,8.891,4.869,8.841,5.385,8.965,4.844
"718",2021-03-09 18:10:00,5.462,4.818,9.361,9.287,4.973,9.139,9.04,4.921,9.163,4.324,8.866,4.869,8.742,5.539,8.742,4.584
"719",2021-03-09 18:20:00,5.257,4.947,9.04,9.114,5.411,9.238,8.99,4.766,9.287,4.869,9.262,4.792,8.668,5.668,8.965,4.402
"720",2021-03-09 18:30:00,5.076,5.411,9.386,8.965,5.308,8.891,8.916,4.636,8.99,5.205,9.485,4.714,8.593,5.77,8.717,4.272
"721",2021-03-09 18:40:00,4.947,5.257,9.336,9.509,4.947,9.435,8.866,4.532,9.114,4.999,9.435,4.74,8.568,5.514,8.99,4.506
"722",2021-03-09 18:50:00,4.869,4.999,8.99,9.509,4.999,9.139,8.817,4.428,9.312,4.818,9.386,4.766,8.519,4.973,8.717,4.869
"723",2021-03-09 19:00:00,4.792,4.792,9.435,9.336,5.462,8.99,8.767,4.376,9.04,4.662,9.312,4.792,8.792,4.532,8.99,5.179
"724",2021-03-09 19:10:00,4.74,4.999,9.287,9.188,5.205,9.41,8.742,4.298,9.015,4.532,9.262,4.818,8.668,4.532,8.693,5.437
"725",2021-03-09 19:20:00,4.662,5.437,8.965,9.04,4.844,9.089,8.817,4.714,9.336,4.428,9.213,4.818,8.543,4.818,8.99,5.616
"726",2021-03-09 19:30:00,5.128,5.231,9.485,9.064,5.154,8.941,9.312,5.179,9.04,4.376,9.163,4.792,8.767,5.102,8.693,5.308
"727",2021-03-09 19:40:00,5.565,4.921,9.213,9.558,5.437,9.361,9.238,5.076,9.04,4.636,9.089,4.688,8.693,5.308,8.99,4.973
"728",2021-03-09 19:50:00,5.437,4.74,9.04,9.41,5.024,9.064,9.114,4.869,9.336,5.154,9.04,4.61,8.643,5.514,8.693,4.688
"729",2021-03-09 20:00:00,5.205,5.205,9.435,9.238,4.921,8.99,9.04,4.714,9.04,5.076,8.99,4.584,8.568,5.668,8.99,4.48
"730",2021-03-09 20:10:00,5.024,5.411,9.114,9.089,5.385,9.336,8.941,4.584,9.015,4.844,8.941,4.61,8.543,5.745,8.693,4.324
"731",2021-03-09 20:20:00,4.895,5.128,9.163,8.965,5.308,9.015,8.891,4.454,9.336,4.662,8.891,4.662,8.543,5.308,8.99,4.22
"732",2021-03-09 20:30:00,4.818,4.895,9.41,9.558,4.921,9.213,8.817,4.376,9.04,4.532,8.841,4.688,8.568,4.818,8.693,4.454
"733",2021-03-09 20:40:00,4.766,4.74,9.089,9.485,5.05,9.238,8.767,4.298,9.04,4.428,9.435,4.688,8.543,4.428,8.965,4.818
"734",2021-03-09 20:50:00,4.792,5.205,9.262,9.287,5.462,8.891,8.767,4.74,9.336,4.324,9.435,4.688,8.742,4.584,8.693,5.128
"735",2021-03-09 21:00:00,5.231,5.462,9.336,9.114,5.128,9.41,9.312,5.154,9.04,4.74,9.336,4.61,8.568,4.844,8.965,5.36
"736",2021-03-09 21:10:00,5.616,5.102,8.965,8.965,4.818,9.089,9.238,5.076,8.99,5.205,9.238,4.532,8.742,5.076,8.693,5.539
"737",2021-03-09 21:20:00,5.385,4.844,9.46,9.509,5.257,8.99,9.114,4.844,9.361,5.076,9.163,4.506,8.643,5.257,8.965,5.565
"738",2021-03-09 21:30:00,5.154,4.895,9.238,9.485,5.437,9.386,9.015,4.662,9.064,4.818,9.064,4.532,8.668,5.36,8.693,5.128
"739",2021-03-09 21:40:00,4.947,5.36,9.04,9.312,5.05,9.064,8.916,4.532,8.941,4.636,8.99,4.558,8.841,5.462,8.941,4.74
"740",2021-03-09 21:50:00,4.844,5.334,9.435,9.139,4.895,9.064,8.841,4.402,9.361,4.48,8.941,4.584,8.717,5.539,8.742,4.454
"741",2021-03-09 22:00:00,4.74,5.024,9.114,8.99,5.334,9.262,8.742,4.298,9.064,4.35,8.866,4.584,8.593,5.616,8.916,4.324
"742",2021-03-09 22:10:00,4.895,4.74,9.163,9.46,5.308,8.891,8.817,4.636,8.916,4.688,9.188,4.558,8.519,5.642,8.792,4.636
"743",2021-03-09 22:20:00,5.308,5.05,9.361,9.485,4.869,9.41,9.312,5.076,9.386,5.128,9.435,4.454,8.693,5.668,8.891,4.895
"744",2021-03-09 22:30:00,5.616,5.437,8.99,9.287,5.076,9.064,9.213,5.154,9.114,5.154,9.336,4.428,8.494,5.693,8.792,5.154
"745",2021-03-09 22:40:00,5.411,5.282,9.435,9.089,5.488,9.015,9.064,4.921,8.891,4.869,9.238,4.454,8.717,5.719,8.841,5.308
"746",2021-03-09 22:50:00,5.154,4.973,9.238,8.99,5.257,9.361,8.965,4.714,9.386,4.662,9.139,4.48,8.469,5.719,8.841,5.437
"747",2021-03-09 23:00:00,4.947,4.74,8.99,9.558,4.844,9.04,8.866,4.558,9.114,4.506,9.064,4.532,8.742,5.693,8.792,5.539
"748",2021-03-09 23:10:00,4.818,5.102,9.485,9.435,5.102,9.015,8.792,4.428,8.866,4.35,8.99,4.532,8.444,5.668,8.916,5.591
"749",2021-03-09 23:20:00,4.688,5.488,9.163,9.238,5.514,9.312,8.742,4.298,9.386,4.636,8.891,4.48,8.742,5.642,8.742,5.642
"750",2021-03-09 23:30:00,4.999,5.154,9.139,9.064,5.205,8.941,9.312,4.584,9.139,5.102,8.866,4.428,8.469,5.616,8.965,5.565
"751",2021-03-09 23:40:00,5.385,4.792,9.41,9.064,4.792,9.287,9.238,5.024,8.866,5.205,9.435,4.402,8.792,5.565,8.693,5.05
"752",2021-03-09 23:50:00,5.668,4.947,9.04,9.534,5.179,9.089,9.064,5.257,9.386,4.895,9.386,4.844,8.643,5.565,8.965,4.61
"753",2021-03-10 00:00:00,5.385,5.334,9.336,9.336,5.514,9.015,8.916,5.024,9.089,4.636,9.262,5.308,8.519,5.514,8.668,4.324
"754",2021-03-10 00:10:00,5.102,5.411,9.287,9.139,5.154,9.361,8.792,4.766,8.891,4.428,9.139,5.462,8.742,5.514,8.965,4.532
"755",2021-03-10 00:20:00,4.895,5.05,8.965,8.965,4.766,8.99,8.717,4.584,9.361,4.376,9.04,5.154,8.444,5.488,8.668,4.74
"756",2021-03-10 00:30:00,4.74,4.792,9.46,9.534,5.154,9.114,9.262,4.402,9.064,4.869,8.965,4.844,8.717,5.437,8.941,4.895
"757",2021-03-10 00:40:00,4.921,4.999,9.188,9.46,5.514,9.213,9.238,4.298,8.916,5.282,8.866,4.61,8.469,5.411,8.693,5.05
"758",2021-03-10 00:50:00,5.308,5.36,9.114,9.238,5.282,8.891,9.089,4.714,9.361,5.076,9.213,4.532,8.717,5.411,8.916,5.154
"759",2021-03-10 01:00:00,5.616,5.385,9.41,9.04,4.818,9.41,8.916,5.102,9.04,4.792,9.435,4.48,8.494,5.36,8.742,5.231
"760",2021-03-10 01:10:00,5.462,4.999,9.04,9.238,5.102,8.965,8.742,5.257,8.965,4.558,9.336,4.454,8.693,5.36,8.866,5.308
"761",2021-03-10 01:20:00,5.154,4.714,9.336,9.509,5.514,9.163,8.965,4.999,9.361,4.402,9.213,4.454,8.494,5.334,8.742,5.334
"762",2021-03-10 01:30:00,4.895,5.128,9.262,9.312,5.205,9.287,9.287,4.74,9.04,4.558,9.089,4.402,8.693,5.308,8.841,5.385
"763",2021-03-10 01:40:00,4.714,5.514,8.941,9.089,4.792,8.891,9.139,4.532,8.99,4.999,8.99,4.48,8.519,5.282,8.792,5.411
"764",2021-03-10 01:50:00,5.05,5.179,9.46,9.114,5.128,9.238,8.99,4.376,9.336,5.334,8.866,4.895,8.668,5.257,8.767,5.437
"765",2021-03-10 02:00:00,5.411,4.792,9.114,9.509,5.488,9.114,8.841,4.402,8.99,5.102,9.114,5.282,8.519,5.257,8.891,5.437
"766",2021-03-10 02:10:00,5.642,4.921,9.188,9.287,5.257,9.064,8.717,4.818,9.089,4.766,9.435,5.539,8.693,5.231,8.693,5.437
"767",2021-03-10 02:20:00,5.437,5.257,9.336,9.064,4.792,9.336,9.287,5.205,9.287,4.532,9.336,5.205,8.543,5.205,8.941,5.462
"768",2021-03-10 02:30:00,5.076,5.462,8.965,9.089,5.154,8.866,9.188,5.205,8.941,4.324,9.213,4.921,8.643,5.205,8.668,5.462
"769",2021-03-10 02:40:00,4.844,5.102,9.435,9.534,5.514,9.287,9.015,4.921,9.163,4.714,9.089,4.688,8.593,5.179,8.941,5.462
"770",2021-03-10 02:50:00,4.921,4.766,9.188,9.336,5.308,9.139,8.891,4.688,9.262,5.128,8.965,4.48,8.593,5.179,8.643,5.437
"771",2021-03-10 03:00:00,5.334,4.999,9.089,9.114,4.792,8.965,8.742,4.454,8.891,5.308,8.866,4.376,8.668,5.154,8.916,5.437
"772",2021-03-10 03:10:00,5.616,5.334,9.386,9.015,5.076,9.312,8.965,4.272,9.213,4.947,9.188,4.844,8.543,5.154,8.693,5.437
"773",2021-03-10 03:20:00,5.282,5.488,8.99,9.509,5.437,8.841,9.262,4.61,9.213,4.636,9.41,5.257,8.742,5.128,8.866,5.437
"774",2021-03-10 03:30:00,4.895,5.024,9.361,9.312,5.385,9.361,9.064,4.973,8.841,4.376,9.287,5.514,8.469,5.128,8.742,5.437
"775",2021-03-10 03:40:00,4.921,4.688,9.238,9.114,4.895,9.139,8.866,5.308,9.361,4.506,9.163,5.179,8.742,5.128,8.841,5.437
"776",2021-03-10 03:50:00,5.308,5.05,8.99,8.99,4.973,8.916,8.717,5.179,9.163,4.947,9.04,4.766,8.444,5.128,8.792,5.437
"777",2021-03-10 04:00:00,5.591,5.385,9.435,9.534,5.308,9.336,9.188,4.869,8.841,5.282,8.916,4.506,8.742,5.128,8.817,5.437
"778",2021-03-10 04:10:00,5.462,5.334,9.089,9.336,5.565,8.916,9.238,4.61,9.386,5.231,8.941,4.428,8.444,5.128,8.817,5.437
"779",2021-03-10 04:20:00,5.076,4.921,9.213,9.089,5.154,9.312,9.089,4.376,9.089,4.869,9.41,4.895,8.742,5.128,8.767,5.437
"780",2021-03-10 04:30:00,4.792,4.74,9.336,9.015,4.766,9.163,8.916,4.35,8.866,4.584,9.336,5.257,8.469,5.128,8.916,5.437
"781",2021-03-10 04:40:00,5.024,5.076,8.941,9.485,5.128,8.916,8.717,4.766,9.336,4.324,9.188,5.514,8.717,5.128,8.693,5.437
"782",2021-03-10 04:50:00,5.282,5.334,9.435,9.287,5.462,9.336,9.114,5.102,9.04,4.636,9.04,5.205,8.494,5.128,8.965,5.437
"783",2021-03-10 05:00:00,5.514,5.539,9.139,9.04,5.385,8.941,9.188,5.334,8.99,5.024,8.916,4.74,8.693,5.128,8.668,5.437
"784",2021-03-10 05:10:00,5.668,5.154,9.163,9.238,4.869,9.238,9.015,5.05,9.287,5.36,8.891,4.506,8.543,5.128,8.965,5.462
"785",2021-03-10 05:20:00,5.308,4.792,9.361,9.46,5.05,9.139,8.866,4.766,8.965,5.179,9.435,4.402,8.643,5.154,8.643,5.462
"786",2021-03-10 05:30:00,4.973,4.947,8.99,9.262,5.437,8.941,8.717,4.532,9.139,4.844,9.361,4.428,8.643,5.154,8.941,5.488
"787",2021-03-10 05:40:00,4.74,5.308,9.386,9.04,5.36,9.386,9.114,4.324,9.238,4.532,9.213,4.895,8.593,5.179,8.693,5.514
"788",2021-03-10 05:50:00,5.128,5.514,9.238,9.287,4.869,9.015,9.238,4.48,8.891,4.324,9.089,5.308,8.668,5.205,8.916,5.539
"789",2021-03-10 06:00:00,5.411,5.05,9.015,9.485,4.973,9.04,9.015,4.869,9.287,4.688,8.965,5.514,8.593,5.231,8.717,5.565
"790",2021-03-10 06:10:00,5.642,4.688,9.435,9.238,5.308,9.262,8.841,5.205,9.188,5.05,8.841,5.36,8.668,5.257,8.866,5.591
"791",2021-03-10 06:20:00,5.565,5.05,9.04,8.99,5.591,8.866,8.742,5.308,8.841,5.36,9.361,4.895,8.593,5.282,8.792,5.616
"792",2021-03-10 06:30:00,5.179,5.411,9.336,9.41,5.231,9.386,9.287,4.999,9.361,5.154,9.386,4.662,8.693,5.308,8.841,5.642
"793",2021-03-10 06:40:00,4.895,5.411,9.287,9.46,4.766,9.114,9.163,4.714,9.139,4.818,9.262,4.584,8.593,5.36,8.866,5.693
"794",2021-03-10 06:50:00,4.844,5.024,8.965,9.238,5.128,8.99,9.015,4.506,8.841,4.558,9.163,4.532,8.693,5.385,8.792,5.591
"795",2021-03-10 07:00:00,5.282,4.688,9.46,9.04,5.514,9.336,8.891,4.324,9.361,4.376,9.064,4.48,8.693,5.437,8.891,5.076
"796",2021-03-10 07:10:00,5.565,5.05,9.163,9.213,5.179,8.965,8.717,4.506,9.114,4.532,8.941,4.402,8.543,5.488,8.767,4.688
"797",2021-03-10 07:20:00,5.565,5.334,9.114,9.46,4.792,9.213,9.089,4.895,8.866,4.947,8.817,4.584,8.792,5.514,8.941,4.376
"798",2021-03-10 07:30:00,5.128,5.539,9.361,9.213,5.102,9.114,9.188,5.205,9.361,5.257,9.386,4.921,8.668,5.565,8.742,4.428
"799",2021-03-10 07:40:00,4.792,5.102,8.965,8.965,5.437,8.99,8.99,5.334,9.04,5.334,9.386,5.231,8.494,5.616,8.99,4.714
"800",2021-03-10 07:50:00,5.128,4.714,9.41,9.46,5.488,9.361,8.841,5.024,8.965,4.947,9.262,5.488,8.717,5.642,8.717,4.973
"801",2021-03-10 08:00:00,5.488,5.024,9.213,9.435,4.999,8.99,8.717,4.74,9.361,4.636,9.139,5.462,8.469,5.693,8.965,5.205
"802",2021-03-10 08:10:00,5.591,5.411,9.04,9.213,4.921,9.163,9.262,4.532,9.04,4.428,9.015,5.076,8.742,5.719,8.668,5.385
"803",2021-03-10 08:20:00,5.231,5.308,9.435,9.015,5.308,9.188,9.238,4.324,9.04,4.428,8.916,4.792,8.494,5.745,8.965,5.539
"804",2021-03-10 08:30:00,4.895,4.895,9.089,9.336,5.591,8.941,9.04,4.48,9.312,4.895,8.841,4.584,8.792,5.77,8.668,5.668
"805",2021-03-10 08:40:00,4.999,4.792,9.262,9.509,5.154,9.386,8.866,4.869,8.99,5.257,9.435,4.428,8.568,5.821,8.965,5.36
"806",2021-03-10 08:50:00,5.308,5.154,9.336,9.262,4.818,8.99,8.717,5.231,9.089,5.231,9.386,4.48,8.792,5.847,8.693,4.973
"807",2021-03-10 09:00:00,5.591,5.437,8.965,9.04,5.205,9.089,9.287,5.257,9.312,4.869,9.238,4.947,8.817,5.616,8.965,4.688
"808",2021-03-10 09:10:00,5.539,5.36,9.46,9.287,5.565,9.238,9.238,4.973,8.965,4.584,9.139,5.334,8.792,5.05,8.693,4.454
"809",2021-03-10 09:20:00,5.179,4.973,9.188,9.509,5.257,8.891,9.089,4.714,9.139,4.376,9.015,5.539,8.742,4.584,8.916,4.272
"810",2021-03-10 09:30:00,4.921,4.714,9.089,9.287,4.792,9.41,8.941,4.506,9.287,4.558,8.941,5.128,8.693,4.506,8.717,4.454
"811",2021-03-10 09:40:00,4.74,5.128,9.41,9.089,5.102,9.015,8.817,4.35,8.965,4.999,8.866,4.792,8.469,4.766,8.891,4.766
"812",2021-03-10 09:50:00,5.154,5.488,9.064,9.089,5.437,9.089,8.717,4.428,9.114,5.36,9.287,4.584,8.742,4.973,8.792,5.024
"813",2021-03-10 10:00:00,5.488,5.257,9.287,9.534,5.411,9.361,9.238,4.869,9.312,5.102,9.435,4.532,8.469,5.154,8.866,5.257
"814",2021-03-10 10:10:00,5.642,4.869,9.336,9.386,4.947,8.99,9.139,5.257,8.99,4.844,9.336,4.532,8.767,5.282,8.817,5.411
"815",2021-03-10 10:20:00,5.334,4.895,8.99,9.188,4.973,9.139,8.99,5.205,9.064,4.61,9.238,4.532,8.519,5.385,8.841,5.565
"816",2021-03-10 10:30:00,5.024,5.308,9.46,9.015,5.411,9.238,8.866,4.947,9.312,4.428,9.139,4.558,8.792,5.462,8.866,5.565
"817",2021-03-10 10:40:00,4.844,5.437,9.238,9.287,5.36,8.916,8.742,4.714,8.99,4.402,9.064,4.558,8.643,5.539,8.817,5.102
"818",2021-03-10 10:50:00,4.74,5.102,8.99,9.534,4.895,9.435,8.965,4.532,9.064,4.921,8.99,4.506,8.494,5.591,8.916,4.714
"819",2021-03-10 11:00:00,5.257,4.792,9.485,9.336,4.999,9.04,9.262,4.402,9.336,5.308,8.891,4.48,8.817,5.642,8.767,4.402
"820",2021-03-10 11:10:00,5.616,4.999,9.188,9.139,5.411,9.139,9.139,4.298,9.04,5.076,8.841,4.506,8.693,5.668,8.965,4.35
"821",2021-03-10 11:20:00,5.411,5.411,9.139,8.99,5.36,9.336,8.99,4.74,8.965,4.818,9.435,4.584,8.494,5.693,8.717,4.636
"822",2021-03-10 11:21:07,NA,5.334,9.435,9.509,4.921,9.015,8.866,NA,9.386,4.636,9.46,4.636,8.767,5.693,8.965,4.895
"823",2021-03-10 11:21:18,NA,NA,9.139,9.534,5.024,9.163,8.742,NA,9.114,4.48,9.386,4.688,8.494,5.693,8.693,5.102
