PlugID,Area_cm,vol_mL,Site,Treatment,Timepoint,ExperimentalTank,mean_concentration,prot_ug,prot_ug.cm2,prot_mg.cm2
AST-1037,5.618,15,FW,Ambient,TP2,8,185.858327,2787.874905,496.2397481,0.4962397481
AST-1041,3.734,11,ENDV,Heat,TP7,9,286.4271724,3150.698896,843.7865281,0.8437865281
AST-1058,3.579,11,ENDV,Ambient,TP1,5,487.1766462,5358.943108,1497.329731,1.497329731
AST-1065,0.777,8.5,FW,Heat,TP7,6,106.1445367,902.2285619,1161.16932,1.16116932
AST-1075,6.225,13,ENDV,Heat,TP3,3,524.9011267,6823.714648,1096.17906,1.09617906
AST-1077,1.543,5,ENDV,Ambient,TP3,5,319.9568311,1599.784155,1036.801138,1.036801138
AST-1080,1.812,12,FW,Heat,TP3,9,483.1488554,5797.786265,3199.661294,3.199661294
AST-1087,11.134,35,ENDV,Ambient,TP5,10,328.4421558,11495.47545,1032.465911,1.032465911
AST-1105,3.973,27,FW,Ambient,TP7,5,461.8319258,12469.462,3138.550717,3.138550717
AST-1117,1.263,4,ENDV,Heat,TP6,6,150.6706153,602.6824613,477.1832631,0.4771832631
AST-1126,1.799,13.5,ENDV,Ambient,TP3,16,144.3136459,1948.234219,1082.953985,1.082953985
AST-1146,1.187,10,FW,Heat,TP1,6,366.3628035,3663.628035,3086.460012,3.086460012
AST-1147,1.352,9.5,FW,Ambient,TP0,2,554.5219559,5267.958581,3896.419069,3.896419069
AST-1148,2.836,11.5,ENDV,Heat,TP3,6,257.4870875,2961.101506,1044.111956,1.044111956
AST-1152,2.387,14,FW,Heat,TP4,11,411.2501601,5757.502241,2412.024399,2.412024399
AST-1159,6.942,32,ENDV,Ambient,TP7,1,375.3742265,12011.97525,1730.333513,1.730333513
AST-1174,0.456,7.5,FW,Ambient,TP4,1,119.1646569,893.7349265,1959.945014,1.959945014
AST-1182,2.015,13,FW,Ambient,TP2,1,408.3850096,5309.005125,2634.741998,2.634741998
AST-1189,0.659,8.5,ENDV,Ambient,TP6,2,70.09568039,595.8132833,904.1172736,0.9041172736
AST-1273,3.475,15,ENDV,Heat,TP2,7,342.0090249,5130.135373,1476.297949,1.476297949
AST-1288,7.436,14.5,ENDV,Ambient,TP2,12,407.2251155,5904.764175,794.0780224,0.7940780224
AST-1290,6.603,17,ENDV,Ambient,TP6,1,61.79402042,1050.498347,159.0941007,0.1590941007
AST-1325,2.739,8,ENDV,Heat,TP1,17,803.2982426,6426.385941,2346.252625,2.346252625
AST-1337,2.369,19,FW,Ambient,TP2,2,641.8947689,12196.00061,5148.164039,5.148164039
AST-1343,17.451,50,ENDV,Ambient,TP4,10,435.6039386,21780.19693,1248.077298,1.248077298
AST-1345,1.866,11,FW,Ambient,TP0,12,454.625389,5000.879279,2679.999613,2.679999613
AST-1416,2.071,20,ENDV,Heat,TP5,9,176.2785268,3525.570536,1702.35178,1.70235178
AST-1423,11.752,15,FW,Heat,TP0,4,539.2608368,8088.912552,688.3009319,0.6883009319
AST-1432,3.125,11,ENDV,Ambient,TP3,12,379.2104308,4171.314738,1334.820716,1.334820716
AST-1434,1.974,9,FW,Ambient,TP3,8,179.4822587,1615.340328,818.3081705,0.8183081705
AST-1443,6.545,7,FW,Ambient,TP3,1,507.6419937,3553.493956,542.9326136,0.5429326136
AST-1457,3.894,9.5,FW,Ambient,TP1,16,413.4766629,3928.028298,1008.738649,1.008738649
AST-1473,5.363,4,FW,Heat,TP2,11,799.000517,3196.002068,595.9354965,0.5959354965
AST-1486,8.847,24,ENDV,Heat,TP7,7,396.1577706,9507.786494,1074.690459,1.074690459
AST-1496,2.011,4,FW,Heat,TP2,17,557.3728315,2229.491326,1108.648098,1.108648098
AST-1498,1.613,5,FW,Heat,TP5,17,184.3655881,921.8279406,571.4990332,0.5714990332
AST-1499,2.506,15,ENDV,Heat,TP4,3,558.9248042,8383.872063,3345.519578,3.345519578
AST-1540,1.693,4,FW,Heat,TP6,11,246.0264858,984.1059432,581.2793522,0.5812793522
AST-1560,1.149,6,FW,Ambient,TP7,10,158.9722753,953.8336517,830.1424297,0.8301424297
AST-1562,7.724,48,ENDV,Heat,TP4,7,305.7171196,14674.42174,1899.847455,1.899847455
AST-1567,3.306,5.5,FW,Heat,TP0,7,357.2354485,1964.794967,594.3118472,0.5943118472
AST-1568,1.046,13,FW,Ambient,TP4,16,308.2070785,4006.69202,3830.489503,3.830489503
AST-1578,5.531,32,ENDV,Heat,TP5,4,577.2927552,18473.36816,3339.968932,3.339968932
AST-1585,7.306,7,FW,Heat,TP0,6,212.1222058,1484.855441,203.2378101,0.2032378101
AST-1617,0.74,11,FW,Ambient,TP5,8,113.7678521,1251.446373,1691.143748,1.691143748
AST-1618,0.699,3.5,FW,Heat,TP0,3,358.5958884,1255.085609,1795.544506,1.795544506
AST-1630,1.615,24,ENDV,Heat,TP1,9,413.927285,9934.254839,6151.241386,6.151241386
AST-1647,14.396,44,ENDV,Heat,TP7,3,272.2411641,11978.61122,832.0791344,0.8320791344
AST-1649,3.233,15,FW,Heat,TP1,4,343.80904,5157.1356,1595.154841,1.595154841
AST-1689,2.675,8,ENDV,Heat,TP3,11,578.8614597,4630.891677,1731.174459,1.731174459
AST-1692,0.364,5.5,FW,Ambient,TP5,16,220.3215162,1211.768339,3329.033899,3.329033899
AST-1694,8.252,20,FW,Heat,TP4,17,231.7596274,4635.192548,561.70535,0.56170535
AST-1696,1.787,10,FW,Ambient,TP1,18,370.2755809,3702.755809,2072.051376,2.072051376
AST-1698,0.917,3.5,FW,Heat,TP6,15,48.60903107,170.1316088,185.5306529,0.1855306529
AST-1719,2.692,5.5,ENDV,Ambient,TP3,10,395.4918327,2175.20508,808.0256613,0.8080256613
AST-1722,1.689,27,FW,Ambient,TP0,18,416.206137,11237.5657,6653.384072,6.653384072
AST-1735,8.912,20,FW,Heat,TP2,3,351.5595263,7031.190526,788.9576443,0.7889576443
AST-1742,4.615,15,ENDV,Heat,TP6,4,217.572228,3263.583419,707.1686716,0.7071686716
AST-1748,33.4,12,ENDV,Ambient,TP6,12,592.9472144,7115.366573,213.0349273,0.2130349273
AST-1761,4.327,12,FW,Heat,TP2,9,451.4837057,5417.804469,1252.092551,1.252092551
AST-2000,5.645,23,FW,Ambient,TP5,5,164.8664202,3791.927665,671.732093,0.671732093
AST-2003,1.35,24,ENDV,Heat,TP0,17,666.4478081,15994.7474,11847.96103,11.84796103
AST-2007,5.155,20,FW,Heat,TP7,4,178.2693526,3565.387051,691.6366734,0.6916366734
AST-2016,2.901,7,ENDV,Ambient,TP3,2,192.0661529,1344.46307,463.4481455,0.4634481455
AST-2044,1.407,14,FW,Heat,TP6,17,67.90963466,950.7348852,675.7177578,0.6757177578
AST-2168,3.735,5.5,FW,Ambient,TP6,10,111.407606,612.741833,164.0540383,0.1640540383
AST-2197,1.216,15,FW,Ambient,TP0,1,325.7731725,4886.597588,4018.583542,4.018583542
AST-2198,2.332,13,FW,Ambient,TP0,5,203.3021342,2642.927744,1133.330937,1.133330937
AST-2208,2.144,11,FW,Ambient,TP6,18,118.9289743,1308.218717,610.1766405,0.6101766405
AST-2209,4.276,13,FW,Ambient,TP1,12,528.2438022,6867.169429,1605.979754,1.605979754
AST-2211,3.961,8,ENDV,Heat,TP7,15,384.0937602,3072.750081,775.7510935,0.7757510935
AST-2302,4.153,4.5,FW,Ambient,TP7,12,269.9027393,1214.562327,292.4542083,0.2924542083
AST-2360,3.469,21,FW,Ambient,TP5,12,176.1810374,3699.801785,1066.532656,1.066532656
AST-2375,1.995,14,FW,Ambient,TP5,2,289.6760498,4055.464697,2032.814384,2.032814384
AST-2378,6.158,10,ENDV,Ambient,TP1,8,795.7584277,7957.584277,1292.235186,1.292235186
AST-2398,0.972,4.5,FW,Heat,TP0,9,543.2902983,2444.806342,2515.232862,2.515232862
AST-2403,3.903,7,FW,Ambient,TP2,5,335.801199,2350.608393,602.2568263,0.6022568263
AST-2404,2.17,30,FW,Heat,TP5,6,183.6544434,5509.633302,2539.001522,2.539001522
AST-2512,1.299,15,FW,Heat,TP5,11,39.81903817,597.2855725,459.8041359,0.4598041359
AST-2520,9.138,23,FW,Ambient,TP1,10,526.4447479,12108.2292,1325.041497,1.325041497
AST-2523,1.03,10,FW,Ambient,TP7,8,107.1197625,1071.197625,1039.997694,1.039997694
AST-2533,2.612,3.5,FW,Ambient,TP0,8,268.4701641,939.6455743,359.7417972,0.3597417972
AST-2538,1.398,16,FW,Ambient,TP2,16,363.7037977,5819.260763,4162.561347,4.162561347
AST-2539,7.357,23,FW,Ambient,TP2,10,621.460693,14293.59594,1942.856591,1.942856591
AST-2561,3.602,9,ENDV,Heat,TP3,7,451.4837057,4063.353352,1128.082552,1.128082552
AST-2563,5.757,30.5,FW,Heat,TP5,3,349.1719009,10649.74298,1849.877189,1.849877189
AST-2669,2.724,28,ENDV,Heat,TP4,6,218.3941605,6115.036494,2244.873896,2.244873896
AST-2731,3.216,14.5,ENDV,Heat,TP3,15,137.485626,1993.541577,619.882331,0.619882331
AST-2755,1.43,10.5,FW,Heat,TP7,17,37.34803017,392.1543168,274.233788,0.274233788
AST-2859,1.073,4,FW,Heat,TP0,15,554.5219559,2218.087823,2067.183433,2.067183433
AST-2867,3.449,5.5,ENDV,Ambient,TP3,18,195.1089128,1073.09902,311.1333779,0.3111333779
AST-2870,3.256,5,FW,Heat,TP6,7,115.9989767,579.9948833,178.1311067,0.1781311067
AST-2873,4.21,13,FW,Heat,TP0,11,305.5626138,3972.31398,943.5425131,0.9435425131
AST-3002,10.246,30,ENDV,Ambient,TP7,2,420.2303976,12606.91193,1230.422792,1.230422792
FLD-0001,3.979,16,FW,Field,TP3,NA,192.0661529,1344.46307,463.4481455,0.4634481455
FLD-0002,3.482,12,FW,Field,TP3,NA,983.325194,11799.90233,3388.828928,3.388828928
FLD-0003,6.894,39,FW,Field,TP3,NA,507.6419937,3553.493956,542.9326136,0.5429326136
FLD-0004,5.023,9,FW,Field,TP3,NA,922.2019851,8299.817866,1652.362705,1.652362705
FLD-0005,3.05,17,FW,Field,TP3,NA,195.1089128,1073.09902,311.1333779,0.3111333779
FLD-0006,5.447,11,FW,Field,TP3,NA,785.0151031,8635.166134,1585.306799,1.585306799
FLD-0007,4.125,8,FW,Field,TP3,NA,1340.737988,10725.9039,2600.219128,2.600219128
FLD-0008,2.387,14,FW,Field,TP4,NA,411.2501601,5757.502241,2412.024399,2.412024399
FLD-0009,2.724,28,FW,Field,TP4,NA,218.3941605,6115.036494,2244.873896,2.244873896
FLD-0010,4.099,46,FW,Field,TP4,NA,645.597796,29697.49862,7245.059433,7.245059433
FLD-0011,1.543,5,FW,Field,TP4,NA,319.9568311,1599.784155,1036.801138,1.036801138
FLD-0012,1.812,12,FW,Field,TP4,NA,483.1488554,5797.786265,3199.661294,3.199661294
FLD-0013,0.699,3.5,FW,Field,TP4,NA,358.5958884,1255.085609,1795.544506,1.795544506
FLD-0014,2.354,20,FW,Field,TP4,NA,323.282617,6465.652339,2746.666244,2.746666244
FLD-0015,3.469,21,FW,Field,TP5,NA,176.1810374,3699.801785,1066.532656,1.066532656
FLD-0016,1.995,14,FW,Field,TP5,NA,289.6760498,4055.464697,2032.814384,2.032814384
FLD-0017,3.731,10,FW,Field,TP5,NA,1172.425122,11724.25122,3142.388426,3.142388426
FLD-0018,5.645,23,FW,Field,TP5,NA,164.8664202,3791.927665,671.732093,0.671732093
FLD-0020,7.453,42,FW,Field,TP5,NA,393.6282002,16532.38441,2218.218759,2.218218759
FLD-0021,13.177,16,FW,Field,TP5,NA,1387.129617,22194.07387,1684.304005,1.684304005
FLD-0022,8.902,15,FW,Field,TP5,NA,1373.463176,20601.94764,2314.305509,2.314305509
FLD-0023,5.633,13,FW,Field,TP6,NA,1108.914287,14415.88574,2559.184402,2.559184402
FLD-0024,1.263,4,FW,Field,TP6,NA,150.6706153,602.6824613,477.1832631,0.4771832631
FLD-0025,3.735,5.5,FW,Field,TP6,NA,111.407606,612.741833,164.0540383,0.1640540383
FLD-0026,3.735,5.5,FW,Field,TP6,NA,111.407606,612.741833,164.0540383,0.1640540383
FLD-0027,7.14,21,FW,Field,TP6,NA,1404.22127,29488.64666,4130.062558,4.130062558
FLD-0028,0.659,8.5,ENDV,Field,TP6,NA,70.09568039,595.8132833,904.1172736,0.9041172736
FLD-0029,1.693,4,FW,Field,TP6,NA,246.0264858,984.1059432,581.2793522,0.5812793522
FLD-0030,3.734,11,FW,Field,TP7,NA,286.4271724,3150.698896,843.7865281,0.8437865281
FLD-0031,11.134,35,FW,Field,TP7,NA,328.4421558,11495.47545,1032.465911,1.032465911
FLD-0032,3.973,27,FW,Field,TP7,NA,461.8319258,12469.462,3138.550717,3.138550717
FLD-0033,3.469,21,FW,Field,TP7,NA,176.1810374,3699.801785,1066.532656,1.066532656
FLD-0034,1.995,14,FW,Field,TP7,NA,289.6760498,4055.464697,2032.814384,2.032814384
FLD-0035,9.138,23,FW,Field,TP7,NA,526.4447479,12108.2292,1325.041497,1.325041497
FLD-0036,1.03,10,FW,Field,TP7,NA,107.1197625,1071.197625,1039.997694,1.039997694
FLD-0037,3.734,11,FW,Field,TP7,NA,286.4271724,3150.698896,843.7865281,0.8437865281
FLD-0038,6.682,8,FW,Field,TP7,NA,861.1950416,6889.560332,1031.062606,1.031062606