"","miRNA","mRNA","PCC.cor","p_value","adjusted_p_value","mRNA_log2FoldChange","mRNA_padj","mRNA_DE","miRNA_log2FoldChange","miRNA_padj","miRNA_DE","NCBI_Description","Swiss.Prot_Description","score","energy","query_similar","subject_similar","total_bp_shared","GO_Swiss.Prot","GO_Trembl"
"1","Cluster_2003","evm.TU.chromosome_13.1876",0.524244827668993,0.0212150639785613,0.451796747709014,-1.26354399904093,0.0091764634704589,"Y",-2.08402257311384,0.00892865157717894,"Y","acid phosphatase type 7-like isoform X2 [Orbicella faveolata]","Acid phosphatase type 7 OS=Danio rerio GN=acp7 PE=2 SV=1",151,-22.39,"65.00%","75.00%",20,"GO:0005576; GO:0003993; GO:0046872","GO:0003993; GO:0046872"
"2","Cluster_2003","evm.TU.chromosome_13.1876",0.524244827668993,0.0212150639785613,0.451796747709014,-1.26354399904093,0.0091764634704589,"Y",-1.80788972364058,0.0137215116746026,"Y","acid phosphatase type 7-like isoform X2 [Orbicella faveolata]","Acid phosphatase type 7 OS=Danio rerio GN=acp7 PE=2 SV=1",151,-22.39,"65.00%","75.00%",20,"GO:0005576; GO:0003993; GO:0046872","GO:0003993; GO:0046872"
"3","Cluster_2003","evm.TU.chromosome_13.1876",0.524244827668993,0.0212150639785613,0.451796747709014,-1.12795605309866,0.0120913480328809,"Y",-2.08402257311384,0.00892865157717894,"Y","acid phosphatase type 7-like isoform X2 [Orbicella faveolata]","Acid phosphatase type 7 OS=Danio rerio GN=acp7 PE=2 SV=1",151,-22.39,"65.00%","75.00%",20,"GO:0005576; GO:0003993; GO:0046872","GO:0003993; GO:0046872"
"4","Cluster_2003","evm.TU.chromosome_13.1876",0.524244827668993,0.0212150639785613,0.451796747709014,-1.12795605309866,0.0120913480328809,"Y",-1.80788972364058,0.0137215116746026,"Y","acid phosphatase type 7-like isoform X2 [Orbicella faveolata]","Acid phosphatase type 7 OS=Danio rerio GN=acp7 PE=2 SV=1",151,-22.39,"65.00%","75.00%",20,"GO:0005576; GO:0003993; GO:0046872","GO:0003993; GO:0046872"
"5","Cluster_3293","evm.TU.chromosome_7.1248",0.02043940037221,0.933809417485062,0.991131662423392,2.33796039371305,0.0438576725046241,"Y",-1.34713957796901,0.0322318117732271,"Y","eukaryotic translation initiation factor 2A-like [Orbicella faveolata]","Eukaryotic translation initiation factor 2A OS=Homo sapiens GN=EIF2A PE=1 SV=3",166,-23.47,"76.47%","88.24%",17,"GO:0072562; GO:0005737; GO:0022627; GO:0005850; GO:0005615; GO:0045296; GO:0003729; GO:0043022; GO:0003743; GO:0000049; GO:0009967; GO:0006468; GO:0006417; GO:1990928; GO:0042255; GO:0032933","GO:0022627; GO:0003729; GO:0043022; GO:0003743; GO:0000049; GO:0006417"
"6","Cluster_1452","evm.TU.chromosome_5.2690",-0.0870098867727542,0.72319497120793,0.955653736606253,2.66039702169227,0.0163953634403329,"Y",-1.91081838224239,0.0348782021335544,"Y","uncharacterized protein LOC110058230 [Orbicella faveolata]",NA,150,-20.51,"66.67%","76.19%",21,NA,"GO:0016021"
"7","Cluster_1452","evm.TU.chromosome_5.2690",-0.0870098867727542,0.72319497120793,0.955653736606253,2.24541475801418,0.0251222315606186,"Y",-1.91081838224239,0.0348782021335544,"Y","uncharacterized protein LOC110058230 [Orbicella faveolata]",NA,150,-20.51,"66.67%","76.19%",21,NA,"GO:0016021"
"8","Cluster_1452","evm.TU.chromosome_5.2690",-0.0870098867727542,0.72319497120793,0.955653736606253,2.63746629529017,0.00515103875066301,"Y",-1.91081838224239,0.0348782021335544,"Y","uncharacterized protein LOC110058230 [Orbicella faveolata]",NA,150,-20.51,"66.67%","76.19%",21,NA,"GO:0016021"
"9","Cluster_3037","evm.TU.chromosome_11.1959",0.384917571429809,0.103667591049026,0.680974907463105,-5.97958259481241,0.0435751857401938,"Y",-1.43752424408771,0.0214214929992694,"Y","uncharacterized protein LOC110049187 [Orbicella faveolata]","Uncharacterized skeletal organic matrix protein 5 OS=Acropora millepora PE=1 SV=1",149,-20.12,"66.67%","76.19%",21,"GO:0005576",""
"10","Cluster_3037","evm.TU.chromosome_11.1959",0.384917571429809,0.103667591049026,0.680974907463105,-5.97958259481241,0.0435751857401938,"Y",-2.10050778544854,1.3110905696035e-05,"Y","uncharacterized protein LOC110049187 [Orbicella faveolata]","Uncharacterized skeletal organic matrix protein 5 OS=Acropora millepora PE=1 SV=1",149,-20.12,"66.67%","76.19%",21,"GO:0005576",""
"11","Cluster_3037","evm.TU.chromosome_11.1959",0.384917571429809,0.103667591049026,0.680974907463105,-5.97958259481241,0.0435751857401938,"Y",-1.90572928544964,0.00012330016261007,"Y","uncharacterized protein LOC110049187 [Orbicella faveolata]","Uncharacterized skeletal organic matrix protein 5 OS=Acropora millepora PE=1 SV=1",149,-20.12,"66.67%","76.19%",21,"GO:0005576",""
"12","Cluster_2003","evm.TU.chromosome_6.75",-0.337956931430852,0.157023100506956,0.74259132453273,2.66556139517133,0.0101369100695187,"Y",-2.08402257311384,0.00892865157717894,"Y","uncharacterized protein LOC111336033 [Stylophora pistillata]","Zinc metalloproteinase nas-14 OS=Caenorhabditis elegans GN=nas-14 PE=2 SV=2",159,-24.93,"78.95%","78.95%",19,"GO:0005576; GO:0004222; GO:0008270","GO:0016021"
"13","Cluster_2003","evm.TU.chromosome_6.75",-0.337956931430852,0.157023100506956,0.74259132453273,2.66556139517133,0.0101369100695187,"Y",-1.80788972364058,0.0137215116746026,"Y","uncharacterized protein LOC111336033 [Stylophora pistillata]","Zinc metalloproteinase nas-14 OS=Caenorhabditis elegans GN=nas-14 PE=2 SV=2",159,-24.93,"78.95%","78.95%",19,"GO:0005576; GO:0004222; GO:0008270","GO:0016021"
"14","Cluster_3037","evm.TU.chromosome_6.75",-0.198673603353971,0.4148534094029,0.876899622511156,2.66556139517133,0.0101369100695187,"Y",-1.43752424408771,0.0214214929992694,"Y","uncharacterized protein LOC111336033 [Stylophora pistillata]","Zinc metalloproteinase nas-14 OS=Caenorhabditis elegans GN=nas-14 PE=2 SV=2",155,-22.46,"81.25%","81.25%",16,"GO:0005576; GO:0004222; GO:0008270","GO:0016021"
"15","Cluster_3037","evm.TU.chromosome_6.75",-0.198673603353971,0.4148534094029,0.876899622511156,2.66556139517133,0.0101369100695187,"Y",-2.10050778544854,1.3110905696035e-05,"Y","uncharacterized protein LOC111336033 [Stylophora pistillata]","Zinc metalloproteinase nas-14 OS=Caenorhabditis elegans GN=nas-14 PE=2 SV=2",155,-22.46,"81.25%","81.25%",16,"GO:0005576; GO:0004222; GO:0008270","GO:0016021"
"16","Cluster_3037","evm.TU.chromosome_6.75",-0.198673603353971,0.4148534094029,0.876899622511156,2.66556139517133,0.0101369100695187,"Y",-1.90572928544964,0.00012330016261007,"Y","uncharacterized protein LOC111336033 [Stylophora pistillata]","Zinc metalloproteinase nas-14 OS=Caenorhabditis elegans GN=nas-14 PE=2 SV=2",155,-22.46,"81.25%","81.25%",16,"GO:0005576; GO:0004222; GO:0008270","GO:0016021"
"17","Cluster_1765","evm.TU.chromosome_14.3654",-0.198309740520969,0.415725963042395,0.877297401558679,-4.24122327163295,0.000735135307136855,"Y",1.3612840075174,0.0379462900055039,"Y","PREDICTED: uncharacterized protein LOC109481127 [Branchiostoma belcheri]",NA,171,-21.76,"77.78%","88.89%",18,NA,"GO:0016021; GO:0003677; GO:0005452; GO:0046872; GO:0015074; GO:0006310"
"18","Cluster_8986","evm.TU.chromosome_6.2732",-0.289319376531408,0.22959471511241,0.79604399797244,-1.19049756454268,0.0359949839959449,"Y",1.92213709315473,0.00638007866559362,"Y","uncharacterized protein LOC110046851 [Orbicella faveolata]","Adhesion G protein-coupled receptor L3 OS=Homo sapiens GN=ADGRL3 PE=1 SV=2",160,-20.06,"68.42%","78.95%",19,"GO:0030424; GO:0005911; GO:0016021; GO:0005887; GO:0005509; GO:0030246; GO:0004930; GO:0007166; GO:0098742; GO:0007186; GO:0031987; GO:0001764; GO:0051965; GO:0042220; GO:0007416","GO:0016021; GO:0005524; GO:0004930; GO:0007166"
"19","Cluster_1452","evm.TU.chromosome_13.1253",-0.192109215949555,0.430745491179909,0.882128457535478,-9.31684385624863,0.0318992072811762,"Y",-1.91081838224239,0.0348782021335544,"Y","gamma-aminobutyric acid receptor subunit rho-2-like isoform X2 [Stylophora pistillata]","Gamma-aminobutyric acid receptor subunit beta-2 (Fragment) OS=Bos taurus GN=GABRB2 PE=1 SV=1",168,-25.3,"68.42%","89.47%",19,"GO:0030054; GO:0034707; GO:0030659; GO:1902711; GO:0005887; GO:0045211; GO:0005254; GO:0005230; GO:0004890; GO:0071420; GO:1902476","GO:0016021; GO:0005886; GO:0005230; GO:0004888; GO:1902476"
"20","Cluster_3730","evm.TU.chromosome_2.753",-0.319068541864083,0.183028578555824,0.764488553310066,-1.66045990047409,0.0373707509010833,"Y",1.37667833000391,0.0379462900055039,"Y","transcription factor HES-1-like [Orbicella faveolata]","Transcription factor HES-4-A OS=Xenopus laevis GN=hes4-a PE=1 SV=2",159,-20.96,"75.00%","75.00%",20,"GO:0005634; GO:0043425; GO:0046983; GO:0043565; GO:0030509; GO:0008283; GO:0033504; GO:0002088; GO:0043066; GO:0000122; GO:0045892; GO:0014029; GO:0021501; GO:0006351","GO:0005634; GO:0003677; GO:0046983; GO:0006355; GO:0006351"
"21","Cluster_3730","evm.TU.chromosome_2.753",-0.319068541864083,0.183028578555824,0.764488553310066,-1.66045990047409,0.0373707509010833,"Y",1.46561120966726,0.0232743094596943,"Y","transcription factor HES-1-like [Orbicella faveolata]","Transcription factor HES-4-A OS=Xenopus laevis GN=hes4-a PE=1 SV=2",159,-20.96,"75.00%","75.00%",20,"GO:0005634; GO:0043425; GO:0046983; GO:0043565; GO:0030509; GO:0008283; GO:0033504; GO:0002088; GO:0043066; GO:0000122; GO:0045892; GO:0014029; GO:0021501; GO:0006351","GO:0005634; GO:0003677; GO:0046983; GO:0006355; GO:0006351"
"22","Cluster_3730","evm.TU.chromosome_2.753",-0.319068541864083,0.183028578555824,0.764488553310066,-2.16079276971493,0.00549830627967599,"Y",1.37667833000391,0.0379462900055039,"Y","transcription factor HES-1-like [Orbicella faveolata]","Transcription factor HES-4-A OS=Xenopus laevis GN=hes4-a PE=1 SV=2",159,-20.96,"75.00%","75.00%",20,"GO:0005634; GO:0043425; GO:0046983; GO:0043565; GO:0030509; GO:0008283; GO:0033504; GO:0002088; GO:0043066; GO:0000122; GO:0045892; GO:0014029; GO:0021501; GO:0006351","GO:0005634; GO:0003677; GO:0046983; GO:0006355; GO:0006351"
"23","Cluster_3730","evm.TU.chromosome_2.753",-0.319068541864083,0.183028578555824,0.764488553310066,-2.16079276971493,0.00549830627967599,"Y",1.46561120966726,0.0232743094596943,"Y","transcription factor HES-1-like [Orbicella faveolata]","Transcription factor HES-4-A OS=Xenopus laevis GN=hes4-a PE=1 SV=2",159,-20.96,"75.00%","75.00%",20,"GO:0005634; GO:0043425; GO:0046983; GO:0043565; GO:0030509; GO:0008283; GO:0033504; GO:0002088; GO:0043066; GO:0000122; GO:0045892; GO:0014029; GO:0021501; GO:0006351","GO:0005634; GO:0003677; GO:0046983; GO:0006355; GO:0006351"
"24","Cluster_8986","evm.TU.chromosome_6.2479",0.227030708297251,0.34993959599339,0.854665603504034,1.84055931944969,0.0420356853812997,"Y",1.92213709315473,0.00638007866559362,"Y","tenascin-like [Orbicella faveolata]",NA,166,-22.38,"73.68%","89.47%",19,NA,"GO:0016021"
"25","Cluster_4640","evm.TU.chromosome_7.2395",0.823000503472346,1.51023493399505e-05,0.0235480666212498,3.23620164847342,0.000725965900098751,"Y",1.48294769202516,0.0403050479688004,"Y","uncharacterized protein LOC110041422 [Orbicella faveolata]",NA,162,-22.07,"75.00%","80.00%",20,NA,"GO:0016021; GO:0004930"
"26","Cluster_4640","evm.TU.chromosome_7.2395",0.823000503472346,1.51023493399505e-05,0.0235480666212498,3.23620164847342,0.000725965900098751,"Y",1.31187538969271,0.0379462900055039,"Y","uncharacterized protein LOC110041422 [Orbicella faveolata]",NA,162,-22.07,"75.00%","80.00%",20,NA,"GO:0016021; GO:0004930"
"27","Cluster_4640","evm.TU.chromosome_7.2395",0.823000503472346,1.51023493399505e-05,0.0235480666212498,3.23620164847342,0.000725965900098751,"Y",1.86456530997321,0.000993502412106537,"Y","uncharacterized protein LOC110041422 [Orbicella faveolata]",NA,162,-22.07,"75.00%","80.00%",20,NA,"GO:0016021; GO:0004930"
"28","Cluster_4640","evm.TU.chromosome_7.2395",0.823000503472346,1.51023493399505e-05,0.0235480666212498,2.80298429067451,0.00551531797854196,"Y",1.48294769202516,0.0403050479688004,"Y","uncharacterized protein LOC110041422 [Orbicella faveolata]",NA,162,-22.07,"75.00%","80.00%",20,NA,"GO:0016021; GO:0004930"
"29","Cluster_4640","evm.TU.chromosome_7.2395",0.823000503472346,1.51023493399505e-05,0.0235480666212498,2.80298429067451,0.00551531797854196,"Y",1.31187538969271,0.0379462900055039,"Y","uncharacterized protein LOC110041422 [Orbicella faveolata]",NA,162,-22.07,"75.00%","80.00%",20,NA,"GO:0016021; GO:0004930"
"30","Cluster_4640","evm.TU.chromosome_7.2395",0.823000503472346,1.51023493399505e-05,0.0235480666212498,2.80298429067451,0.00551531797854196,"Y",1.86456530997321,0.000993502412106537,"Y","uncharacterized protein LOC110041422 [Orbicella faveolata]",NA,162,-22.07,"75.00%","80.00%",20,NA,"GO:0016021; GO:0004930"
"31","Cluster_8986","evm.TU.chromosome_11.1886",-0.135682158610681,0.579684558951114,0.923783633953031,22.078987486152,1.04341598221453e-06,"Y",1.92213709315473,0.00638007866559362,"Y","PREDICTED: histone H3-3-like [Acropora digitifera]","Histone H3 OS=Euplotes crassus PE=3 SV=3",173,-24.15,"87.50%","93.75%",16,"GO:0000786; GO:0005634; GO:0003677; GO:0046982","GO:0000786; GO:0005634; GO:0003677; GO:0046982"
"32","Cluster_1453","evm.TU.chromosome_7.2214",0.311062396500694,0.194877712361022,0.773367172850292,-3.75224814267801,0.0378417423569775,"Y",-2.11084246984522,0.00796731911550886,"Y","PREDICTED: Down syndrome cell adhesion molecule-like protein Dscam2 isoform X1 [Acropora digitifera]","CUB and sushi domain-containing protein 1 OS=Mus musculus GN=Csmd1 PE=1 SV=2",145,-20.85,"100.00%","100.00%",8,"GO:0016021; GO:0042593; GO:0001964","GO:0016021"
"33","Cluster_1453","evm.TU.chromosome_7.2214",0.311062396500694,0.194877712361022,0.773367172850292,-3.75224814267801,0.0378417423569775,"Y",-1.91604663132552,0.0039771918208008,"Y","PREDICTED: Down syndrome cell adhesion molecule-like protein Dscam2 isoform X1 [Acropora digitifera]","CUB and sushi domain-containing protein 1 OS=Mus musculus GN=Csmd1 PE=1 SV=2",145,-20.85,"100.00%","100.00%",8,"GO:0016021; GO:0042593; GO:0001964","GO:0016021"
"34","Cluster_1453","evm.TU.chromosome_7.2214",0.311062396500694,0.194877712361022,0.773367172850292,-3.75224814267801,0.0378417423569775,"Y",-2.29617526735665,0.00012330016261007,"Y","PREDICTED: Down syndrome cell adhesion molecule-like protein Dscam2 isoform X1 [Acropora digitifera]","CUB and sushi domain-containing protein 1 OS=Mus musculus GN=Csmd1 PE=1 SV=2",145,-20.85,"100.00%","100.00%",8,"GO:0016021; GO:0042593; GO:0001964","GO:0016021"
"35","Cluster_1453","evm.TU.chromosome_7.2214",0.311062396500694,0.194877712361022,0.773367172850292,-3.9289412914147,0.0233013371637228,"Y",-2.11084246984522,0.00796731911550886,"Y","PREDICTED: Down syndrome cell adhesion molecule-like protein Dscam2 isoform X1 [Acropora digitifera]","CUB and sushi domain-containing protein 1 OS=Mus musculus GN=Csmd1 PE=1 SV=2",145,-20.85,"100.00%","100.00%",8,"GO:0016021; GO:0042593; GO:0001964","GO:0016021"
"36","Cluster_1453","evm.TU.chromosome_7.2214",0.311062396500694,0.194877712361022,0.773367172850292,-3.9289412914147,0.0233013371637228,"Y",-1.91604663132552,0.0039771918208008,"Y","PREDICTED: Down syndrome cell adhesion molecule-like protein Dscam2 isoform X1 [Acropora digitifera]","CUB and sushi domain-containing protein 1 OS=Mus musculus GN=Csmd1 PE=1 SV=2",145,-20.85,"100.00%","100.00%",8,"GO:0016021; GO:0042593; GO:0001964","GO:0016021"
"37","Cluster_1453","evm.TU.chromosome_7.2214",0.311062396500694,0.194877712361022,0.773367172850292,-3.9289412914147,0.0233013371637228,"Y",-2.29617526735665,0.00012330016261007,"Y","PREDICTED: Down syndrome cell adhesion molecule-like protein Dscam2 isoform X1 [Acropora digitifera]","CUB and sushi domain-containing protein 1 OS=Mus musculus GN=Csmd1 PE=1 SV=2",145,-20.85,"100.00%","100.00%",8,"GO:0016021; GO:0042593; GO:0001964","GO:0016021"
"38","Cluster_1453","evm.TU.chromosome_3.1831",-0.118304034702069,0.629545542344293,0.935520966036363,-5.23532167474192,0.0329439178877634,"Y",-2.11084246984522,0.00796731911550886,"Y","uncharacterized protein LOC110062144 [Orbicella faveolata]","Uracil-DNA glycosylase OS=Fusobacterium nucleatum subsp. nucleatum (strain ATCC 25586 / CIP 101130 / JCM 8532 / LMG 13131) GN=ung PE=3 SV=1",160,-20.03,"68.42%","78.95%",19,"GO:0005737; GO:0004844; GO:0097510","GO:0004844; GO:0006284"
"39","Cluster_1453","evm.TU.chromosome_3.1831",-0.118304034702069,0.629545542344293,0.935520966036363,-5.23532167474192,0.0329439178877634,"Y",-1.91604663132552,0.0039771918208008,"Y","uncharacterized protein LOC110062144 [Orbicella faveolata]","Uracil-DNA glycosylase OS=Fusobacterium nucleatum subsp. nucleatum (strain ATCC 25586 / CIP 101130 / JCM 8532 / LMG 13131) GN=ung PE=3 SV=1",160,-20.03,"68.42%","78.95%",19,"GO:0005737; GO:0004844; GO:0097510","GO:0004844; GO:0006284"
"40","Cluster_1453","evm.TU.chromosome_3.1831",-0.118304034702069,0.629545542344293,0.935520966036363,-5.23532167474192,0.0329439178877634,"Y",-2.29617526735665,0.00012330016261007,"Y","uncharacterized protein LOC110062144 [Orbicella faveolata]","Uracil-DNA glycosylase OS=Fusobacterium nucleatum subsp. nucleatum (strain ATCC 25586 / CIP 101130 / JCM 8532 / LMG 13131) GN=ung PE=3 SV=1",160,-20.03,"68.42%","78.95%",19,"GO:0005737; GO:0004844; GO:0097510","GO:0004844; GO:0006284"
"41","Cluster_4640","evm.TU.chromosome_7.88",-0.146648940291336,0.549116207325614,0.915870148504712,-6.41738983867491,0.000544487816580974,"Y",1.48294769202516,0.0403050479688004,"Y","profilin-2-like [Stylophora pistillata]","Profilin-2 OS=Acanthamoeba castellanii PE=1 SV=3",163,-20.17,"87.50%","87.50%",16,"GO:0005737; GO:0005856; GO:0003779","GO:0005856; GO:0003779"
"42","Cluster_4640","evm.TU.chromosome_7.88",-0.146648940291336,0.549116207325614,0.915870148504712,-6.41738983867491,0.000544487816580974,"Y",1.31187538969271,0.0379462900055039,"Y","profilin-2-like [Stylophora pistillata]","Profilin-2 OS=Acanthamoeba castellanii PE=1 SV=3",163,-20.17,"87.50%","87.50%",16,"GO:0005737; GO:0005856; GO:0003779","GO:0005856; GO:0003779"
"43","Cluster_4640","evm.TU.chromosome_7.88",-0.146648940291336,0.549116207325614,0.915870148504712,-6.41738983867491,0.000544487816580974,"Y",1.86456530997321,0.000993502412106537,"Y","profilin-2-like [Stylophora pistillata]","Profilin-2 OS=Acanthamoeba castellanii PE=1 SV=3",163,-20.17,"87.50%","87.50%",16,"GO:0005737; GO:0005856; GO:0003779","GO:0005856; GO:0003779"
"44","Cluster_4831","evm.TU.chromosome_14.5787",-0.140313053955428,0.566688379799611,0.920406471711771,5.89720411226979,0.00113712243116402,"Y",-1.78087240123925,0.0119167492554888,"Y","collagen triple helix repeat-containing protein 1-like [Orbicella faveolata]","Complement C1q and tumor necrosis factor-related protein 9A OS=Homo sapiens GN=C1QTNF9 PE=1 SV=1",162,-22.87,"78.95%","78.95%",19,"GO:0005581; GO:0005576; GO:0005179; GO:0042802","GO:0016021; GO:0004930; GO:0005525; GO:0007166"
"45","Cluster_2003","evm.TU.chromosome_4.1368",-0.192959508860656,0.42866908601855,0.881508177201936,-6.34077275828529,0.028239920342344,"Y",-2.08402257311384,0.00892865157717894,"Y","uncharacterized protein LOC111322152 [Stylophora pistillata]",NA,154,-21.63,"84.62%","84.62%",13,NA,NA
"46","Cluster_2003","evm.TU.chromosome_4.1368",-0.192959508860656,0.42866908601855,0.881508177201936,-6.34077275828529,0.028239920342344,"Y",-1.80788972364058,0.0137215116746026,"Y","uncharacterized protein LOC111322152 [Stylophora pistillata]",NA,154,-21.63,"84.62%","84.62%",13,NA,NA
"47","Cluster_3037","evm.TU.chromosome_4.1369",-0.42400860271263,0.0704196566266524,0.624220350227971,1.40819343111981,0.038546864670224,"Y",-1.43752424408771,0.0214214929992694,"Y","uncharacterized protein LOC110054296 isoform X1 [Orbicella faveolata]","Tectonic-2 OS=Rattus norvegicus GN=Tctn2 PE=2 SV=1",146,-22.35,"60.00%","68.00%",25,"GO:0005737; GO:0005856; GO:0016021; GO:0036038; GO:0060271; GO:1904491; GO:0007224","GO:0016021"
"48","Cluster_3037","evm.TU.chromosome_4.1369",-0.42400860271263,0.0704196566266524,0.624220350227971,1.40819343111981,0.038546864670224,"Y",-2.10050778544854,1.3110905696035e-05,"Y","uncharacterized protein LOC110054296 isoform X1 [Orbicella faveolata]","Tectonic-2 OS=Rattus norvegicus GN=Tctn2 PE=2 SV=1",146,-22.35,"60.00%","68.00%",25,"GO:0005737; GO:0005856; GO:0016021; GO:0036038; GO:0060271; GO:1904491; GO:0007224","GO:0016021"
"49","Cluster_3037","evm.TU.chromosome_4.1369",-0.42400860271263,0.0704196566266524,0.624220350227971,1.40819343111981,0.038546864670224,"Y",-1.90572928544964,0.00012330016261007,"Y","uncharacterized protein LOC110054296 isoform X1 [Orbicella faveolata]","Tectonic-2 OS=Rattus norvegicus GN=Tctn2 PE=2 SV=1",146,-22.35,"60.00%","68.00%",25,"GO:0005737; GO:0005856; GO:0016021; GO:0036038; GO:0060271; GO:1904491; GO:0007224","GO:0016021"
"50","Cluster_3037","evm.TU.chromosome_4.1369",-0.42400860271263,0.0704196566266524,0.624220350227971,1.34179660283916,0.0468281217685634,"Y",-1.43752424408771,0.0214214929992694,"Y","uncharacterized protein LOC110054296 isoform X1 [Orbicella faveolata]","Tectonic-2 OS=Rattus norvegicus GN=Tctn2 PE=2 SV=1",146,-22.35,"60.00%","68.00%",25,"GO:0005737; GO:0005856; GO:0016021; GO:0036038; GO:0060271; GO:1904491; GO:0007224","GO:0016021"
"51","Cluster_3037","evm.TU.chromosome_4.1369",-0.42400860271263,0.0704196566266524,0.624220350227971,1.34179660283916,0.0468281217685634,"Y",-2.10050778544854,1.3110905696035e-05,"Y","uncharacterized protein LOC110054296 isoform X1 [Orbicella faveolata]","Tectonic-2 OS=Rattus norvegicus GN=Tctn2 PE=2 SV=1",146,-22.35,"60.00%","68.00%",25,"GO:0005737; GO:0005856; GO:0016021; GO:0036038; GO:0060271; GO:1904491; GO:0007224","GO:0016021"
"52","Cluster_3037","evm.TU.chromosome_4.1369",-0.42400860271263,0.0704196566266524,0.624220350227971,1.34179660283916,0.0468281217685634,"Y",-1.90572928544964,0.00012330016261007,"Y","uncharacterized protein LOC110054296 isoform X1 [Orbicella faveolata]","Tectonic-2 OS=Rattus norvegicus GN=Tctn2 PE=2 SV=1",146,-22.35,"60.00%","68.00%",25,"GO:0005737; GO:0005856; GO:0016021; GO:0036038; GO:0060271; GO:1904491; GO:0007224","GO:0016021"
"53","Cluster_3293","evm.TU.chromosome_9.1182",-0.202362158233182,0.406063864013815,0.874335964176877,-2.72914970172556,0.0317978208514263,"Y",-1.34713957796901,0.0322318117732271,"Y","uncharacterized protein LOC111340607 [Stylophora pistillata]",NA,159,-20.63,"72.22%","77.78%",18,NA,"GO:0003677; GO:0003899; GO:0032549; GO:0006351"
"54","Cluster_3293","evm.TU.chromosome_9.1182",-0.202362158233182,0.406063864013815,0.874335964176877,-3.96996431140473,0.000758969958954568,"Y",-1.34713957796901,0.0322318117732271,"Y","uncharacterized protein LOC111340607 [Stylophora pistillata]",NA,159,-20.63,"72.22%","77.78%",18,NA,"GO:0003677; GO:0003899; GO:0032549; GO:0006351"
"55","Cluster_3293","evm.TU.chromosome_9.1182",-0.202362158233182,0.406063864013815,0.874335964176877,-2.56428400207486,0.0494115125939873,"Y",-1.34713957796901,0.0322318117732271,"Y","uncharacterized protein LOC111340607 [Stylophora pistillata]",NA,159,-20.63,"72.22%","77.78%",18,NA,"GO:0003677; GO:0003899; GO:0032549; GO:0006351"
"56","Cluster_8986","evm.TU.chromosome_9.2166",-0.327625969563051,0.170910500241634,0.75493816879527,-2.13467865932498,0.0274506558185205,"Y",1.92213709315473,0.00638007866559362,"Y","formin-like protein 14 [Orbicella faveolata]",NA,151,-20.43,"73.68%","78.95%",19,NA,NA
"57","Cluster_1452","evm.TU.chromosome_10.1344",-0.200220801806513,0.411154185813521,0.875822791336249,-3.54100043001178,3.49931076948528e-05,"Y",-1.91081838224239,0.0348782021335544,"Y","hypothetical protein XENTR_v90030530mg [Xenopus tropicalis]","Neurofilament heavy polypeptide OS=Rattus norvegicus GN=Nefh PE=1 SV=4",165,-24.3,"78.95%","84.21%",19,"GO:0030424; GO:0005737; GO:0005856; GO:0005882; GO:0005739; GO:0043209; GO:0097418; GO:0005883; GO:0005634; GO:0043204; GO:0014069; GO:0030674; GO:0046982; GO:0019901; GO:0005200; GO:0005198; GO:0015643; GO:0061564; GO:0031103; GO:0007420; GO:0071392; GO:1990830; GO:0034599; GO:0021987; GO:0021766; GO:0045110; GO:0045104; GO:0000226; GO:0033693; GO:0060052; GO:0031175; GO:0001552; GO:0048936; GO:1902513; GO:1903937; GO:0042220; GO:1903935; GO:0021510",""
"58","Cluster_1452","evm.TU.chromosome_8.2205",0.0114845860802491,0.96278194586738,0.995194602943722,-2.7374056969416,0.000276811598238564,"Y",-1.91081838224239,0.0348782021335544,"Y","uncharacterized protein LOC110053916 [Orbicella faveolata]",NA,158,-22.16,"73.68%","78.95%",19,NA,""
"59","Cluster_1452","evm.TU.chromosome_8.2205",0.0114845860802491,0.96278194586738,0.995194602943722,-2.16611518869715,0.00888640325449949,"Y",-1.91081838224239,0.0348782021335544,"Y","uncharacterized protein LOC110053916 [Orbicella faveolata]",NA,158,-22.16,"73.68%","78.95%",19,NA,""
"60","Cluster_1452","evm.TU.chromosome_8.2205",0.0114845860802491,0.96278194586738,0.995194602943722,-2.42981969847038,0.00159591057439963,"Y",-1.91081838224239,0.0348782021335544,"Y","uncharacterized protein LOC110053916 [Orbicella faveolata]",NA,158,-22.16,"73.68%","78.95%",19,NA,""
"61","Cluster_2003","evm.TU.chromosome_6.759",0.169053976938668,0.489020221554395,0.899184393041245,-3.00161882485174,0.00072259839801852,"Y",-2.08402257311384,0.00892865157717894,"Y","carboxylesterase 5A-like [Orbicella faveolata]","Cholinesterase OS=Oryctolagus cuniculus GN=BCHE PE=2 SV=1",166,-23.86,"78.95%","84.21%",19,"GO:0005576; GO:0003990; GO:0004104","GO:0052689"
"62","Cluster_2003","evm.TU.chromosome_6.759",0.169053976938668,0.489020221554395,0.899184393041245,-3.00161882485174,0.00072259839801852,"Y",-1.80788972364058,0.0137215116746026,"Y","carboxylesterase 5A-like [Orbicella faveolata]","Cholinesterase OS=Oryctolagus cuniculus GN=BCHE PE=2 SV=1",166,-23.86,"78.95%","84.21%",19,"GO:0005576; GO:0003990; GO:0004104","GO:0052689"
"63","Cluster_2003","evm.TU.chromosome_6.759",0.169053976938668,0.489020221554395,0.899184393041245,-3.01253893967581,0.000527404582829014,"Y",-2.08402257311384,0.00892865157717894,"Y","carboxylesterase 5A-like [Orbicella faveolata]","Cholinesterase OS=Oryctolagus cuniculus GN=BCHE PE=2 SV=1",166,-23.86,"78.95%","84.21%",19,"GO:0005576; GO:0003990; GO:0004104","GO:0052689"
"64","Cluster_2003","evm.TU.chromosome_6.759",0.169053976938668,0.489020221554395,0.899184393041245,-3.01253893967581,0.000527404582829014,"Y",-1.80788972364058,0.0137215116746026,"Y","carboxylesterase 5A-like [Orbicella faveolata]","Cholinesterase OS=Oryctolagus cuniculus GN=BCHE PE=2 SV=1",166,-23.86,"78.95%","84.21%",19,"GO:0005576; GO:0003990; GO:0004104","GO:0052689"
"65","Cluster_3037","evm.TU.chromosome_13.2488",-0.341494948459656,0.152451212176866,0.738504849079592,3.85963670546501,0.00828030895057101,"Y",-1.43752424408771,0.0214214929992694,"Y","uncharacterized protein LOC110064137 [Orbicella faveolata]",NA,165,-20.68,"83.33%","83.33%",18,NA,""
"66","Cluster_3037","evm.TU.chromosome_13.2488",-0.341494948459656,0.152451212176866,0.738504849079592,3.85963670546501,0.00828030895057101,"Y",-2.10050778544854,1.3110905696035e-05,"Y","uncharacterized protein LOC110064137 [Orbicella faveolata]",NA,165,-20.68,"83.33%","83.33%",18,NA,""
"67","Cluster_3037","evm.TU.chromosome_13.2488",-0.341494948459656,0.152451212176866,0.738504849079592,3.85963670546501,0.00828030895057101,"Y",-1.90572928544964,0.00012330016261007,"Y","uncharacterized protein LOC110064137 [Orbicella faveolata]",NA,165,-20.68,"83.33%","83.33%",18,NA,""
"68","Cluster_8986","evm.TU.chromosome_12.3587",0.653876430696345,0.00239199445244772,0.218442678121405,0.883919748900948,0.0414126875936937,"Y",1.92213709315473,0.00638007866559362,"Y","cytoplasmic aconitate hydratase-like isoform X1 [Orbicella faveolata]","Cytoplasmic aconitate hydratase OS=Homo sapiens GN=ACO1 PE=1 SV=3",164,-22.26,"82.35%","88.24%",17,"GO:0005737; GO:0005829; GO:0005783; GO:0070062; GO:0005794; GO:0005739; GO:0051538; GO:0051539; GO:0003994; GO:0030350; GO:0046872; GO:0003723; GO:0006879; GO:0006101; GO:0050892; GO:0009791; GO:0006417; GO:0010040; GO:0006099","GO:0005737; GO:0051539; GO:0003994; GO:0006879; GO:0008152; GO:0010040"
"69","Cluster_8986","evm.TU.chromosome_12.3587",0.653876430696345,0.00239199445244772,0.218442678121405,1.01500175573235,0.00327479014717844,"Y",1.92213709315473,0.00638007866559362,"Y","cytoplasmic aconitate hydratase-like isoform X1 [Orbicella faveolata]","Cytoplasmic aconitate hydratase OS=Homo sapiens GN=ACO1 PE=1 SV=3",164,-22.26,"82.35%","88.24%",17,"GO:0005737; GO:0005829; GO:0005783; GO:0070062; GO:0005794; GO:0005739; GO:0051538; GO:0051539; GO:0003994; GO:0030350; GO:0046872; GO:0003723; GO:0006879; GO:0006101; GO:0050892; GO:0009791; GO:0006417; GO:0010040; GO:0006099","GO:0005737; GO:0051539; GO:0003994; GO:0006879; GO:0008152; GO:0010040"
"70","Cluster_1453","evm.TU.chromosome_13.4161",0.15520481080721,0.525782823057394,0.909385601206528,-4.1576084309315,0.000108388119397183,"Y",-2.11084246984522,0.00796731911550886,"Y",NA,NA,154,-20.97,"78.95%","78.95%",19,NA,NA
"71","Cluster_1453","evm.TU.chromosome_13.4161",0.15520481080721,0.525782823057394,0.909385601206528,-4.1576084309315,0.000108388119397183,"Y",-1.91604663132552,0.0039771918208008,"Y",NA,NA,154,-20.97,"78.95%","78.95%",19,NA,NA
"72","Cluster_1453","evm.TU.chromosome_13.4161",0.15520481080721,0.525782823057394,0.909385601206528,-4.1576084309315,0.000108388119397183,"Y",-2.29617526735665,0.00012330016261007,"Y",NA,NA,154,-20.97,"78.95%","78.95%",19,NA,NA
"73","Cluster_1453","evm.TU.chromosome_13.4161",0.15520481080721,0.525782823057394,0.909385601206528,-3.1226211913084,0.0244496487016045,"Y",-2.11084246984522,0.00796731911550886,"Y",NA,NA,154,-20.97,"78.95%","78.95%",19,NA,NA
"74","Cluster_1453","evm.TU.chromosome_13.4161",0.15520481080721,0.525782823057394,0.909385601206528,-3.1226211913084,0.0244496487016045,"Y",-1.91604663132552,0.0039771918208008,"Y",NA,NA,154,-20.97,"78.95%","78.95%",19,NA,NA
"75","Cluster_1453","evm.TU.chromosome_13.4161",0.15520481080721,0.525782823057394,0.909385601206528,-3.1226211913084,0.0244496487016045,"Y",-2.29617526735665,0.00012330016261007,"Y",NA,NA,154,-20.97,"78.95%","78.95%",19,NA,NA
"76","Cluster_1453","evm.TU.chromosome_13.4161",0.15520481080721,0.525782823057394,0.909385601206528,-3.33512394955629,0.00444011384300494,"Y",-2.11084246984522,0.00796731911550886,"Y",NA,NA,154,-20.97,"78.95%","78.95%",19,NA,NA
"77","Cluster_1453","evm.TU.chromosome_13.4161",0.15520481080721,0.525782823057394,0.909385601206528,-3.33512394955629,0.00444011384300494,"Y",-1.91604663132552,0.0039771918208008,"Y",NA,NA,154,-20.97,"78.95%","78.95%",19,NA,NA
"78","Cluster_1453","evm.TU.chromosome_13.4161",0.15520481080721,0.525782823057394,0.909385601206528,-3.33512394955629,0.00444011384300494,"Y",-2.29617526735665,0.00012330016261007,"Y",NA,NA,154,-20.97,"78.95%","78.95%",19,NA,NA
"79","Cluster_1453","evm.TU.chromosome_13.4161",0.15520481080721,0.525782823057394,0.909385601206528,-3.42844383441188,0.00265329214957365,"Y",-2.11084246984522,0.00796731911550886,"Y",NA,NA,154,-20.97,"78.95%","78.95%",19,NA,NA
"80","Cluster_1453","evm.TU.chromosome_13.4161",0.15520481080721,0.525782823057394,0.909385601206528,-3.42844383441188,0.00265329214957365,"Y",-1.91604663132552,0.0039771918208008,"Y",NA,NA,154,-20.97,"78.95%","78.95%",19,NA,NA
"81","Cluster_1453","evm.TU.chromosome_13.4161",0.15520481080721,0.525782823057394,0.909385601206528,-3.42844383441188,0.00265329214957365,"Y",-2.29617526735665,0.00012330016261007,"Y",NA,NA,154,-20.97,"78.95%","78.95%",19,NA,NA
"82","Cluster_1453","evm.TU.chromosome_5.1708",-0.296297002496897,0.218046170971026,0.789072560376215,1.74293722731516,0.0141190014309506,"Y",-2.11084246984522,0.00796731911550886,"Y","membrane-associated progesterone receptor component 2-like [Orbicella faveolata]","Membrane-associated progesterone receptor component 2 OS=Rattus norvegicus GN=Pgrmc2 PE=1 SV=1",157,-24.41,"68.18%","81.82%",22,"GO:0012505; GO:0016021; GO:0016020; GO:0005635; GO:0020037; GO:0005496",""
"83","Cluster_1453","evm.TU.chromosome_5.1708",-0.296297002496897,0.218046170971026,0.789072560376215,1.74293722731516,0.0141190014309506,"Y",-1.91604663132552,0.0039771918208008,"Y","membrane-associated progesterone receptor component 2-like [Orbicella faveolata]","Membrane-associated progesterone receptor component 2 OS=Rattus norvegicus GN=Pgrmc2 PE=1 SV=1",157,-24.41,"68.18%","81.82%",22,"GO:0012505; GO:0016021; GO:0016020; GO:0005635; GO:0020037; GO:0005496",""
"84","Cluster_1453","evm.TU.chromosome_5.1708",-0.296297002496897,0.218046170971026,0.789072560376215,1.74293722731516,0.0141190014309506,"Y",-2.29617526735665,0.00012330016261007,"Y","membrane-associated progesterone receptor component 2-like [Orbicella faveolata]","Membrane-associated progesterone receptor component 2 OS=Rattus norvegicus GN=Pgrmc2 PE=1 SV=1",157,-24.41,"68.18%","81.82%",22,"GO:0012505; GO:0016021; GO:0016020; GO:0005635; GO:0020037; GO:0005496",""
"85","Cluster_8986","evm.TU.chromosome_10.2297",-0.346056584986683,0.146693499935275,0.732737281544614,-4.27965263252167,0.0163145445514307,"Y",1.92213709315473,0.00638007866559362,"Y","LOW QUALITY PROTEIN: uncharacterized protein LOC111334289 [Stylophora pistillata]","Lactadherin OS=Rattus norvegicus GN=Mfge8 PE=2 SV=1",176,-20.52,"84.21%","84.21%",19,"GO:0009897; GO:0070062; GO:0031012; GO:0005615; GO:1903561; GO:0019897; GO:0016020; GO:0005178; GO:0008429; GO:0001786; GO:0001525; GO:0007155; GO:0006911; GO:0006910; GO:2000427; GO:0008284; GO:0050766; GO:0043627; GO:0007338",""
"86","Cluster_1473","evm.TU.chromosome_9.2739",0.0788015426461727,0.748462050910303,0.960434794028765,-2.68339108524942,0.0253432299575313,"Y",-1.44436075690919,0.0251849403889324,"Y","leucine-rich repeat extensin-like protein 3 [Orbicella faveolata]",NA,166,-24.04,"73.91%","82.61%",23,NA,"GO:0030246"
"87","Cluster_8986","evm.TU.chromosome_11.2336",0.443136940529954,0.0574049798932981,0.593863850274747,1.32884378421301,0.00802085138752867,"Y",1.92213709315473,0.00638007866559362,"Y","small nuclear ribonucleoprotein Sm D2 [Orbicella faveolata]","Small nuclear ribonucleoprotein Sm D2 OS=Schizosaccharomyces pombe (strain 972 / ATCC 24843) GN=smd2 PE=1 SV=1",174,-21.77,"84.21%","89.47%",19,"GO:0071013; GO:0005634; GO:0071014; GO:0071011; GO:0000974; GO:0005681; GO:0005685; GO:0005686; GO:0071004; GO:0046540; GO:0005682; GO:0000395; GO:0045292; GO:0000387","GO:0030532; GO:0019013; GO:0008380"
"88","Cluster_8986","evm.TU.chromosome_11.2336",0.443136940529954,0.0574049798932981,0.593863850274747,1.26247991554342,0.0136687044527688,"Y",1.92213709315473,0.00638007866559362,"Y","small nuclear ribonucleoprotein Sm D2 [Orbicella faveolata]","Small nuclear ribonucleoprotein Sm D2 OS=Schizosaccharomyces pombe (strain 972 / ATCC 24843) GN=smd2 PE=1 SV=1",174,-21.77,"84.21%","89.47%",19,"GO:0071013; GO:0005634; GO:0071014; GO:0071011; GO:0000974; GO:0005681; GO:0005685; GO:0005686; GO:0071004; GO:0046540; GO:0005682; GO:0000395; GO:0045292; GO:0000387","GO:0030532; GO:0019013; GO:0008380"
"89","Cluster_1452","evm.TU.chromosome_10.16",0.10150927222814,0.679239692488818,0.946177671935435,1.6083735195697,0.0150462560509204,"Y",-1.91081838224239,0.0348782021335544,"Y","protein SCO1 homolog, mitochondrial-like [Orbicella faveolata]","Protein SCO1 homolog, mitochondrial OS=Bos taurus GN=SCO1 PE=2 SV=1",169,-24.76,"87.50%","87.50%",16,"GO:0072492; GO:0005743; GO:0030016; GO:0005507; GO:0006878; GO:0006825; GO:0033617; GO:1901799","GO:0016021; GO:0005743; GO:0005507; GO:0045454; GO:0006878; GO:0006825; GO:0008535"
"90","Cluster_2003","evm.TU.chromosome_4.211",0.291537213514513,0.225882033872665,0.793922031930596,-4.3931302369561,0.000423012670033612,"Y",-2.08402257311384,0.00892865157717894,"Y","uncharacterized protein LOC110059994 isoform X2 [Orbicella faveolata]","C-type lectin domain family 10 member A OS=Homo sapiens GN=CLEC10A PE=1 SV=1",148,-20.75,"57.89%","73.68%",19,"GO:0016021; GO:0005886; GO:0030246; GO:0002250; GO:0006897; GO:0045087; GO:0002223",""
"91","Cluster_2003","evm.TU.chromosome_4.211",0.291537213514513,0.225882033872665,0.793922031930596,-4.3931302369561,0.000423012670033612,"Y",-1.80788972364058,0.0137215116746026,"Y","uncharacterized protein LOC110059994 isoform X2 [Orbicella faveolata]","C-type lectin domain family 10 member A OS=Homo sapiens GN=CLEC10A PE=1 SV=1",148,-20.75,"57.89%","73.68%",19,"GO:0016021; GO:0005886; GO:0030246; GO:0002250; GO:0006897; GO:0045087; GO:0002223",""
"92","Cluster_2003","evm.TU.chromosome_4.211",0.291537213514513,0.225882033872665,0.793922031930596,-4.30624963674988,0.00202963723260476,"Y",-2.08402257311384,0.00892865157717894,"Y","uncharacterized protein LOC110059994 isoform X2 [Orbicella faveolata]","C-type lectin domain family 10 member A OS=Homo sapiens GN=CLEC10A PE=1 SV=1",148,-20.75,"57.89%","73.68%",19,"GO:0016021; GO:0005886; GO:0030246; GO:0002250; GO:0006897; GO:0045087; GO:0002223",""
"93","Cluster_2003","evm.TU.chromosome_4.211",0.291537213514513,0.225882033872665,0.793922031930596,-4.30624963674988,0.00202963723260476,"Y",-1.80788972364058,0.0137215116746026,"Y","uncharacterized protein LOC110059994 isoform X2 [Orbicella faveolata]","C-type lectin domain family 10 member A OS=Homo sapiens GN=CLEC10A PE=1 SV=1",148,-20.75,"57.89%","73.68%",19,"GO:0016021; GO:0005886; GO:0030246; GO:0002250; GO:0006897; GO:0045087; GO:0002223",""
"94","Cluster_2003","evm.TU.chromosome_4.211",0.291537213514513,0.225882033872665,0.793922031930596,-3.9607593079689,0.00220844061719719,"Y",-2.08402257311384,0.00892865157717894,"Y","uncharacterized protein LOC110059994 isoform X2 [Orbicella faveolata]","C-type lectin domain family 10 member A OS=Homo sapiens GN=CLEC10A PE=1 SV=1",148,-20.75,"57.89%","73.68%",19,"GO:0016021; GO:0005886; GO:0030246; GO:0002250; GO:0006897; GO:0045087; GO:0002223",""
"95","Cluster_2003","evm.TU.chromosome_4.211",0.291537213514513,0.225882033872665,0.793922031930596,-3.9607593079689,0.00220844061719719,"Y",-1.80788972364058,0.0137215116746026,"Y","uncharacterized protein LOC110059994 isoform X2 [Orbicella faveolata]","C-type lectin domain family 10 member A OS=Homo sapiens GN=CLEC10A PE=1 SV=1",148,-20.75,"57.89%","73.68%",19,"GO:0016021; GO:0005886; GO:0030246; GO:0002250; GO:0006897; GO:0045087; GO:0002223",""
"96","Cluster_2003","evm.TU.chromosome_4.211",0.291537213514513,0.225882033872665,0.793922031930596,-2.94687812516468,0.0440511747379235,"Y",-2.08402257311384,0.00892865157717894,"Y","uncharacterized protein LOC110059994 isoform X2 [Orbicella faveolata]","C-type lectin domain family 10 member A OS=Homo sapiens GN=CLEC10A PE=1 SV=1",148,-20.75,"57.89%","73.68%",19,"GO:0016021; GO:0005886; GO:0030246; GO:0002250; GO:0006897; GO:0045087; GO:0002223",""
"97","Cluster_2003","evm.TU.chromosome_4.211",0.291537213514513,0.225882033872665,0.793922031930596,-2.94687812516468,0.0440511747379235,"Y",-1.80788972364058,0.0137215116746026,"Y","uncharacterized protein LOC110059994 isoform X2 [Orbicella faveolata]","C-type lectin domain family 10 member A OS=Homo sapiens GN=CLEC10A PE=1 SV=1",148,-20.75,"57.89%","73.68%",19,"GO:0016021; GO:0005886; GO:0030246; GO:0002250; GO:0006897; GO:0045087; GO:0002223",""
"98","Cluster_3293","evm.TU.chromosome_10.346",-0.401181879518241,0.0886869004428797,0.658493037116453,1.08971899917507,0.0163145445514307,"Y",-1.34713957796901,0.0322318117732271,"Y","delta-1-pyrroline-5-carboxylate dehydrogenase, mitochondrial-like [Stylophora pistillata]","Delta-1-pyrroline-5-carboxylate dehydrogenase, mitochondrial OS=Mus musculus GN=Aldh4a1 PE=1 SV=3",166,-23.15,"73.68%","89.47%",19,"GO:0005759; GO:0005739; GO:0003842; GO:0004029; GO:0042802; GO:0010133","GO:0003842; GO:0010133"
"99","Cluster_1452","evm.TU.chromosome_1.1781",0.484503716729252,0.0355308022547352,0.522984159324654,-3.16314351131229,0.031928679147533,"Y",-1.91081838224239,0.0348782021335544,"Y","Atrial natriuretic peptide receptor 1 [Stylophora pistillata]","Atrial natriuretic peptide receptor 1 OS=Mus musculus GN=Npr1 PE=1 SV=2",161,-22.21,"72.22%","88.89%",18,"GO:0008074; GO:0016021; GO:0005886; GO:0043235; GO:0005524; GO:0005525; GO:0004383; GO:0042562; GO:0016941; GO:0017046; GO:0004672; GO:0019901; GO:0006182; GO:0042417; GO:0035556; GO:0048662; GO:0030828; GO:0007168; GO:0050880","GO:0016021; GO:0005622; GO:0005524; GO:0004383; GO:0004672; GO:0035556"
"100","Cluster_4754","evm.TU.chromosome_14.4953",-0.235774762628806,0.331179689575335,0.846838895337523,5.93642831155437,0.0274248307395894,"Y",-1.4879366352355,0.0348782021335544,"Y","beta-1,3-galactosyltransferase 5-like [Stylophora pistillata]","Beta-1,3-galactosyltransferase 5 (Fragment) OS=Pan paniscus GN=B3GALT5 PE=3 SV=1",175,-23.01,"83.33%","88.89%",18,"GO:0000139; GO:0016021; GO:0008378; GO:0006486","GO:0000139; GO:0016021; GO:0008378; GO:0006486"
"101","Cluster_4754","evm.TU.chromosome_14.4953",-0.235774762628806,0.331179689575335,0.846838895337523,5.93642831155437,0.0274248307395894,"Y",-1.98631288697861,0.000993502412106537,"Y","beta-1,3-galactosyltransferase 5-like [Stylophora pistillata]","Beta-1,3-galactosyltransferase 5 (Fragment) OS=Pan paniscus GN=B3GALT5 PE=3 SV=1",175,-23.01,"83.33%","88.89%",18,"GO:0000139; GO:0016021; GO:0008378; GO:0006486","GO:0000139; GO:0016021; GO:0008378; GO:0006486"
"102","Cluster_3293","evm.TU.chromosome_2.1058",0.197532471020789,0.41759317165533,0.877998159548399,-4.57356165345053,9.28048896750174e-08,"Y",-1.34713957796901,0.0322318117732271,"Y","uncharacterized protein LOC111339197 isoform X1 [Stylophora pistillata]",NA,160,-20.03,"75.00%","85.00%",20,NA,"GO:0005576; GO:0009405"
"103","Cluster_3293","evm.TU.chromosome_2.1058",0.197532471020789,0.41759317165533,0.877998159548399,-4.09128268104468,3.10096125394728e-05,"Y",-1.34713957796901,0.0322318117732271,"Y","uncharacterized protein LOC111339197 isoform X1 [Stylophora pistillata]",NA,160,-20.03,"75.00%","85.00%",20,NA,"GO:0005576; GO:0009405"
"104","Cluster_3293","evm.TU.chromosome_2.1058",0.197532471020789,0.41759317165533,0.877998159548399,-2.89786365141148,0.00382875630378493,"Y",-1.34713957796901,0.0322318117732271,"Y","uncharacterized protein LOC111339197 isoform X1 [Stylophora pistillata]",NA,160,-20.03,"75.00%","85.00%",20,NA,"GO:0005576; GO:0009405"
"105","Cluster_3293","evm.TU.chromosome_2.1058",0.197532471020789,0.41759317165533,0.877998159548399,-3.8632607729535,1.54533595747006e-05,"Y",-1.34713957796901,0.0322318117732271,"Y","uncharacterized protein LOC111339197 isoform X1 [Stylophora pistillata]",NA,160,-20.03,"75.00%","85.00%",20,NA,"GO:0005576; GO:0009405"
"106","Cluster_1453","evm.TU.chromosome_4.1968",-0.25391456063208,0.294194006771373,0.830386476604245,3.63249541705933,0.0190579642663263,"Y",-2.11084246984522,0.00796731911550886,"Y","uncharacterized protein LOC110067694 [Orbicella faveolata]",NA,151,-20.37,"70.00%","70.00%",20,NA,NA
"107","Cluster_1453","evm.TU.chromosome_4.1968",-0.25391456063208,0.294194006771373,0.830386476604245,3.63249541705933,0.0190579642663263,"Y",-1.91604663132552,0.0039771918208008,"Y","uncharacterized protein LOC110067694 [Orbicella faveolata]",NA,151,-20.37,"70.00%","70.00%",20,NA,NA
"108","Cluster_1453","evm.TU.chromosome_4.1968",-0.25391456063208,0.294194006771373,0.830386476604245,3.63249541705933,0.0190579642663263,"Y",-2.29617526735665,0.00012330016261007,"Y","uncharacterized protein LOC110067694 [Orbicella faveolata]",NA,151,-20.37,"70.00%","70.00%",20,NA,NA
"109","Cluster_1453","evm.TU.chromosome_4.1968",-0.25391456063208,0.294194006771373,0.830386476604245,3.37291342294084,0.013744506905571,"Y",-2.11084246984522,0.00796731911550886,"Y","uncharacterized protein LOC110067694 [Orbicella faveolata]",NA,151,-20.37,"70.00%","70.00%",20,NA,NA
"110","Cluster_1453","evm.TU.chromosome_4.1968",-0.25391456063208,0.294194006771373,0.830386476604245,3.37291342294084,0.013744506905571,"Y",-1.91604663132552,0.0039771918208008,"Y","uncharacterized protein LOC110067694 [Orbicella faveolata]",NA,151,-20.37,"70.00%","70.00%",20,NA,NA
"111","Cluster_1453","evm.TU.chromosome_4.1968",-0.25391456063208,0.294194006771373,0.830386476604245,3.37291342294084,0.013744506905571,"Y",-2.29617526735665,0.00012330016261007,"Y","uncharacterized protein LOC110067694 [Orbicella faveolata]",NA,151,-20.37,"70.00%","70.00%",20,NA,NA
"112","Cluster_4831","evm.TU.chromosome_11.1584",0.348204263150406,0.144035699401144,0.730174256418522,-2.03468381044156,0.0090569051328051,"Y",-1.78087240123925,0.0119167492554888,"Y","uncharacterized protein LOC111343912 [Stylophora pistillata]",NA,172,-21.52,"93.33%","93.33%",15,NA,""
"113","Cluster_4831","evm.TU.chromosome_14.6844",-0.0302158252484443,0.902270578593363,0.986621493059961,-2.04222971276931,0.0337323275026879,"Y",-1.78087240123925,0.0119167492554888,"Y","cytochrome P450 1A3-like [Orbicella faveolata]","Cytochrome P450 1A1 OS=Platichthys flesus GN=cyp1a1 PE=3 SV=1",168,-24.44,"86.67%","93.33%",15,"GO:0005789; GO:0031090; GO:0070330; GO:0020037; GO:0005506","GO:0020037; GO:0005506; GO:0004497; GO:0016705"
"114","Cluster_4831","evm.TU.chromosome_14.6844",-0.0302158252484443,0.902270578593363,0.986621493059961,-1.90064881896751,0.0304875262749795,"Y",-1.78087240123925,0.0119167492554888,"Y","cytochrome P450 1A3-like [Orbicella faveolata]","Cytochrome P450 1A1 OS=Platichthys flesus GN=cyp1a1 PE=3 SV=1",168,-24.44,"86.67%","93.33%",15,"GO:0005789; GO:0031090; GO:0070330; GO:0020037; GO:0005506","GO:0020037; GO:0005506; GO:0004497; GO:0016705"
"115","Cluster_1452","evm.TU.chromosome_5.667",-0.115811105194495,0.636832557609767,0.937218808527682,-3.0439658266868,0.000507009084128464,"Y",-1.91081838224239,0.0348782021335544,"Y",NA,NA,168,-22.69,"73.68%","84.21%",19,NA,NA
"116","Cluster_1452","evm.TU.chromosome_5.667",-0.115811105194495,0.636832557609767,0.937218808527682,-2.09541173202848,0.0469158705319244,"Y",-1.91081838224239,0.0348782021335544,"Y",NA,NA,168,-22.69,"73.68%","84.21%",19,NA,NA
"117","Cluster_1452","evm.TU.chromosome_5.667",-0.115811105194495,0.636832557609767,0.937218808527682,-2.39359141797394,0.0118192146164381,"Y",-1.91081838224239,0.0348782021335544,"Y",NA,NA,168,-22.69,"73.68%","84.21%",19,NA,NA
"118","Cluster_1473","evm.TU.chromosome_5.667",0.192571135106502,0.429616833127234,0.881800133798008,-3.0439658266868,0.000507009084128464,"Y",-1.44436075690919,0.0251849403889324,"Y",NA,NA,166,-21.93,"82.35%","82.35%",17,NA,NA
"119","Cluster_1473","evm.TU.chromosome_5.667",0.192571135106502,0.429616833127234,0.881800133798008,-2.09541173202848,0.0469158705319244,"Y",-1.44436075690919,0.0251849403889324,"Y",NA,NA,166,-21.93,"82.35%","82.35%",17,NA,NA
"120","Cluster_1473","evm.TU.chromosome_5.667",0.192571135106502,0.429616833127234,0.881800133798008,-2.39359141797394,0.0118192146164381,"Y",-1.44436075690919,0.0251849403889324,"Y",NA,NA,166,-21.93,"82.35%","82.35%",17,NA,NA
"121","Cluster_1453","evm.TU.chromosome_6.2772",0.502212707368753,0.0284379543477106,0.491227554598487,-1.34250426421075,0.00171057505933189,"Y",-2.11084246984522,0.00796731911550886,"Y","apoptosis-inducing factor 1, mitochondrial-like [Stylophora pistillata]","Apoptosis-inducing factor 1, mitochondrial OS=Mus musculus GN=Aifm1 PE=1 SV=1",158,-25.73,"65.22%","78.26%",23,"GO:0005737; GO:0005829; GO:0005743; GO:0005758; GO:0005741; GO:0005739; GO:0005634; GO:0048471; GO:0003677; GO:0004174; GO:0071949; GO:0016174; GO:0016651; GO:0046983; GO:0006919; GO:0008637; GO:0006915; GO:1904045; GO:0071392; GO:0070301; GO:0071732; GO:0090650; GO:0070059; GO:0032981; GO:0051402; GO:0030182; GO:0043065; GO:0010942; GO:0043525; GO:1902510; GO:0002931; GO:1902065; GO:0006979","GO:0016021; GO:0050660; GO:0016491; GO:0046983"
"122","Cluster_1453","evm.TU.chromosome_6.2772",0.502212707368753,0.0284379543477106,0.491227554598487,-1.34250426421075,0.00171057505933189,"Y",-1.91604663132552,0.0039771918208008,"Y","apoptosis-inducing factor 1, mitochondrial-like [Stylophora pistillata]","Apoptosis-inducing factor 1, mitochondrial OS=Mus musculus GN=Aifm1 PE=1 SV=1",158,-25.73,"65.22%","78.26%",23,"GO:0005737; GO:0005829; GO:0005743; GO:0005758; GO:0005741; GO:0005739; GO:0005634; GO:0048471; GO:0003677; GO:0004174; GO:0071949; GO:0016174; GO:0016651; GO:0046983; GO:0006919; GO:0008637; GO:0006915; GO:1904045; GO:0071392; GO:0070301; GO:0071732; GO:0090650; GO:0070059; GO:0032981; GO:0051402; GO:0030182; GO:0043065; GO:0010942; GO:0043525; GO:1902510; GO:0002931; GO:1902065; GO:0006979","GO:0016021; GO:0050660; GO:0016491; GO:0046983"
"123","Cluster_1453","evm.TU.chromosome_6.2772",0.502212707368753,0.0284379543477106,0.491227554598487,-1.34250426421075,0.00171057505933189,"Y",-2.29617526735665,0.00012330016261007,"Y","apoptosis-inducing factor 1, mitochondrial-like [Stylophora pistillata]","Apoptosis-inducing factor 1, mitochondrial OS=Mus musculus GN=Aifm1 PE=1 SV=1",158,-25.73,"65.22%","78.26%",23,"GO:0005737; GO:0005829; GO:0005743; GO:0005758; GO:0005741; GO:0005739; GO:0005634; GO:0048471; GO:0003677; GO:0004174; GO:0071949; GO:0016174; GO:0016651; GO:0046983; GO:0006919; GO:0008637; GO:0006915; GO:1904045; GO:0071392; GO:0070301; GO:0071732; GO:0090650; GO:0070059; GO:0032981; GO:0051402; GO:0030182; GO:0043065; GO:0010942; GO:0043525; GO:1902510; GO:0002931; GO:1902065; GO:0006979","GO:0016021; GO:0050660; GO:0016491; GO:0046983"
"124","Cluster_1453","evm.TU.chromosome_6.2772",0.502212707368753,0.0284379543477106,0.491227554598487,-1.24227955151184,0.0130728302841881,"Y",-2.11084246984522,0.00796731911550886,"Y","apoptosis-inducing factor 1, mitochondrial-like [Stylophora pistillata]","Apoptosis-inducing factor 1, mitochondrial OS=Mus musculus GN=Aifm1 PE=1 SV=1",158,-25.73,"65.22%","78.26%",23,"GO:0005737; GO:0005829; GO:0005743; GO:0005758; GO:0005741; GO:0005739; GO:0005634; GO:0048471; GO:0003677; GO:0004174; GO:0071949; GO:0016174; GO:0016651; GO:0046983; GO:0006919; GO:0008637; GO:0006915; GO:1904045; GO:0071392; GO:0070301; GO:0071732; GO:0090650; GO:0070059; GO:0032981; GO:0051402; GO:0030182; GO:0043065; GO:0010942; GO:0043525; GO:1902510; GO:0002931; GO:1902065; GO:0006979","GO:0016021; GO:0050660; GO:0016491; GO:0046983"
"125","Cluster_1453","evm.TU.chromosome_6.2772",0.502212707368753,0.0284379543477106,0.491227554598487,-1.24227955151184,0.0130728302841881,"Y",-1.91604663132552,0.0039771918208008,"Y","apoptosis-inducing factor 1, mitochondrial-like [Stylophora pistillata]","Apoptosis-inducing factor 1, mitochondrial OS=Mus musculus GN=Aifm1 PE=1 SV=1",158,-25.73,"65.22%","78.26%",23,"GO:0005737; GO:0005829; GO:0005743; GO:0005758; GO:0005741; GO:0005739; GO:0005634; GO:0048471; GO:0003677; GO:0004174; GO:0071949; GO:0016174; GO:0016651; GO:0046983; GO:0006919; GO:0008637; GO:0006915; GO:1904045; GO:0071392; GO:0070301; GO:0071732; GO:0090650; GO:0070059; GO:0032981; GO:0051402; GO:0030182; GO:0043065; GO:0010942; GO:0043525; GO:1902510; GO:0002931; GO:1902065; GO:0006979","GO:0016021; GO:0050660; GO:0016491; GO:0046983"
"126","Cluster_1453","evm.TU.chromosome_6.2772",0.502212707368753,0.0284379543477106,0.491227554598487,-1.24227955151184,0.0130728302841881,"Y",-2.29617526735665,0.00012330016261007,"Y","apoptosis-inducing factor 1, mitochondrial-like [Stylophora pistillata]","Apoptosis-inducing factor 1, mitochondrial OS=Mus musculus GN=Aifm1 PE=1 SV=1",158,-25.73,"65.22%","78.26%",23,"GO:0005737; GO:0005829; GO:0005743; GO:0005758; GO:0005741; GO:0005739; GO:0005634; GO:0048471; GO:0003677; GO:0004174; GO:0071949; GO:0016174; GO:0016651; GO:0046983; GO:0006919; GO:0008637; GO:0006915; GO:1904045; GO:0071392; GO:0070301; GO:0071732; GO:0090650; GO:0070059; GO:0032981; GO:0051402; GO:0030182; GO:0043065; GO:0010942; GO:0043525; GO:1902510; GO:0002931; GO:1902065; GO:0006979","GO:0016021; GO:0050660; GO:0016491; GO:0046983"
"127","Cluster_1453","evm.TU.chromosome_6.2772",0.502212707368753,0.0284379543477106,0.491227554598487,-1.58351467183268,7.90297593337086e-05,"Y",-2.11084246984522,0.00796731911550886,"Y","apoptosis-inducing factor 1, mitochondrial-like [Stylophora pistillata]","Apoptosis-inducing factor 1, mitochondrial OS=Mus musculus GN=Aifm1 PE=1 SV=1",158,-25.73,"65.22%","78.26%",23,"GO:0005737; GO:0005829; GO:0005743; GO:0005758; GO:0005741; GO:0005739; GO:0005634; GO:0048471; GO:0003677; GO:0004174; GO:0071949; GO:0016174; GO:0016651; GO:0046983; GO:0006919; GO:0008637; GO:0006915; GO:1904045; GO:0071392; GO:0070301; GO:0071732; GO:0090650; GO:0070059; GO:0032981; GO:0051402; GO:0030182; GO:0043065; GO:0010942; GO:0043525; GO:1902510; GO:0002931; GO:1902065; GO:0006979","GO:0016021; GO:0050660; GO:0016491; GO:0046983"
"128","Cluster_1453","evm.TU.chromosome_6.2772",0.502212707368753,0.0284379543477106,0.491227554598487,-1.58351467183268,7.90297593337086e-05,"Y",-1.91604663132552,0.0039771918208008,"Y","apoptosis-inducing factor 1, mitochondrial-like [Stylophora pistillata]","Apoptosis-inducing factor 1, mitochondrial OS=Mus musculus GN=Aifm1 PE=1 SV=1",158,-25.73,"65.22%","78.26%",23,"GO:0005737; GO:0005829; GO:0005743; GO:0005758; GO:0005741; GO:0005739; GO:0005634; GO:0048471; GO:0003677; GO:0004174; GO:0071949; GO:0016174; GO:0016651; GO:0046983; GO:0006919; GO:0008637; GO:0006915; GO:1904045; GO:0071392; GO:0070301; GO:0071732; GO:0090650; GO:0070059; GO:0032981; GO:0051402; GO:0030182; GO:0043065; GO:0010942; GO:0043525; GO:1902510; GO:0002931; GO:1902065; GO:0006979","GO:0016021; GO:0050660; GO:0016491; GO:0046983"
"129","Cluster_1453","evm.TU.chromosome_6.2772",0.502212707368753,0.0284379543477106,0.491227554598487,-1.58351467183268,7.90297593337086e-05,"Y",-2.29617526735665,0.00012330016261007,"Y","apoptosis-inducing factor 1, mitochondrial-like [Stylophora pistillata]","Apoptosis-inducing factor 1, mitochondrial OS=Mus musculus GN=Aifm1 PE=1 SV=1",158,-25.73,"65.22%","78.26%",23,"GO:0005737; GO:0005829; GO:0005743; GO:0005758; GO:0005741; GO:0005739; GO:0005634; GO:0048471; GO:0003677; GO:0004174; GO:0071949; GO:0016174; GO:0016651; GO:0046983; GO:0006919; GO:0008637; GO:0006915; GO:1904045; GO:0071392; GO:0070301; GO:0071732; GO:0090650; GO:0070059; GO:0032981; GO:0051402; GO:0030182; GO:0043065; GO:0010942; GO:0043525; GO:1902510; GO:0002931; GO:1902065; GO:0006979","GO:0016021; GO:0050660; GO:0016491; GO:0046983"
"130","Cluster_1453","evm.TU.chromosome_6.2772",0.502212707368753,0.0284379543477106,0.491227554598487,-1.49146029104899,0.000206968367448691,"Y",-2.11084246984522,0.00796731911550886,"Y","apoptosis-inducing factor 1, mitochondrial-like [Stylophora pistillata]","Apoptosis-inducing factor 1, mitochondrial OS=Mus musculus GN=Aifm1 PE=1 SV=1",158,-25.73,"65.22%","78.26%",23,"GO:0005737; GO:0005829; GO:0005743; GO:0005758; GO:0005741; GO:0005739; GO:0005634; GO:0048471; GO:0003677; GO:0004174; GO:0071949; GO:0016174; GO:0016651; GO:0046983; GO:0006919; GO:0008637; GO:0006915; GO:1904045; GO:0071392; GO:0070301; GO:0071732; GO:0090650; GO:0070059; GO:0032981; GO:0051402; GO:0030182; GO:0043065; GO:0010942; GO:0043525; GO:1902510; GO:0002931; GO:1902065; GO:0006979","GO:0016021; GO:0050660; GO:0016491; GO:0046983"
"131","Cluster_1453","evm.TU.chromosome_6.2772",0.502212707368753,0.0284379543477106,0.491227554598487,-1.49146029104899,0.000206968367448691,"Y",-1.91604663132552,0.0039771918208008,"Y","apoptosis-inducing factor 1, mitochondrial-like [Stylophora pistillata]","Apoptosis-inducing factor 1, mitochondrial OS=Mus musculus GN=Aifm1 PE=1 SV=1",158,-25.73,"65.22%","78.26%",23,"GO:0005737; GO:0005829; GO:0005743; GO:0005758; GO:0005741; GO:0005739; GO:0005634; GO:0048471; GO:0003677; GO:0004174; GO:0071949; GO:0016174; GO:0016651; GO:0046983; GO:0006919; GO:0008637; GO:0006915; GO:1904045; GO:0071392; GO:0070301; GO:0071732; GO:0090650; GO:0070059; GO:0032981; GO:0051402; GO:0030182; GO:0043065; GO:0010942; GO:0043525; GO:1902510; GO:0002931; GO:1902065; GO:0006979","GO:0016021; GO:0050660; GO:0016491; GO:0046983"
"132","Cluster_1453","evm.TU.chromosome_6.2772",0.502212707368753,0.0284379543477106,0.491227554598487,-1.49146029104899,0.000206968367448691,"Y",-2.29617526735665,0.00012330016261007,"Y","apoptosis-inducing factor 1, mitochondrial-like [Stylophora pistillata]","Apoptosis-inducing factor 1, mitochondrial OS=Mus musculus GN=Aifm1 PE=1 SV=1",158,-25.73,"65.22%","78.26%",23,"GO:0005737; GO:0005829; GO:0005743; GO:0005758; GO:0005741; GO:0005739; GO:0005634; GO:0048471; GO:0003677; GO:0004174; GO:0071949; GO:0016174; GO:0016651; GO:0046983; GO:0006919; GO:0008637; GO:0006915; GO:1904045; GO:0071392; GO:0070301; GO:0071732; GO:0090650; GO:0070059; GO:0032981; GO:0051402; GO:0030182; GO:0043065; GO:0010942; GO:0043525; GO:1902510; GO:0002931; GO:1902065; GO:0006979","GO:0016021; GO:0050660; GO:0016491; GO:0046983"
"133","Cluster_1473","evm.TU.chromosome_11.1003",0.076444093666474,0.755765657671072,0.961810377529975,-2.52562959424941,0.000578861840418846,"Y",-1.44436075690919,0.0251849403889324,"Y","macrophage mannose receptor 1-like isoform X2 [Orbicella faveolata]","Macrophage mannose receptor 1 OS=Homo sapiens GN=MRC1 PE=1 SV=1",163,-22.77,"75.00%","80.00%",20,"GO:0009986; GO:0010008; GO:0005887; GO:0005886; GO:0005537; GO:0004872; GO:0004888; GO:0001618; GO:0071346; GO:0071353; GO:0071222; GO:0006898",""
"134","Cluster_1473","evm.TU.chromosome_11.1003",0.076444093666474,0.755765657671072,0.961810377529975,-2.52460616928389,0.000126114816814193,"Y",-1.44436075690919,0.0251849403889324,"Y","macrophage mannose receptor 1-like isoform X2 [Orbicella faveolata]","Macrophage mannose receptor 1 OS=Homo sapiens GN=MRC1 PE=1 SV=1",163,-22.77,"75.00%","80.00%",20,"GO:0009986; GO:0010008; GO:0005887; GO:0005886; GO:0005537; GO:0004872; GO:0004888; GO:0001618; GO:0071346; GO:0071353; GO:0071222; GO:0006898",""
"135","Cluster_1473","evm.TU.chromosome_11.1003",0.076444093666474,0.755765657671072,0.961810377529975,-2.60482904118379,4.62747170560347e-05,"Y",-1.44436075690919,0.0251849403889324,"Y","macrophage mannose receptor 1-like isoform X2 [Orbicella faveolata]","Macrophage mannose receptor 1 OS=Homo sapiens GN=MRC1 PE=1 SV=1",163,-22.77,"75.00%","80.00%",20,"GO:0009986; GO:0010008; GO:0005887; GO:0005886; GO:0005537; GO:0004872; GO:0004888; GO:0001618; GO:0071346; GO:0071353; GO:0071222; GO:0006898",""
"136","Cluster_1453","evm.TU.chromosome_11.1627",0.541088458712354,0.0167407986324439,0.421160456822385,-2.44065466783764,0.0306624880659699,"Y",-2.11084246984522,0.00796731911550886,"Y","collectin-12-like [Orbicella faveolata]","Collagen alpha-1(XXVIII) chain OS=Mus musculus GN=Col28a1 PE=2 SV=1",158,-21.1,"86.67%","86.67%",15,"GO:0005604; GO:0005581; GO:0031012; GO:0004867; GO:0007155","GO:0005581; GO:0016021"
"137","Cluster_1453","evm.TU.chromosome_11.1627",0.541088458712354,0.0167407986324439,0.421160456822385,-2.44065466783764,0.0306624880659699,"Y",-1.91604663132552,0.0039771918208008,"Y","collectin-12-like [Orbicella faveolata]","Collagen alpha-1(XXVIII) chain OS=Mus musculus GN=Col28a1 PE=2 SV=1",158,-21.1,"86.67%","86.67%",15,"GO:0005604; GO:0005581; GO:0031012; GO:0004867; GO:0007155","GO:0005581; GO:0016021"
"138","Cluster_1453","evm.TU.chromosome_11.1627",0.541088458712354,0.0167407986324439,0.421160456822385,-2.44065466783764,0.0306624880659699,"Y",-2.29617526735665,0.00012330016261007,"Y","collectin-12-like [Orbicella faveolata]","Collagen alpha-1(XXVIII) chain OS=Mus musculus GN=Col28a1 PE=2 SV=1",158,-21.1,"86.67%","86.67%",15,"GO:0005604; GO:0005581; GO:0031012; GO:0004867; GO:0007155","GO:0005581; GO:0016021"
"139","Cluster_2003","evm.TU.chromosome_4.266",0.725378352971891,0.000440330400833682,0.114375021228784,-1.86562121719969,0.0306109564188499,"Y",-2.08402257311384,0.00892865157717894,"Y","predicted protein [Nematostella vectensis]",NA,144,-22.1,"76.47%","82.35%",17,NA,"GO:0016021"
"140","Cluster_2003","evm.TU.chromosome_4.266",0.725378352971891,0.000440330400833682,0.114375021228784,-1.86562121719969,0.0306109564188499,"Y",-1.80788972364058,0.0137215116746026,"Y","predicted protein [Nematostella vectensis]",NA,144,-22.1,"76.47%","82.35%",17,NA,"GO:0016021"
"141","Cluster_1452","evm.TU.chromosome_14.673",-0.188634453822763,0.439285665317031,0.884716273311186,4.7977612862515,0.031442012376185,"Y",-1.91081838224239,0.0348782021335544,"Y","PREDICTED: rho-related GTP-binding protein RhoA-C [Oreochromis niloticus]","Rho-related GTP-binding protein RhoC OS=Homo sapiens GN=RHOC PE=1 SV=1",162,-25.17,"78.95%","78.95%",19,"GO:0032154; GO:0005829; GO:0070062; GO:0005634; GO:0005886; GO:0032420; GO:0005525; GO:0003924; GO:0004871; GO:0043297; GO:0007186; GO:0000281; GO:0043123; GO:0060193; GO:0032464; GO:0051056; GO:1902766; GO:0007264; GO:0044319","GO:0005622; GO:0016020; GO:0005525; GO:0003924; GO:1902766; GO:0007264; GO:0044319"
"142","Cluster_8986","evm.TU.chromosome_3.1946",-0.33427076134912,0.161885914630631,0.747220121967189,-1.44653584781914,0.00945163828205117,"Y",1.92213709315473,0.00638007866559362,"Y","radial spoke head 1 homolog [Orbicella faveolata]","Radial spoke head 1 homolog OS=Mus musculus GN=Rsph1 PE=1 SV=2",158,-21.29,"71.43%","80.95%",21,"GO:0000794; GO:0005737; GO:0072687; GO:0031514; GO:0001520; GO:0036126; GO:0035082; GO:0051321; GO:0007286",""
"143","Cluster_8986","evm.TU.chromosome_3.1946",-0.33427076134912,0.161885914630631,0.747220121967189,-2.1523655765081,4.60445892746566e-05,"Y",1.92213709315473,0.00638007866559362,"Y","radial spoke head 1 homolog [Orbicella faveolata]","Radial spoke head 1 homolog OS=Mus musculus GN=Rsph1 PE=1 SV=2",158,-21.29,"71.43%","80.95%",21,"GO:0000794; GO:0005737; GO:0072687; GO:0031514; GO:0001520; GO:0036126; GO:0035082; GO:0051321; GO:0007286",""
"144","Cluster_8986","evm.TU.chromosome_3.1946",-0.33427076134912,0.161885914630631,0.747220121967189,-1.35208052583364,0.0173119634883398,"Y",1.92213709315473,0.00638007866559362,"Y","radial spoke head 1 homolog [Orbicella faveolata]","Radial spoke head 1 homolog OS=Mus musculus GN=Rsph1 PE=1 SV=2",158,-21.29,"71.43%","80.95%",21,"GO:0000794; GO:0005737; GO:0072687; GO:0031514; GO:0001520; GO:0036126; GO:0035082; GO:0051321; GO:0007286",""
"145","Cluster_1452","evm.TU.chromosome_12.1521",-0.325664164630381,0.173639031411888,0.757168433641339,-7.88584397394937,0.00342610322706477,"Y",-1.91081838224239,0.0348782021335544,"Y","uncharacterized protein LOC111343043 [Stylophora pistillata]",NA,167,-21.51,"92.86%","92.86%",14,NA,NA
"146","Cluster_1473","evm.TU.chromosome_9.213",0.135918647643826,0.579017808858298,0.923616631644037,-1.12309420954002,0.0222575307247584,"Y",-1.44436075690919,0.0251849403889324,"Y","protein HEXIM-like [Orbicella faveolata]","Protein HEXIM1 OS=Rattus norvegicus GN=Hexim1 PE=1 SV=1",159,-20.92,"70.00%","80.00%",20,"GO:0005737; GO:0005654; GO:0005634; GO:0097322; GO:0004861; GO:0017069; GO:0002218; GO:0007507; GO:0045087; GO:0045736; GO:0000122; GO:0045892; GO:1901798; GO:0006351","GO:0005737; GO:0005634; GO:0004861; GO:0017069; GO:0000122"
"147","Cluster_1473","evm.TU.chromosome_9.213",0.135918647643826,0.579017808858298,0.923616631644037,-1.20913973177083,0.00902329429250376,"Y",-1.44436075690919,0.0251849403889324,"Y","protein HEXIM-like [Orbicella faveolata]","Protein HEXIM1 OS=Rattus norvegicus GN=Hexim1 PE=1 SV=1",159,-20.92,"70.00%","80.00%",20,"GO:0005737; GO:0005654; GO:0005634; GO:0097322; GO:0004861; GO:0017069; GO:0002218; GO:0007507; GO:0045087; GO:0045736; GO:0000122; GO:0045892; GO:1901798; GO:0006351","GO:0005737; GO:0005634; GO:0004861; GO:0017069; GO:0000122"
"148","Cluster_1473","evm.TU.chromosome_9.213",0.135918647643826,0.579017808858298,0.923616631644037,-1.58383754953392,0.000107244210443516,"Y",-1.44436075690919,0.0251849403889324,"Y","protein HEXIM-like [Orbicella faveolata]","Protein HEXIM1 OS=Rattus norvegicus GN=Hexim1 PE=1 SV=1",159,-20.92,"70.00%","80.00%",20,"GO:0005737; GO:0005654; GO:0005634; GO:0097322; GO:0004861; GO:0017069; GO:0002218; GO:0007507; GO:0045087; GO:0045736; GO:0000122; GO:0045892; GO:1901798; GO:0006351","GO:0005737; GO:0005634; GO:0004861; GO:0017069; GO:0000122"
"149","Cluster_4640","evm.TU.chromosome_2.197",0.60301783042117,0.00627533213330789,0.305616741861375,1.04267793651073,0.0424601988734119,"Y",1.48294769202516,0.0403050479688004,"Y","protein SHQ1 homolog [Orbicella faveolata]","Protein SHQ1 homolog OS=Xenopus tropicalis GN=shq1 PE=2 SV=1",156,-21.16,"75.00%","80.00%",20,"GO:0005737; GO:0005829; GO:0005654; GO:0051082; GO:0000493; GO:0022618",""
"150","Cluster_4640","evm.TU.chromosome_2.197",0.60301783042117,0.00627533213330789,0.305616741861375,1.04267793651073,0.0424601988734119,"Y",1.31187538969271,0.0379462900055039,"Y","protein SHQ1 homolog [Orbicella faveolata]","Protein SHQ1 homolog OS=Xenopus tropicalis GN=shq1 PE=2 SV=1",156,-21.16,"75.00%","80.00%",20,"GO:0005737; GO:0005829; GO:0005654; GO:0051082; GO:0000493; GO:0022618",""
"151","Cluster_4640","evm.TU.chromosome_2.197",0.60301783042117,0.00627533213330789,0.305616741861375,1.04267793651073,0.0424601988734119,"Y",1.86456530997321,0.000993502412106537,"Y","protein SHQ1 homolog [Orbicella faveolata]","Protein SHQ1 homolog OS=Xenopus tropicalis GN=shq1 PE=2 SV=1",156,-21.16,"75.00%","80.00%",20,"GO:0005737; GO:0005829; GO:0005654; GO:0051082; GO:0000493; GO:0022618",""
"152","Cluster_3037","evm.TU.chromosome_8.1710",0.723851215251282,0.000458926548237712,0.115890848115467,-2.25905397958945,0.0072355805256358,"Y",-1.43752424408771,0.0214214929992694,"Y","interferon regulatory factor 2-like isoform X2 [Orbicella faveolata]","Interferon regulatory factor 2 OS=Gallus gallus GN=IRF2 PE=2 SV=1",171,-24.38,"77.78%","88.89%",18,"GO:0005829; GO:0005925; GO:0005654; GO:0000977; GO:0001228; GO:0008283; GO:0051607","GO:0044212"
"153","Cluster_3037","evm.TU.chromosome_8.1710",0.723851215251282,0.000458926548237712,0.115890848115467,-2.25905397958945,0.0072355805256358,"Y",-2.10050778544854,1.3110905696035e-05,"Y","interferon regulatory factor 2-like isoform X2 [Orbicella faveolata]","Interferon regulatory factor 2 OS=Gallus gallus GN=IRF2 PE=2 SV=1",171,-24.38,"77.78%","88.89%",18,"GO:0005829; GO:0005925; GO:0005654; GO:0000977; GO:0001228; GO:0008283; GO:0051607","GO:0044212"
"154","Cluster_3037","evm.TU.chromosome_8.1710",0.723851215251282,0.000458926548237712,0.115890848115467,-2.25905397958945,0.0072355805256358,"Y",-1.90572928544964,0.00012330016261007,"Y","interferon regulatory factor 2-like isoform X2 [Orbicella faveolata]","Interferon regulatory factor 2 OS=Gallus gallus GN=IRF2 PE=2 SV=1",171,-24.38,"77.78%","88.89%",18,"GO:0005829; GO:0005925; GO:0005654; GO:0000977; GO:0001228; GO:0008283; GO:0051607","GO:0044212"
"155","Cluster_3037","evm.TU.chromosome_8.1710",0.723851215251282,0.000458926548237712,0.115890848115467,-2.85443021172155,2.57134984267938e-05,"Y",-1.43752424408771,0.0214214929992694,"Y","interferon regulatory factor 2-like isoform X2 [Orbicella faveolata]","Interferon regulatory factor 2 OS=Gallus gallus GN=IRF2 PE=2 SV=1",171,-24.38,"77.78%","88.89%",18,"GO:0005829; GO:0005925; GO:0005654; GO:0000977; GO:0001228; GO:0008283; GO:0051607","GO:0044212"
"156","Cluster_3037","evm.TU.chromosome_8.1710",0.723851215251282,0.000458926548237712,0.115890848115467,-2.85443021172155,2.57134984267938e-05,"Y",-2.10050778544854,1.3110905696035e-05,"Y","interferon regulatory factor 2-like isoform X2 [Orbicella faveolata]","Interferon regulatory factor 2 OS=Gallus gallus GN=IRF2 PE=2 SV=1",171,-24.38,"77.78%","88.89%",18,"GO:0005829; GO:0005925; GO:0005654; GO:0000977; GO:0001228; GO:0008283; GO:0051607","GO:0044212"
"157","Cluster_3037","evm.TU.chromosome_8.1710",0.723851215251282,0.000458926548237712,0.115890848115467,-2.85443021172155,2.57134984267938e-05,"Y",-1.90572928544964,0.00012330016261007,"Y","interferon regulatory factor 2-like isoform X2 [Orbicella faveolata]","Interferon regulatory factor 2 OS=Gallus gallus GN=IRF2 PE=2 SV=1",171,-24.38,"77.78%","88.89%",18,"GO:0005829; GO:0005925; GO:0005654; GO:0000977; GO:0001228; GO:0008283; GO:0051607","GO:0044212"
"158","Cluster_3037","evm.TU.chromosome_8.1710",0.723851215251282,0.000458926548237712,0.115890848115467,-2.33988635978341,0.00103161828332309,"Y",-1.43752424408771,0.0214214929992694,"Y","interferon regulatory factor 2-like isoform X2 [Orbicella faveolata]","Interferon regulatory factor 2 OS=Gallus gallus GN=IRF2 PE=2 SV=1",171,-24.38,"77.78%","88.89%",18,"GO:0005829; GO:0005925; GO:0005654; GO:0000977; GO:0001228; GO:0008283; GO:0051607","GO:0044212"
"159","Cluster_3037","evm.TU.chromosome_8.1710",0.723851215251282,0.000458926548237712,0.115890848115467,-2.33988635978341,0.00103161828332309,"Y",-2.10050778544854,1.3110905696035e-05,"Y","interferon regulatory factor 2-like isoform X2 [Orbicella faveolata]","Interferon regulatory factor 2 OS=Gallus gallus GN=IRF2 PE=2 SV=1",171,-24.38,"77.78%","88.89%",18,"GO:0005829; GO:0005925; GO:0005654; GO:0000977; GO:0001228; GO:0008283; GO:0051607","GO:0044212"
"160","Cluster_3037","evm.TU.chromosome_8.1710",0.723851215251282,0.000458926548237712,0.115890848115467,-2.33988635978341,0.00103161828332309,"Y",-1.90572928544964,0.00012330016261007,"Y","interferon regulatory factor 2-like isoform X2 [Orbicella faveolata]","Interferon regulatory factor 2 OS=Gallus gallus GN=IRF2 PE=2 SV=1",171,-24.38,"77.78%","88.89%",18,"GO:0005829; GO:0005925; GO:0005654; GO:0000977; GO:0001228; GO:0008283; GO:0051607","GO:0044212"
"161","Cluster_1453","evm.TU.chromosome_12.1282",0.418580225874532,0.074484389182234,0.632685752472243,-1.26279304891552,0.0113018960413093,"Y",-2.11084246984522,0.00796731911550886,"Y","ankycorbin-like [Orbicella faveolata]","Ankyrin repeat domain-containing protein 63 OS=Mus musculus GN=Ankrd63 PE=1 SV=1",157,-21.49,"77.78%","77.78%",18,"",""
"162","Cluster_1453","evm.TU.chromosome_12.1282",0.418580225874532,0.074484389182234,0.632685752472243,-1.26279304891552,0.0113018960413093,"Y",-1.91604663132552,0.0039771918208008,"Y","ankycorbin-like [Orbicella faveolata]","Ankyrin repeat domain-containing protein 63 OS=Mus musculus GN=Ankrd63 PE=1 SV=1",157,-21.49,"77.78%","77.78%",18,"",""
"163","Cluster_1453","evm.TU.chromosome_12.1282",0.418580225874532,0.074484389182234,0.632685752472243,-1.26279304891552,0.0113018960413093,"Y",-2.29617526735665,0.00012330016261007,"Y","ankycorbin-like [Orbicella faveolata]","Ankyrin repeat domain-containing protein 63 OS=Mus musculus GN=Ankrd63 PE=1 SV=1",157,-21.49,"77.78%","77.78%",18,"",""
"164","Cluster_1452","evm.TU.chromosome_13.3827",0.0512564913778757,0.834924297101129,0.975821762875234,6.72635534097849,0.00469268385721059,"Y",-1.91081838224239,0.0348782021335544,"Y","hypothetical protein AC249_AIPGENE17649 [Exaiptasia pallida]",NA,172,-25.17,"73.68%","89.47%",19,NA,NA
"165","Cluster_2003","evm.TU.chromosome_6.2283",0.0798894234749965,0.745098552062086,0.959786499341193,-2.75636748097955,0.0467434812262982,"Y",-2.08402257311384,0.00892865157717894,"Y","hemicentin-1-like [Stylophora pistillata]","Angiopoietin-related protein 7 OS=Homo sapiens GN=ANGPTL7 PE=1 SV=1",147,-21.42,"65.00%","70.00%",20,"GO:0005576; GO:0006979",""
"166","Cluster_2003","evm.TU.chromosome_6.2283",0.0798894234749965,0.745098552062086,0.959786499341193,-2.75636748097955,0.0467434812262982,"Y",-1.80788972364058,0.0137215116746026,"Y","hemicentin-1-like [Stylophora pistillata]","Angiopoietin-related protein 7 OS=Homo sapiens GN=ANGPTL7 PE=1 SV=1",147,-21.42,"65.00%","70.00%",20,"GO:0005576; GO:0006979",""
"167","Cluster_3037","evm.TU.chromosome_12.926",-0.461070139589271,0.0469357084601294,0.563747818355983,2.04423660972282,1.74246474284877e-07,"Y",-1.43752424408771,0.0214214929992694,"Y","protein FAM136A-like [Orbicella faveolata]","Protein FAM136A OS=Homo sapiens GN=FAM136A PE=1 SV=1",171,-25.74,"83.33%","83.33%",18,"GO:0005737; GO:0005739",""
"168","Cluster_3037","evm.TU.chromosome_12.926",-0.461070139589271,0.0469357084601294,0.563747818355983,2.04423660972282,1.74246474284877e-07,"Y",-2.10050778544854,1.3110905696035e-05,"Y","protein FAM136A-like [Orbicella faveolata]","Protein FAM136A OS=Homo sapiens GN=FAM136A PE=1 SV=1",171,-25.74,"83.33%","83.33%",18,"GO:0005737; GO:0005739",""
"169","Cluster_3037","evm.TU.chromosome_12.926",-0.461070139589271,0.0469357084601294,0.563747818355983,2.04423660972282,1.74246474284877e-07,"Y",-1.90572928544964,0.00012330016261007,"Y","protein FAM136A-like [Orbicella faveolata]","Protein FAM136A OS=Homo sapiens GN=FAM136A PE=1 SV=1",171,-25.74,"83.33%","83.33%",18,"GO:0005737; GO:0005739",""
"170","Cluster_3037","evm.TU.chromosome_12.926",-0.461070139589271,0.0469357084601294,0.563747818355983,1.53090491615084,0.000405436369098905,"Y",-1.43752424408771,0.0214214929992694,"Y","protein FAM136A-like [Orbicella faveolata]","Protein FAM136A OS=Homo sapiens GN=FAM136A PE=1 SV=1",171,-25.74,"83.33%","83.33%",18,"GO:0005737; GO:0005739",""
"171","Cluster_3037","evm.TU.chromosome_12.926",-0.461070139589271,0.0469357084601294,0.563747818355983,1.53090491615084,0.000405436369098905,"Y",-2.10050778544854,1.3110905696035e-05,"Y","protein FAM136A-like [Orbicella faveolata]","Protein FAM136A OS=Homo sapiens GN=FAM136A PE=1 SV=1",171,-25.74,"83.33%","83.33%",18,"GO:0005737; GO:0005739",""
"172","Cluster_3037","evm.TU.chromosome_12.926",-0.461070139589271,0.0469357084601294,0.563747818355983,1.53090491615084,0.000405436369098905,"Y",-1.90572928544964,0.00012330016261007,"Y","protein FAM136A-like [Orbicella faveolata]","Protein FAM136A OS=Homo sapiens GN=FAM136A PE=1 SV=1",171,-25.74,"83.33%","83.33%",18,"GO:0005737; GO:0005739",""
"173","Cluster_1453","evm.TU.chromosome_13.3239",0.435860482988262,0.0621217894735935,0.605355482028094,-0.822846850724907,0.0357187018640523,"Y",-2.11084246984522,0.00796731911550886,"Y","spectrin alpha chain, non-erythrocytic 1-like [Orbicella faveolata]","Spectrin alpha chain, non-erythrocytic 1 OS=Rattus norvegicus GN=Sptan1 PE=1 SV=2",163,-23.01,"71.43%","80.95%",21,"GO:0030863; GO:0032437; GO:0005829; GO:0070062; GO:1903561; GO:0005916; GO:0016328; GO:0016020; GO:0043209; GO:0033270; GO:0005886; GO:0043234; GO:0008091; GO:0030018; GO:0003779; GO:0045296; GO:0005509; GO:0005516; GO:0032403; GO:0046982; GO:0047485; GO:0030507; GO:0019905; GO:0031532; GO:0051693","GO:0005509"
"174","Cluster_1453","evm.TU.chromosome_13.3239",0.435860482988262,0.0621217894735935,0.605355482028094,-0.822846850724907,0.0357187018640523,"Y",-1.91604663132552,0.0039771918208008,"Y","spectrin alpha chain, non-erythrocytic 1-like [Orbicella faveolata]","Spectrin alpha chain, non-erythrocytic 1 OS=Rattus norvegicus GN=Sptan1 PE=1 SV=2",163,-23.01,"71.43%","80.95%",21,"GO:0030863; GO:0032437; GO:0005829; GO:0070062; GO:1903561; GO:0005916; GO:0016328; GO:0016020; GO:0043209; GO:0033270; GO:0005886; GO:0043234; GO:0008091; GO:0030018; GO:0003779; GO:0045296; GO:0005509; GO:0005516; GO:0032403; GO:0046982; GO:0047485; GO:0030507; GO:0019905; GO:0031532; GO:0051693","GO:0005509"
"175","Cluster_1453","evm.TU.chromosome_13.3239",0.435860482988262,0.0621217894735935,0.605355482028094,-0.822846850724907,0.0357187018640523,"Y",-2.29617526735665,0.00012330016261007,"Y","spectrin alpha chain, non-erythrocytic 1-like [Orbicella faveolata]","Spectrin alpha chain, non-erythrocytic 1 OS=Rattus norvegicus GN=Sptan1 PE=1 SV=2",163,-23.01,"71.43%","80.95%",21,"GO:0030863; GO:0032437; GO:0005829; GO:0070062; GO:1903561; GO:0005916; GO:0016328; GO:0016020; GO:0043209; GO:0033270; GO:0005886; GO:0043234; GO:0008091; GO:0030018; GO:0003779; GO:0045296; GO:0005509; GO:0005516; GO:0032403; GO:0046982; GO:0047485; GO:0030507; GO:0019905; GO:0031532; GO:0051693","GO:0005509"
"176","Cluster_4831","evm.TU.chromosome_9.823",0.511899593362567,0.025057015725135,0.473940354099905,-0.886975476882552,0.039743767805746,"Y",-1.78087240123925,0.0119167492554888,"Y","LOW QUALITY PROTEIN: sodium- and chloride-dependent taurine transporter-like [Orbicella faveolata]","Sodium- and chloride-dependent GABA transporter 2 OS=Mus musculus GN=Slc6a13 PE=1 SV=1",159,-20.51,"72.73%","72.73%",22,"GO:0005887; GO:0005332; GO:0005215","GO:0016021; GO:0005328"
"177","Cluster_4831","evm.TU.chromosome_9.823",0.511899593362567,0.025057015725135,0.473940354099905,-0.87916341387817,0.0373944390969778,"Y",-1.78087240123925,0.0119167492554888,"Y","LOW QUALITY PROTEIN: sodium- and chloride-dependent taurine transporter-like [Orbicella faveolata]","Sodium- and chloride-dependent GABA transporter 2 OS=Mus musculus GN=Slc6a13 PE=1 SV=1",159,-20.51,"72.73%","72.73%",22,"GO:0005887; GO:0005332; GO:0005215","GO:0016021; GO:0005328"
"178","Cluster_1453","evm.TU.chromosome_9.1566",0.22988601100226,0.343747587039676,0.852209000645705,-2.53585682769967,0.00109940354307029,"Y",-2.11084246984522,0.00796731911550886,"Y","heparan sulfate glucosamine 3-O-sulfotransferase 5-like [Orbicella faveolata]","Heparan sulfate glucosamine 3-O-sulfotransferase 3B1 OS=Mus musculus GN=Hs3st3b1 PE=2 SV=2",155,-22.81,"77.78%","83.33%",18,"GO:0000139; GO:0005887; GO:0008467; GO:0033872; GO:0006477","GO:0008146"
"179","Cluster_1453","evm.TU.chromosome_9.1566",0.22988601100226,0.343747587039676,0.852209000645705,-2.53585682769967,0.00109940354307029,"Y",-1.91604663132552,0.0039771918208008,"Y","heparan sulfate glucosamine 3-O-sulfotransferase 5-like [Orbicella faveolata]","Heparan sulfate glucosamine 3-O-sulfotransferase 3B1 OS=Mus musculus GN=Hs3st3b1 PE=2 SV=2",155,-22.81,"77.78%","83.33%",18,"GO:0000139; GO:0005887; GO:0008467; GO:0033872; GO:0006477","GO:0008146"
"180","Cluster_1453","evm.TU.chromosome_9.1566",0.22988601100226,0.343747587039676,0.852209000645705,-2.53585682769967,0.00109940354307029,"Y",-2.29617526735665,0.00012330016261007,"Y","heparan sulfate glucosamine 3-O-sulfotransferase 5-like [Orbicella faveolata]","Heparan sulfate glucosamine 3-O-sulfotransferase 3B1 OS=Mus musculus GN=Hs3st3b1 PE=2 SV=2",155,-22.81,"77.78%","83.33%",18,"GO:0000139; GO:0005887; GO:0008467; GO:0033872; GO:0006477","GO:0008146"
"181","Cluster_1453","evm.TU.chromosome_9.1566",0.22988601100226,0.343747587039676,0.852209000645705,-2.5597260170228,0.000853522684182911,"Y",-2.11084246984522,0.00796731911550886,"Y","heparan sulfate glucosamine 3-O-sulfotransferase 5-like [Orbicella faveolata]","Heparan sulfate glucosamine 3-O-sulfotransferase 3B1 OS=Mus musculus GN=Hs3st3b1 PE=2 SV=2",155,-22.81,"77.78%","83.33%",18,"GO:0000139; GO:0005887; GO:0008467; GO:0033872; GO:0006477","GO:0008146"
"182","Cluster_1453","evm.TU.chromosome_9.1566",0.22988601100226,0.343747587039676,0.852209000645705,-2.5597260170228,0.000853522684182911,"Y",-1.91604663132552,0.0039771918208008,"Y","heparan sulfate glucosamine 3-O-sulfotransferase 5-like [Orbicella faveolata]","Heparan sulfate glucosamine 3-O-sulfotransferase 3B1 OS=Mus musculus GN=Hs3st3b1 PE=2 SV=2",155,-22.81,"77.78%","83.33%",18,"GO:0000139; GO:0005887; GO:0008467; GO:0033872; GO:0006477","GO:0008146"
"183","Cluster_1453","evm.TU.chromosome_9.1566",0.22988601100226,0.343747587039676,0.852209000645705,-2.5597260170228,0.000853522684182911,"Y",-2.29617526735665,0.00012330016261007,"Y","heparan sulfate glucosamine 3-O-sulfotransferase 5-like [Orbicella faveolata]","Heparan sulfate glucosamine 3-O-sulfotransferase 3B1 OS=Mus musculus GN=Hs3st3b1 PE=2 SV=2",155,-22.81,"77.78%","83.33%",18,"GO:0000139; GO:0005887; GO:0008467; GO:0033872; GO:0006477","GO:0008146"
"184","Cluster_1453","evm.TU.chromosome_9.1566",0.22988601100226,0.343747587039676,0.852209000645705,-2.67061743320834,0.000362363134896855,"Y",-2.11084246984522,0.00796731911550886,"Y","heparan sulfate glucosamine 3-O-sulfotransferase 5-like [Orbicella faveolata]","Heparan sulfate glucosamine 3-O-sulfotransferase 3B1 OS=Mus musculus GN=Hs3st3b1 PE=2 SV=2",155,-22.81,"77.78%","83.33%",18,"GO:0000139; GO:0005887; GO:0008467; GO:0033872; GO:0006477","GO:0008146"
"185","Cluster_1453","evm.TU.chromosome_9.1566",0.22988601100226,0.343747587039676,0.852209000645705,-2.67061743320834,0.000362363134896855,"Y",-1.91604663132552,0.0039771918208008,"Y","heparan sulfate glucosamine 3-O-sulfotransferase 5-like [Orbicella faveolata]","Heparan sulfate glucosamine 3-O-sulfotransferase 3B1 OS=Mus musculus GN=Hs3st3b1 PE=2 SV=2",155,-22.81,"77.78%","83.33%",18,"GO:0000139; GO:0005887; GO:0008467; GO:0033872; GO:0006477","GO:0008146"
"186","Cluster_1453","evm.TU.chromosome_9.1566",0.22988601100226,0.343747587039676,0.852209000645705,-2.67061743320834,0.000362363134896855,"Y",-2.29617526735665,0.00012330016261007,"Y","heparan sulfate glucosamine 3-O-sulfotransferase 5-like [Orbicella faveolata]","Heparan sulfate glucosamine 3-O-sulfotransferase 3B1 OS=Mus musculus GN=Hs3st3b1 PE=2 SV=2",155,-22.81,"77.78%","83.33%",18,"GO:0000139; GO:0005887; GO:0008467; GO:0033872; GO:0006477","GO:0008146"
"187","Cluster_1453","evm.TU.chromosome_4.1956",-0.286731505174336,0.233976402743684,0.798625164318462,3.93736379484573,0.000160822286043026,"Y",-2.11084246984522,0.00796731911550886,"Y","PREDICTED: uncharacterized protein LOC107334018 [Acropora digitifera]",NA,151,-20.37,"70.00%","70.00%",20,NA,""
"188","Cluster_1453","evm.TU.chromosome_4.1956",-0.286731505174336,0.233976402743684,0.798625164318462,3.93736379484573,0.000160822286043026,"Y",-1.91604663132552,0.0039771918208008,"Y","PREDICTED: uncharacterized protein LOC107334018 [Acropora digitifera]",NA,151,-20.37,"70.00%","70.00%",20,NA,""
"189","Cluster_1453","evm.TU.chromosome_4.1956",-0.286731505174336,0.233976402743684,0.798625164318462,3.93736379484573,0.000160822286043026,"Y",-2.29617526735665,0.00012330016261007,"Y","PREDICTED: uncharacterized protein LOC107334018 [Acropora digitifera]",NA,151,-20.37,"70.00%","70.00%",20,NA,""
"190","Cluster_1453","evm.TU.chromosome_4.1956",-0.286731505174336,0.233976402743684,0.798625164318462,3.54645494034892,0.000142244416854651,"Y",-2.11084246984522,0.00796731911550886,"Y","PREDICTED: uncharacterized protein LOC107334018 [Acropora digitifera]",NA,151,-20.37,"70.00%","70.00%",20,NA,""
"191","Cluster_1453","evm.TU.chromosome_4.1956",-0.286731505174336,0.233976402743684,0.798625164318462,3.54645494034892,0.000142244416854651,"Y",-1.91604663132552,0.0039771918208008,"Y","PREDICTED: uncharacterized protein LOC107334018 [Acropora digitifera]",NA,151,-20.37,"70.00%","70.00%",20,NA,""
"192","Cluster_1453","evm.TU.chromosome_4.1956",-0.286731505174336,0.233976402743684,0.798625164318462,3.54645494034892,0.000142244416854651,"Y",-2.29617526735665,0.00012330016261007,"Y","PREDICTED: uncharacterized protein LOC107334018 [Acropora digitifera]",NA,151,-20.37,"70.00%","70.00%",20,NA,""
"193","Cluster_3293","evm.TU.chromosome_1.406",0.0565074719773764,0.818269306377713,0.973026655840601,-6.33913508190126,0.00682372433986685,"Y",-1.34713957796901,0.0322318117732271,"Y","multidrug resistance-associated protein 4-like [Orbicella faveolata]","Multidrug resistance-associated protein 4 OS=Homo sapiens GN=ABCC4 PE=1 SV=3",159,-20.28,"66.67%","83.33%",18,"GO:0016323; GO:0005887; GO:0016020; GO:0005886; GO:0031088; GO:0016404; GO:0005524; GO:0015662; GO:0042626; GO:0043225; GO:0060271; GO:0002576; GO:0048661; GO:0032310; GO:0042493; GO:0014070; GO:0010243; GO:0055085","GO:0016021; GO:0005524; GO:0042626"
"194","Cluster_4640","evm.TU.chromosome_3.785",-0.431205033148136,0.0652886276725126,0.612805669630185,-2.19365778161418,0.00470649008734008,"Y",1.48294769202516,0.0403050479688004,"Y","transmembrane prolyl 4-hydroxylase-like [Orbicella faveolata]","Transmembrane prolyl 4-hydroxylase OS=Homo sapiens GN=P4HTM PE=1 SV=2",172,-20.38,"78.95%","84.21%",19,"GO:0005789; GO:0016021; GO:0005509; GO:0005506; GO:0031418; GO:0016706; GO:0045646","GO:0016021; GO:0005509; GO:0005506; GO:0031418; GO:0016705"
"195","Cluster_4640","evm.TU.chromosome_3.785",-0.431205033148136,0.0652886276725126,0.612805669630185,-2.19365778161418,0.00470649008734008,"Y",1.31187538969271,0.0379462900055039,"Y","transmembrane prolyl 4-hydroxylase-like [Orbicella faveolata]","Transmembrane prolyl 4-hydroxylase OS=Homo sapiens GN=P4HTM PE=1 SV=2",172,-20.38,"78.95%","84.21%",19,"GO:0005789; GO:0016021; GO:0005509; GO:0005506; GO:0031418; GO:0016706; GO:0045646","GO:0016021; GO:0005509; GO:0005506; GO:0031418; GO:0016705"
"196","Cluster_4640","evm.TU.chromosome_3.785",-0.431205033148136,0.0652886276725126,0.612805669630185,-2.19365778161418,0.00470649008734008,"Y",1.86456530997321,0.000993502412106537,"Y","transmembrane prolyl 4-hydroxylase-like [Orbicella faveolata]","Transmembrane prolyl 4-hydroxylase OS=Homo sapiens GN=P4HTM PE=1 SV=2",172,-20.38,"78.95%","84.21%",19,"GO:0005789; GO:0016021; GO:0005509; GO:0005506; GO:0031418; GO:0016706; GO:0045646","GO:0016021; GO:0005509; GO:0005506; GO:0031418; GO:0016705"
"197","Cluster_4640","evm.TU.chromosome_3.785",-0.431205033148136,0.0652886276725126,0.612805669630185,-1.91643723383099,0.0161509918164662,"Y",1.48294769202516,0.0403050479688004,"Y","transmembrane prolyl 4-hydroxylase-like [Orbicella faveolata]","Transmembrane prolyl 4-hydroxylase OS=Homo sapiens GN=P4HTM PE=1 SV=2",172,-20.38,"78.95%","84.21%",19,"GO:0005789; GO:0016021; GO:0005509; GO:0005506; GO:0031418; GO:0016706; GO:0045646","GO:0016021; GO:0005509; GO:0005506; GO:0031418; GO:0016705"
"198","Cluster_4640","evm.TU.chromosome_3.785",-0.431205033148136,0.0652886276725126,0.612805669630185,-1.91643723383099,0.0161509918164662,"Y",1.31187538969271,0.0379462900055039,"Y","transmembrane prolyl 4-hydroxylase-like [Orbicella faveolata]","Transmembrane prolyl 4-hydroxylase OS=Homo sapiens GN=P4HTM PE=1 SV=2",172,-20.38,"78.95%","84.21%",19,"GO:0005789; GO:0016021; GO:0005509; GO:0005506; GO:0031418; GO:0016706; GO:0045646","GO:0016021; GO:0005509; GO:0005506; GO:0031418; GO:0016705"
"199","Cluster_4640","evm.TU.chromosome_3.785",-0.431205033148136,0.0652886276725126,0.612805669630185,-1.91643723383099,0.0161509918164662,"Y",1.86456530997321,0.000993502412106537,"Y","transmembrane prolyl 4-hydroxylase-like [Orbicella faveolata]","Transmembrane prolyl 4-hydroxylase OS=Homo sapiens GN=P4HTM PE=1 SV=2",172,-20.38,"78.95%","84.21%",19,"GO:0005789; GO:0016021; GO:0005509; GO:0005506; GO:0031418; GO:0016706; GO:0045646","GO:0016021; GO:0005509; GO:0005506; GO:0031418; GO:0016705"
"200","Cluster_1473","evm.TU.chromosome_9.1073",0.00522065864280013,0.983077005525723,0.997815545831677,5.23076636985543,0.000306776006166183,"Y",-1.44436075690919,0.0251849403889324,"Y","hemagglutinin/amebocyte aggregation factor-like isoform X1 [Orbicella faveolata]","Hemagglutinin/amebocyte aggregation factor OS=Limulus polyphemus PE=1 SV=1",162,-21.05,"75.00%","80.00%",20,"GO:0005576",""
"201","Cluster_1473","evm.TU.chromosome_9.1073",0.00522065864280013,0.983077005525723,0.997815545831677,3.97981259721554,0.00273892873256947,"Y",-1.44436075690919,0.0251849403889324,"Y","hemagglutinin/amebocyte aggregation factor-like isoform X1 [Orbicella faveolata]","Hemagglutinin/amebocyte aggregation factor OS=Limulus polyphemus PE=1 SV=1",162,-21.05,"75.00%","80.00%",20,"GO:0005576",""
"202","Cluster_1452","evm.TU.chromosome_9.1071",-0.206196206636121,0.397035760380722,0.871324276093978,2.21788816093502,0.000347014387144605,"Y",-1.91081838224239,0.0348782021335544,"Y","hemagglutinin/amebocyte aggregation factor-like isoform X1 [Orbicella faveolata]","Hemagglutinin/amebocyte aggregation factor OS=Limulus polyphemus PE=1 SV=1",158,-20.32,"76.19%","76.19%",21,"GO:0005576",""
"203","Cluster_2003","evm.TU.chromosome_9.2773",0.242300131786746,0.317573332176121,0.840954462444244,-2.04439800130048,0.032199561563418,"Y",-2.08402257311384,0.00892865157717894,"Y","uncharacterized protein LOC110049934 isoform X1 [Orbicella faveolata]",NA,154,-20.73,"84.62%","84.62%",13,NA,NA
"204","Cluster_2003","evm.TU.chromosome_9.2773",0.242300131786746,0.317573332176121,0.840954462444244,-2.04439800130048,0.032199561563418,"Y",-1.80788972364058,0.0137215116746026,"Y","uncharacterized protein LOC110049934 isoform X1 [Orbicella faveolata]",NA,154,-20.73,"84.62%","84.62%",13,NA,NA
"205","Cluster_1765","evm.TU.chromosome_2.644",0.580545153636092,0.0091561945381704,0.348272080189803,1.28522441936526,0.0369006668408379,"Y",1.3612840075174,0.0379462900055039,"Y","histone deacetylase 6-like [Orbicella faveolata]","Histone deacetylase 6 OS=Homo sapiens GN=HDAC6 PE=1 SV=2",172,-21.74,"89.47%","89.47%",19,"GO:0016235; GO:0030424; GO:0005901; GO:0031252; GO:0005737; GO:0005881; GO:0005829; GO:0030425; GO:0000118; GO:0016234; GO:0005874; GO:0005875; GO:0005771; GO:0005654; GO:0005634; GO:0043204; GO:0048471; GO:0003779; GO:0043014; GO:0008013; GO:0048487; GO:0001047; GO:0070840; GO:0019899; GO:0004407; GO:0042826; GO:0051879; GO:0008017; GO:0051787; GO:0032041; GO:0031593; GO:0048156; GO:0042903; GO:0043130; GO:0031625; GO:0008270; GO:0070842; GO:0006914; GO:0070301; GO:0071218; GO:0035967; GO:0060271; GO:0048668; GO:0060997; GO:0016575; GO:0070846; GO:0006886; GO:0032418; GO:0051646; GO:0010727; GO:0007026; GO:0051354; GO:0043242; GO:0045861; GO:0045892; GO:0061734; GO:0034983; GO:0070845; GO:0090035; GO:0010634; GO:1901300; GO:0010870; GO:0009967; GO:0043241; GO:0006476; GO:0000209; GO:0006515; GO:0060765; GO:0010506; GO:1903146; GO:0070201; GO:0045598; GO:0040029; GO:0016241; GO:0060632; GO:0031647; GO:0010469; GO:0070848; GO:0051788; GO:0010033; GO:0009636; GO:0006351; GO:0090042; GO:0043162","GO:0008270"
"206","Cluster_1473","evm.TU.chromosome_10.540",0.140525979240398,0.566093892419332,0.920278758348521,-1.58358044726927,0.0143643806832233,"Y",-1.44436075690919,0.0251849403889324,"Y","cholinesterase-like [Orbicella faveolata]","Acetylcholinesterase OS=Torpedo marmorata GN=ache PE=1 SV=2",159,-24.04,"80.00%","85.00%",20,"GO:0031225; GO:0030054; GO:0005886; GO:0043083; GO:0003990; GO:0001507",""
"207","Cluster_1473","evm.TU.chromosome_10.540",0.140525979240398,0.566093892419332,0.920278758348521,-1.67134584033789,0.0068100250239171,"Y",-1.44436075690919,0.0251849403889324,"Y","cholinesterase-like [Orbicella faveolata]","Acetylcholinesterase OS=Torpedo marmorata GN=ache PE=1 SV=2",159,-24.04,"80.00%","85.00%",20,"GO:0031225; GO:0030054; GO:0005886; GO:0043083; GO:0003990; GO:0001507",""
"208","Cluster_1473","evm.TU.chromosome_14.5416",-0.0180609897521666,0.941498235219329,0.992142111235177,-2.9520864917093,0.0349252706392669,"Y",-1.44436075690919,0.0251849403889324,"Y","collagen triple helix repeat-containing protein 1-like [Orbicella faveolata]","Collagen triple helix repeat-containing protein 1 OS=Homo sapiens GN=CTHRC1 PE=1 SV=1",166,-26.08,"76.19%","85.71%",21,"GO:0005581; GO:0005737; GO:0005576; GO:0005615; GO:0005578; GO:0005109; GO:0017147; GO:0016477; GO:0090103; GO:0090177; GO:0060122; GO:0090090; GO:0043932; GO:0045669; GO:0033690; GO:0032092; GO:0060071","GO:0005581"
"209","Cluster_3037","evm.TU.chromosome_13.3414",-0.166233375769557,0.496403834354183,0.901442928974559,-2.8841878516873,0.0240583310567398,"Y",-1.43752424408771,0.0214214929992694,"Y","uncharacterized protein LOC110067166 [Orbicella faveolata]",NA,171,-20.39,"77.78%","88.89%",18,NA,""
"210","Cluster_3037","evm.TU.chromosome_13.3414",-0.166233375769557,0.496403834354183,0.901442928974559,-2.8841878516873,0.0240583310567398,"Y",-2.10050778544854,1.3110905696035e-05,"Y","uncharacterized protein LOC110067166 [Orbicella faveolata]",NA,171,-20.39,"77.78%","88.89%",18,NA,""
"211","Cluster_3037","evm.TU.chromosome_13.3414",-0.166233375769557,0.496403834354183,0.901442928974559,-2.8841878516873,0.0240583310567398,"Y",-1.90572928544964,0.00012330016261007,"Y","uncharacterized protein LOC110067166 [Orbicella faveolata]",NA,171,-20.39,"77.78%","88.89%",18,NA,""
