#,Date-Time (EST),Ch: 1 - Temperature  °C (°C),Ch: 2 - Light  lux (lux),Button Down,Button Up,Host Connected,End of File
1,01/29/2021 18:00:00,8.71,75,,,,
2,01/29/2021 18:10:00,8.79,75,,,,
3,01/29/2021 18:20:00,8.79,71,,,,
4,01/29/2021 18:30:00,8.71,68,,,,
5,01/29/2021 18:40:00,8.71,66,,,,
6,01/29/2021 18:50:00,8.88,63,,,,
7,01/29/2021 19:00:00,8.75,59,,,,
8,01/29/2021 19:10:00,8.62,56,,,,
9,01/29/2021 19:20:00,8.92,52,,,,
10,01/29/2021 19:30:00,8.83,36,,,,
11,01/29/2021 19:40:00,8.71,32,,,,
12,01/29/2021 19:50:00,8.71,31,,,,
13,01/29/2021 20:00:00,8.88,19,,,,
14,01/29/2021 20:10:00,8.79,16,,,,
15,01/29/2021 20:20:00,8.62,13,,,,
16,01/29/2021 20:30:00,8.92,10,,,,
17,01/29/2021 20:40:00,8.88,8,,,,
18,01/29/2021 20:50:00,8.75,7,,,,
19,01/29/2021 21:00:00,8.62,6,,,,
20,01/29/2021 21:10:00,8.88,5,,,,
21,01/29/2021 21:20:00,8.88,4,,,,
22,01/29/2021 21:30:00,8.75,5,,,,
23,01/29/2021 21:40:00,8.62,3,,,,
24,01/29/2021 21:50:00,8.79,1,,,,
25,01/29/2021 22:00:00,8.88,0,,,,
26,01/29/2021 22:10:00,8.75,0,,,,
27,01/29/2021 22:20:00,8.58,0,,,,
28,01/29/2021 22:30:00,8.88,0,,,,
29,01/29/2021 22:40:00,8.79,0,,,,
30,01/29/2021 22:50:00,8.71,0,,,,
31,01/29/2021 23:00:00,8.62,0,,,,
32,01/29/2021 23:10:00,8.88,0,,,,
33,01/29/2021 23:20:00,8.83,0,,,,
34,01/29/2021 23:30:00,8.83,0,,,,
35,01/29/2021 23:40:00,8.71,0,,,,
36,01/29/2021 23:50:00,8.75,0,,,,
37,01/30/2021 00:00:00,8.88,0,,,,
38,01/30/2021 00:10:00,8.79,0,,,,
39,01/30/2021 00:20:00,8.62,0,,,,
40,01/30/2021 00:30:00,8.92,0,,,,
41,01/30/2021 00:40:00,8.83,0,,,,
42,01/30/2021 00:50:00,8.71,0,,,,
43,01/30/2021 01:00:00,8.71,0,,,,
44,01/30/2021 01:10:00,8.88,0,,,,
45,01/30/2021 01:20:00,8.75,0,,,,
46,01/30/2021 01:30:00,8.66,0,,,,
47,01/30/2021 01:40:00,8.92,0,,,,
48,01/30/2021 01:50:00,8.75,0,,,,
49,01/30/2021 02:00:00,8.71,0,,,,
50,01/30/2021 02:10:00,8.88,0,,,,
51,01/30/2021 02:20:00,8.75,0,,,,
52,01/30/2021 02:30:00,8.79,0,,,,
53,01/30/2021 02:40:00,8.83,0,,,,
54,01/30/2021 02:50:00,8.66,0,,,,
55,01/30/2021 03:00:00,8.92,0,,,,
56,01/30/2021 03:10:00,8.75,0,,,,
57,01/30/2021 03:20:00,8.62,0,,,,
58,01/30/2021 03:30:00,8.92,0,,,,
59,01/30/2021 03:40:00,8.71,0,,,,
60,01/30/2021 03:50:00,8.79,0,,,,
61,01/30/2021 04:00:00,8.83,0,,,,
62,01/30/2021 04:10:00,8.66,0,,,,
63,01/30/2021 04:20:00,8.71,0,,,,
64,01/30/2021 04:30:00,8.66,0,,,,
65,01/30/2021 04:40:00,8.62,0,,,,
66,01/30/2021 04:50:00,8.79,0,,,,
67,01/30/2021 05:00:00,8.58,0,,,,
68,01/30/2021 05:10:00,8.75,0,,,,
69,01/30/2021 05:20:00,8.66,0,,,,
70,01/30/2021 05:30:00,8.58,0,,,,
71,01/30/2021 05:40:00,8.75,0,,,,
72,01/30/2021 05:50:00,8.62,0,,,,
73,01/30/2021 06:00:00,8.79,0,,,,
74,01/30/2021 06:10:00,8.66,1,,,,
75,01/30/2021 06:20:00,8.71,2,,,,
76,01/30/2021 06:30:00,8.75,2,,,,
77,01/30/2021 06:40:00,8.58,3,,,,
78,01/30/2021 06:50:00,8.83,4,,,,
79,01/30/2021 07:00:00,8.75,5,,,,
80,01/30/2021 07:10:00,8.66,5,,,,
81,01/30/2021 07:20:00,8.79,16,,,,
82,01/30/2021 07:30:00,8.58,17,,,,
83,01/30/2021 07:40:00,8.83,19,,,,
84,01/30/2021 07:50:00,8.75,21,,,,
85,01/30/2021 08:00:00,8.62,22,,,,
86,01/30/2021 08:10:00,8.88,23,,,,
87,01/30/2021 08:20:00,8.66,24,,,,
88,01/30/2021 08:30:00,8.71,27,,,,
89,01/30/2021 08:40:00,8.88,29,,,,
90,01/30/2021 08:50:00,8.71,30,,,,
91,01/30/2021 09:00:00,8.75,32,,,,
92,01/30/2021 09:10:00,8.92,32,,,,
93,01/30/2021 09:20:00,8.75,74,,,,
94,01/30/2021 09:30:00,8.71,35,,,,
95,01/30/2021 09:40:00,8.96,35,,,,
96,01/30/2021 09:50:00,8.71,120,,,,
97,01/30/2021 10:00:00,8.62,125,,,,
98,01/30/2021 10:10:00,8.79,125,,,,
99,01/30/2021 10:20:00,8.71,127,,,,
100,01/30/2021 10:30:00,8.53,124,,,,
101,01/30/2021 10:40:00,8.75,127,,,,
102,01/30/2021 10:50:00,8.79,126,,,,
103,01/30/2021 11:00:00,8.75,43,,,,
104,01/30/2021 11:10:00,8.66,58,,,,
105,01/30/2021 11:20:00,8.79,58,,,,
106,01/30/2021 11:30:00,8.88,75,,,,
107,01/30/2021 11:40:00,8.83,58,,,,
108,01/30/2021 11:50:00,8.75,58,,,,
109,01/30/2021 12:00:00,8.75,47,,,,
110,01/30/2021 12:10:00,8.66,59,,,,
111,01/30/2021 12:20:00,8.88,58,,,,
112,01/30/2021 12:30:00,8.83,58,,,,
113,01/30/2021 12:40:00,8.75,58,,,,
114,01/30/2021 12:50:00,8.66,59,,,,
115,01/30/2021 13:00:00,8.88,58,,,,
116,01/30/2021 13:10:00,8.83,61,,,,
117,01/30/2021 13:20:00,8.75,60,,,,
118,01/30/2021 13:30:00,8.71,61,,,,
119,01/30/2021 13:40:00,8.83,59,,,,
120,01/30/2021 13:50:00,8.83,60,,,,
121,01/30/2021 14:00:00,8.66,49,,,,
122,01/30/2021 14:10:00,8.92,76,,,,
123,01/30/2021 14:20:00,8.88,76,,,,
124,01/30/2021 14:30:00,9.99,209,,,,
125,01/30/2021 14:40:00,12.52,212,,,,
126,01/30/2021 14:50:00,13.60,218,,,,
127,01/30/2021 15:00:00,14.37,217,,,,
128,01/30/2021 15:10:00,15.91,212,,,,
129,01/30/2021 15:20:00,15.96,212,,,,
130,01/30/2021 15:30:00,15.53,213,,,,
131,01/30/2021 15:40:00,13.08,3062,,,,
132,01/30/2021 15:50:00,8.88,2871,,,,
133,01/30/2021 16:00:00,8.62,2894,,,,
134,01/30/2021 16:10:00,8.71,2753,,,,
135,01/30/2021 16:20:00,8.79,2973,,,,
136,01/30/2021 16:30:00,8.66,3068,,,,
137,01/30/2021 16:40:00,8.58,2915,,,,
138,01/30/2021 16:50:00,8.79,2781,,,,
139,01/30/2021 17:00:00,8.66,3046,,,,
140,01/30/2021 17:10:00,8.62,2966,,,,
141,01/30/2021 17:20:00,8.71,2962,,,,
142,01/30/2021 17:30:00,8.58,2879,,,,
143,01/30/2021 17:40:00,8.83,3089,,,,
144,01/30/2021 17:50:00,8.75,2924,,,,
145,01/30/2021 18:00:00,8.58,3172,,,,
146,01/30/2021 18:10:00,8.75,2688,,,,
147,01/30/2021 18:20:00,8.71,2623,,,,
148,01/30/2021 18:30:00,8.58,2546,,,,
149,01/30/2021 18:40:00,8.66,2379,,,,
150,01/30/2021 18:50:00,8.71,2280,,,,
151,01/30/2021 19:00:00,8.58,2215,,,,
152,01/30/2021 19:10:00,8.66,1894,,,,
153,01/30/2021 19:20:00,8.75,1832,,,,
154,01/30/2021 19:30:00,8.62,1585,,,,
155,01/30/2021 19:40:00,8.66,1469,,,,
156,01/30/2021 19:50:00,8.71,1358,,,,
157,01/30/2021 20:00:00,8.58,1133,,,,
158,01/30/2021 20:10:00,8.53,834,,,,
159,01/30/2021 20:20:00,8.79,811,,,,
160,01/30/2021 20:30:00,8.58,614,,,,
161,01/30/2021 20:40:00,8.53,533,,,,
162,01/30/2021 20:50:00,8.71,401,,,,
163,01/30/2021 21:00:00,8.53,362,,,,
164,01/30/2021 21:10:00,8.53,326,,,,
165,01/30/2021 21:20:00,8.71,250,,,,
166,01/30/2021 21:30:00,8.62,195,,,,
167,01/30/2021 21:40:00,8.45,138,,,,
168,01/30/2021 21:50:00,8.71,72,,,,
169,01/30/2021 22:00:00,8.66,11,,,,
170,01/30/2021 22:10:00,8.49,0,,,,
171,01/30/2021 22:20:00,8.75,0,,,,
172,01/30/2021 22:30:00,8.75,0,,,,
173,01/30/2021 22:40:00,8.58,0,,,,
174,01/30/2021 22:50:00,8.45,0,,,,
175,01/30/2021 23:00:00,8.75,0,,,,
176,01/30/2021 23:10:00,8.71,0,,,,
177,01/30/2021 23:20:00,8.58,0,,,,
178,01/30/2021 23:30:00,8.53,0,,,,
179,01/30/2021 23:40:00,8.75,0,,,,
180,01/30/2021 23:50:00,8.66,0,,,,
181,01/31/2021 00:00:00,8.53,0,,,,
182,01/31/2021 00:10:00,8.53,0,,,,
183,01/31/2021 00:20:00,8.75,0,,,,
184,01/31/2021 00:30:00,8.66,0,,,,
185,01/31/2021 00:40:00,8.53,0,,,,
186,01/31/2021 00:50:00,8.75,0,,,,
187,01/31/2021 01:00:00,8.71,0,,,,
188,01/31/2021 01:10:00,8.53,0,,,,
189,01/31/2021 01:20:00,8.62,0,,,,
190,01/31/2021 01:30:00,8.75,0,,,,
191,01/31/2021 01:40:00,8.58,0,,,,
192,01/31/2021 01:50:00,8.49,0,,,,
193,01/31/2021 02:00:00,8.71,0,,,,
194,01/31/2021 02:10:00,8.66,0,,,,
195,01/31/2021 02:20:00,8.49,0,,,,
196,01/31/2021 02:30:00,8.75,0,,,,
197,01/31/2021 02:40:00,8.62,0,,,,
198,01/31/2021 02:50:00,8.45,0,,,,
199,01/31/2021 03:00:00,8.75,0,,,,
200,01/31/2021 03:10:00,8.58,0,,,,
201,01/31/2021 03:20:00,8.58,0,,,,
202,01/31/2021 03:30:00,8.66,0,,,,
203,01/31/2021 03:40:00,8.45,0,,,,
204,01/31/2021 03:50:00,8.79,0,,,,
205,01/31/2021 04:00:00,8.62,0,,,,
206,01/31/2021 04:10:00,8.53,0,,,,
207,01/31/2021 04:20:00,8.71,0,,,,
208,01/31/2021 04:30:00,8.49,0,,,,
209,01/31/2021 04:40:00,8.71,0,,,,
210,01/31/2021 04:50:00,8.62,0,,,,
211,01/31/2021 05:00:00,8.49,0,,,,
212,01/31/2021 05:10:00,8.66,0,,,,
213,01/31/2021 05:20:00,8.49,0,,,,
214,01/31/2021 05:30:00,8.75,0,,,,
215,01/31/2021 05:40:00,8.58,0,,,,
216,01/31/2021 05:50:00,8.58,0,,,,
217,01/31/2021 06:00:00,8.71,0,,,,
218,01/31/2021 06:10:00,8.45,59,,,,
219,01/31/2021 06:20:00,8.66,130,,,,
220,01/31/2021 06:30:00,8.49,190,,,,
221,01/31/2021 06:40:00,8.71,246,,,,
222,01/31/2021 06:50:00,8.62,320,,,,
223,01/31/2021 07:00:00,8.62,385,,,,
224,01/31/2021 07:10:00,8.71,424,,,,
225,01/31/2021 07:20:00,8.45,586,,,,
226,01/31/2021 07:30:00,8.75,634,,,,
227,01/31/2021 07:40:00,8.53,710,,,,
228,01/31/2021 07:50:00,8.71,946,,,,
229,01/31/2021 08:00:00,8.66,1070,,,,
230,01/31/2021 08:10:00,8.45,1284,,,,
231,01/31/2021 08:20:00,8.75,1475,,,,
232,01/31/2021 08:30:00,8.62,1618,,,,
233,01/31/2021 08:40:00,8.71,1775,,,,
234,01/31/2021 08:50:00,8.71,1964,,,,
235,01/31/2021 09:00:00,8.53,2200,,,,
236,01/31/2021 09:10:00,8.79,2125,,,,
237,01/31/2021 09:20:00,8.62,2387,,,,
238,01/31/2021 09:30:00,8.75,2550,,,,
239,01/31/2021 09:40:00,8.71,2739,,,,
240,01/31/2021 09:50:00,8.53,2633,,,,
241,01/31/2021 10:00:00,8.79,2927,,,,
242,01/31/2021 10:10:00,8.66,2825,,,,
243,01/31/2021 10:20:00,8.58,2865,,,,
244,01/31/2021 10:30:00,8.75,2797,,,,
245,01/31/2021 10:40:00,8.62,2811,,,,
246,01/31/2021 10:50:00,8.75,2821,,,,
247,01/31/2021 11:00:00,8.75,2872,,,,
248,01/31/2021 11:10:00,8.58,3020,,,,
249,01/31/2021 11:20:00,8.71,2954,,,,
250,01/31/2021 11:30:00,8.71,3172,,,,
251,01/31/2021 11:40:00,8.58,2842,,,,
252,01/31/2021 11:50:00,8.79,2830,,,,
253,01/31/2021 12:00:00,8.71,2918,,,,
254,01/31/2021 12:10:00,8.62,2751,,,,
255,01/31/2021 12:20:00,8.71,2746,,,,
256,01/31/2021 12:30:00,8.79,3034,,,,
257,01/31/2021 12:40:00,8.66,2884,,,,
258,01/31/2021 12:50:00,8.53,2900,,,,
259,01/31/2021 13:00:00,8.83,2939,,,,
260,01/31/2021 13:10:00,8.75,2989,,,,
261,01/31/2021 13:20:00,8.62,2700,,,,
262,01/31/2021 13:30:00,8.79,2735,,,,
263,01/31/2021 13:40:00,8.71,2849,,,,
264,01/31/2021 13:50:00,8.62,2984,,,,
265,01/31/2021 14:00:00,8.66,2849,,,,
266,01/31/2021 14:10:00,8.79,3035,,,,
267,01/31/2021 14:20:00,8.66,2757,,,,
268,01/31/2021 14:30:00,8.53,3172,,,,
269,01/31/2021 14:40:00,8.79,3003,,,,
270,01/31/2021 14:50:00,8.66,2866,,,,
271,01/31/2021 15:00:00,8.58,2802,,,,
272,01/31/2021 15:10:00,8.79,2831,,,,
273,01/31/2021 15:20:00,8.66,3040,,,,
274,01/31/2021 15:30:00,8.58,3369,,,,
275,01/31/2021 15:40:00,8.83,3109,,,,
276,01/31/2021 15:50:00,8.71,3185,,,,
277,01/31/2021 16:00:00,8.58,3109,,,,
278,01/31/2021 16:10:00,8.79,3075,,,,
279,01/31/2021 16:20:00,8.66,3122,,,,
280,01/31/2021 16:30:00,8.58,3052,,,,
281,01/31/2021 16:40:00,8.83,3137,,,,
282,01/31/2021 16:50:00,8.66,3250,,,,
283,01/31/2021 17:00:00,8.62,2984,,,,
284,01/31/2021 17:10:00,8.79,2926,,,,
285,01/31/2021 17:20:00,8.66,3119,,,,
286,01/31/2021 17:30:00,8.71,3236,,,,
287,01/31/2021 17:40:00,8.79,3105,,,,
288,01/31/2021 17:50:00,8.58,2848,,,,
289,01/31/2021 18:00:00,8.83,3590,,,,
290,01/31/2021 18:10:00,8.75,2985,,,,
291,01/31/2021 18:20:00,8.58,2678,,,,
292,01/31/2021 18:30:00,8.79,2719,,,,
293,01/31/2021 18:40:00,8.66,2422,,,,
294,01/31/2021 18:50:00,8.58,2275,,,,
295,01/31/2021 19:00:00,8.79,2065,,,,
296,01/31/2021 19:10:00,8.62,1805,,,,
297,01/31/2021 19:20:00,8.58,1871,,,,
298,01/31/2021 19:30:00,8.83,1425,,,,
299,01/31/2021 19:40:00,8.58,1484,,,,
300,01/31/2021 19:50:00,8.62,1339,,,,
301,01/31/2021 20:00:00,8.71,1113,,,,
302,01/31/2021 20:10:00,8.53,999,,,,
303,01/31/2021 20:20:00,8.75,816,,,,
304,01/31/2021 20:30:00,8.66,594,,,,
305,01/31/2021 20:40:00,8.53,551,,,,
306,01/31/2021 20:50:00,8.75,419,,,,
307,01/31/2021 21:00:00,8.66,376,,,,
308,01/31/2021 21:10:00,8.49,338,,,,
309,01/31/2021 21:20:00,8.75,279,,,,
310,01/31/2021 21:30:00,8.66,206,,,,
311,01/31/2021 21:40:00,8.45,136,,,,
312,01/31/2021 21:50:00,8.75,71,,,,
313,01/31/2021 22:00:00,8.66,12,,,,
314,01/31/2021 22:10:00,8.45,0,,,,
315,01/31/2021 22:20:00,8.71,0,,,,
316,01/31/2021 22:30:00,8.62,0,,,,
317,01/31/2021 22:40:00,8.53,0,,,,
318,01/31/2021 22:50:00,8.75,0,,,,
319,01/31/2021 23:00:00,8.71,0,,,,
320,01/31/2021 23:10:00,8.49,0,,,,
321,01/31/2021 23:20:00,8.71,0,,,,
322,01/31/2021 23:30:00,8.66,0,,,,
323,01/31/2021 23:40:00,8.53,0,,,,
324,01/31/2021 23:50:00,8.66,0,,,,
325,02/01/2021 00:00:00,8.75,0,,,,
326,02/01/2021 00:10:00,8.62,0,,,,
327,02/01/2021 00:20:00,8.45,0,,,,
328,02/01/2021 00:30:00,8.75,0,,,,
329,02/01/2021 00:40:00,8.66,0,,,,
330,02/01/2021 00:50:00,8.53,0,,,,
331,02/01/2021 01:00:00,8.75,0,,,,
332,02/01/2021 01:10:00,8.71,0,,,,
333,02/01/2021 01:20:00,8.58,0,,,,
334,02/01/2021 01:30:00,8.49,0,,,,
335,02/01/2021 01:40:00,8.75,0,,,,
336,02/01/2021 01:50:00,8.62,0,,,,
337,02/01/2021 02:00:00,8.49,0,,,,
338,02/01/2021 02:10:00,8.71,0,,,,
339,02/01/2021 02:20:00,8.66,0,,,,
340,02/01/2021 02:30:00,8.49,0,,,,
341,02/01/2021 02:40:00,8.75,0,,,,
342,02/01/2021 02:50:00,8.66,0,,,,
343,02/01/2021 03:00:00,8.49,0,,,,
344,02/01/2021 03:10:00,8.75,0,,,,
345,02/01/2021 03:20:00,8.66,0,,,,
346,02/01/2021 03:30:00,8.49,0,,,,
347,02/01/2021 03:40:00,8.75,0,,,,
348,02/01/2021 03:50:00,8.71,0,,,,
349,02/01/2021 04:00:00,8.49,0,,,,
350,02/01/2021 04:10:00,8.66,0,,,,
351,02/01/2021 04:20:00,8.71,0,,,,
352,02/01/2021 04:30:00,8.53,0,,,,
353,02/01/2021 04:40:00,8.71,0,,,,
354,02/01/2021 04:50:00,8.71,0,,,,
355,02/01/2021 05:00:00,8.49,0,,,,
356,02/01/2021 05:10:00,8.71,0,,,,
357,02/01/2021 05:20:00,8.58,0,,,,
358,02/01/2021 05:30:00,8.53,0,,,,
359,02/01/2021 05:40:00,8.75,0,,,,
360,02/01/2021 05:50:00,8.58,0,,,,
361,02/01/2021 06:00:00,8.58,0,,,,
362,02/01/2021 06:10:00,8.66,64,,,,
363,02/01/2021 06:20:00,8.53,132,,,,
364,02/01/2021 06:30:00,8.71,210,,,,
365,02/01/2021 06:40:00,8.66,249,,,,
366,02/01/2021 06:50:00,8.53,269,,,,
367,02/01/2021 07:00:00,8.75,345,,,,
368,02/01/2021 07:10:00,8.62,474,,,,
369,02/01/2021 07:20:00,8.45,515,,,,
370,02/01/2021 07:30:00,8.79,627,,,,
371,02/01/2021 07:40:00,8.66,793,,,,
372,02/01/2021 07:50:00,8.49,927,,,,
373,02/01/2021 08:00:00,8.75,1116,,,,
374,02/01/2021 08:10:00,8.66,1245,,,,
375,02/01/2021 08:20:00,8.49,1555,,,,
376,02/01/2021 08:30:00,8.79,1679,,,,
377,02/01/2021 08:40:00,8.66,1708,,,,
378,02/01/2021 08:50:00,8.49,1947,,,,
379,02/01/2021 09:00:00,8.79,1995,,,,
380,02/01/2021 09:10:00,8.66,2331,,,,
381,02/01/2021 09:20:00,8.53,2367,,,,
382,02/01/2021 09:30:00,8.83,2569,,,,
383,02/01/2021 09:40:00,8.75,2865,,,,
384,02/01/2021 09:50:00,8.58,2612,,,,
385,02/01/2021 10:00:00,8.83,2848,,,,
386,02/01/2021 10:10:00,8.71,2922,,,,
387,02/01/2021 10:20:00,8.58,3165,,,,
388,02/01/2021 10:30:00,8.83,2950,,,,
389,02/01/2021 10:40:00,8.66,3073,,,,
390,02/01/2021 10:50:00,8.58,2991,,,,
391,02/01/2021 11:00:00,8.75,2989,,,,
392,02/01/2021 11:10:00,8.71,2954,,,,
393,02/01/2021 11:20:00,8.53,2957,,,,
394,02/01/2021 11:30:00,8.79,2798,,,,
395,02/01/2021 11:40:00,8.71,2780,,,,
396,02/01/2021 11:50:00,8.62,2879,,,,
397,02/01/2021 12:00:00,8.71,3108,,,,
398,02/01/2021 12:10:00,8.83,2994,,,,
399,02/01/2021 12:20:00,8.66,2826,,,,
400,02/01/2021 12:30:00,8.53,2752,,,,
401,02/01/2021 12:40:00,8.83,3144,,,,
402,02/01/2021 12:50:00,8.75,3002,,,,
403,02/01/2021 13:00:00,8.58,2906,,,,
404,02/01/2021 13:10:00,8.66,2684,,,,
405,02/01/2021 13:20:00,8.83,2866,,,,
406,02/01/2021 13:30:00,8.66,2881,,,,
407,02/01/2021 13:40:00,8.58,2828,,,,
408,02/01/2021 13:50:00,8.83,2968,,,,
409,02/01/2021 14:00:00,8.71,2740,,,,
410,02/01/2021 14:10:00,8.62,2927,,,,
411,02/01/2021 14:20:00,8.71,2947,,,,
412,02/01/2021 14:30:00,8.83,2962,,,,
413,02/01/2021 14:40:00,8.62,2757,,,,
414,02/01/2021 14:50:00,8.71,2450,,,,
415,02/01/2021 15:00:00,8.79,2947,,,,
416,02/01/2021 15:10:00,8.66,2915,,,,
417,02/01/2021 15:20:00,8.71,2666,,,,
418,02/01/2021 15:30:00,8.79,2975,,,,
419,02/01/2021 15:40:00,8.62,2886,,,,
420,02/01/2021 15:50:00,8.66,2906,,,,
421,02/01/2021 16:00:00,8.75,2769,,,,
422,02/01/2021 16:10:00,8.62,2967,,,,
423,02/01/2021 16:20:00,8.62,2926,,,,
424,02/01/2021 16:30:00,8.79,2756,,,,
425,02/01/2021 16:40:00,8.66,2790,,,,
426,02/01/2021 16:50:00,8.58,2787,,,,
427,02/01/2021 17:00:00,8.79,2895,,,,
428,02/01/2021 17:10:00,8.71,2764,,,,
429,02/01/2021 17:20:00,8.53,2950,,,,
430,02/01/2021 17:30:00,8.83,2886,,,,
431,02/01/2021 17:40:00,8.66,2808,,,,
432,02/01/2021 17:50:00,8.58,2860,,,,
433,02/01/2021 18:00:00,8.71,2856,,,,
434,02/01/2021 18:10:00,8.66,2696,,,,
435,02/01/2021 18:20:00,8.75,2669,,,,
436,02/01/2021 18:30:00,8.75,2595,,,,
437,02/01/2021 18:40:00,8.53,2241,,,,
438,02/01/2021 18:50:00,8.75,2187,,,,
439,02/01/2021 19:00:00,8.75,2169,,,,
440,02/01/2021 19:10:00,8.53,1960,,,,
441,02/01/2021 19:20:00,8.75,1625,,,,
442,02/01/2021 19:30:00,8.66,1594,,,,
443,02/01/2021 19:40:00,8.49,1408,,,,
444,02/01/2021 19:50:00,8.75,1251,,,,
445,02/01/2021 20:00:00,8.66,1107,,,,
446,02/01/2021 20:10:00,8.58,920,,,,
447,02/01/2021 20:20:00,8.79,791,,,,
448,02/01/2021 20:30:00,8.49,601,,,,
449,02/01/2021 20:40:00,8.71,501,,,,
450,02/01/2021 20:50:00,8.66,452,,,,
451,02/01/2021 21:00:00,8.45,401,,,,
452,02/01/2021 21:10:00,8.75,341,,,,
453,02/01/2021 21:20:00,8.53,281,,,,
454,02/01/2021 21:30:00,8.58,199,,,,
455,02/01/2021 21:40:00,8.66,139,,,,
456,02/01/2021 21:50:00,8.49,75,,,,
457,02/01/2021 22:00:00,8.71,10,,,,
458,02/01/2021 22:10:00,8.58,0,,,,
459,02/01/2021 22:20:00,8.58,0,,,,
460,02/01/2021 22:30:00,8.71,0,,,,
461,02/01/2021 22:40:00,8.49,0,,,,
462,02/01/2021 22:50:00,8.71,0,,,,
463,02/01/2021 23:00:00,8.53,0,,,,
464,02/01/2021 23:10:00,8.66,0,,,,
465,02/01/2021 23:20:00,8.62,0,,,,
466,02/01/2021 23:30:00,8.45,0,,,,
467,02/01/2021 23:40:00,8.75,0,,,,
468,02/01/2021 23:50:00,8.53,0,,,,
469,02/02/2021 00:00:00,8.66,0,,,,
470,02/02/2021 00:10:00,8.71,0,,,,
471,02/02/2021 00:20:00,8.49,0,,,,
472,02/02/2021 00:30:00,8.66,0,,,,
473,02/02/2021 00:40:00,8.62,0,,,,
474,02/02/2021 00:50:00,8.49,0,,,,
475,02/02/2021 01:00:00,8.71,0,,,,
476,02/02/2021 01:10:00,8.53,0,,,,
477,02/02/2021 01:20:00,8.66,0,,,,
478,02/02/2021 01:30:00,8.66,0,,,,
479,02/02/2021 01:40:00,8.53,0,,,,
480,02/02/2021 01:50:00,8.75,0,,,,
481,02/02/2021 02:00:00,8.62,0,,,,
482,02/02/2021 02:10:00,8.45,0,,,,
483,02/02/2021 02:20:00,8.71,0,,,,
484,02/02/2021 02:30:00,8.58,0,,,,
485,02/02/2021 02:40:00,8.53,0,,,,
486,02/02/2021 02:50:00,8.71,0,,,,
487,02/02/2021 03:00:00,8.58,0,,,,
488,02/02/2021 03:10:00,8.71,0,,,,
489,02/02/2021 03:20:00,8.71,0,,,,
490,02/02/2021 03:30:00,8.49,0,,,,
491,02/02/2021 03:40:00,8.71,0,,,,
492,02/02/2021 03:50:00,8.58,0,,,,
493,02/02/2021 04:00:00,8.49,0,,,,
494,02/02/2021 04:10:00,8.71,0,,,,
495,02/02/2021 04:20:00,8.58,0,,,,
496,02/02/2021 04:30:00,8.62,0,,,,
497,02/02/2021 04:40:00,8.71,0,,,,
498,02/02/2021 04:50:00,8.45,0,,,,
499,02/02/2021 05:00:00,8.75,0,,,,
500,02/02/2021 05:10:00,8.62,0,,,,
501,02/02/2021 05:20:00,8.53,0,,,,
502,02/02/2021 05:30:00,8.71,0,,,,
503,02/02/2021 05:40:00,8.49,0,,,,
504,02/02/2021 05:50:00,8.75,0,,,,
505,02/02/2021 06:00:00,8.62,0,,,,
506,02/02/2021 06:10:00,8.49,62,,,,
507,02/02/2021 06:20:00,8.71,121,,,,
508,02/02/2021 06:30:00,8.62,189,,,,
509,02/02/2021 06:40:00,8.53,243,,,,
510,02/02/2021 06:50:00,8.71,298,,,,
511,02/02/2021 07:00:00,8.58,373,,,,
512,02/02/2021 07:10:00,8.66,447,,,,
513,02/02/2021 07:20:00,8.75,547,,,,
514,02/02/2021 07:30:00,8.49,626,,,,
515,02/02/2021 07:40:00,8.75,750,,,,
516,02/02/2021 07:50:00,8.71,914,,,,
517,02/02/2021 08:00:00,8.49,1083,,,,
518,02/02/2021 08:10:00,8.79,1280,,,,
519,02/02/2021 08:20:00,8.66,1365,,,,
520,02/02/2021 08:30:00,8.49,1560,,,,
521,02/02/2021 08:40:00,8.75,1784,,,,
522,02/02/2021 08:50:00,8.58,1969,,,,
523,02/02/2021 09:00:00,8.66,1965,,,,
524,02/02/2021 09:10:00,8.75,2180,,,,
525,02/02/2021 09:20:00,8.58,2253,,,,
526,02/02/2021 09:30:00,8.75,2470,,,,
527,02/02/2021 09:40:00,8.71,2567,,,,
528,02/02/2021 09:50:00,8.58,2807,,,,
529,02/02/2021 10:00:00,8.83,2779,,,,
530,02/02/2021 10:10:00,8.75,3063,,,,
531,02/02/2021 10:20:00,8.62,2522,,,,
532,02/02/2021 10:30:00,8.79,2720,,,,
533,02/02/2021 10:40:00,8.71,2802,,,,
534,02/02/2021 10:50:00,8.62,2767,,,,
535,02/02/2021 11:00:00,8.83,2881,,,,
536,02/02/2021 11:10:00,8.66,2774,,,,
537,02/02/2021 11:20:00,8.53,2961,,,,
538,02/02/2021 11:30:00,8.83,3009,,,,
539,02/02/2021 11:40:00,8.66,2907,,,,
540,02/02/2021 11:50:00,8.53,2954,,,,
541,02/02/2021 12:00:00,8.79,2945,,,,
542,02/02/2021 12:10:00,8.75,2917,,,,
543,02/02/2021 12:20:00,8.53,2765,,,,
544,02/02/2021 12:30:00,8.79,3020,,,,
545,02/02/2021 12:40:00,8.66,2912,,,,
546,02/02/2021 12:50:00,8.58,2924,,,,
547,02/02/2021 13:00:00,8.83,2706,,,,
548,02/02/2021 13:10:00,8.71,2842,,,,
549,02/02/2021 13:20:00,8.58,2932,,,,
550,02/02/2021 13:30:00,8.83,2943,,,,
551,02/02/2021 13:40:00,8.71,2893,,,,
552,02/02/2021 13:50:00,8.62,2963,,,,
553,02/02/2021 14:00:00,8.75,2752,,,,
554,02/02/2021 14:10:00,8.71,2848,,,,
555,02/02/2021 14:20:00,8.62,2889,,,,
556,02/02/2021 14:30:00,8.79,2895,,,,
557,02/02/2021 14:40:00,8.71,3132,,,,
558,02/02/2021 14:50:00,8.58,2929,,,,
559,02/02/2021 15:00:00,8.79,2742,,,,
560,02/02/2021 15:10:00,8.75,3076,,,,
561,02/02/2021 15:20:00,8.58,3087,,,,
562,02/02/2021 15:30:00,8.83,3064,,,,
563,02/02/2021 15:40:00,8.75,2979,,,,
564,02/02/2021 15:50:00,8.62,2927,,,,
565,02/02/2021 16:00:00,8.75,3200,,,,
566,02/02/2021 16:10:00,8.75,2856,,,,
567,02/02/2021 16:20:00,8.58,2924,,,,
568,02/02/2021 16:30:00,8.79,2828,,,,
569,02/02/2021 16:40:00,8.75,3104,,,,
570,02/02/2021 16:50:00,8.58,2634,,,,
571,02/02/2021 17:00:00,8.71,2912,,,,
572,02/02/2021 17:10:00,8.71,2700,,,,
573,02/02/2021 17:20:00,8.58,2785,,,,
574,02/02/2021 17:30:00,8.79,3073,,,,
575,02/02/2021 17:40:00,8.71,2524,,,,
576,02/02/2021 17:50:00,8.58,2917,,,,
577,02/02/2021 18:00:00,8.83,2968,,,,
578,02/02/2021 18:10:00,8.71,2785,,,,
579,02/02/2021 18:20:00,8.53,2582,,,,
580,02/02/2021 18:30:00,8.83,2412,,,,
581,02/02/2021 18:40:00,8.71,2360,,,,
582,02/02/2021 18:50:00,8.53,2349,,,,
583,02/02/2021 19:00:00,8.75,2109,,,,
584,02/02/2021 19:10:00,8.62,1946,,,,
585,02/02/2021 19:20:00,8.62,1571,,,,
586,02/02/2021 19:30:00,8.75,1523,,,,
587,02/02/2021 19:40:00,8.58,1459,,,,
588,02/02/2021 19:50:00,8.62,1289,,,,
589,02/02/2021 20:00:00,8.71,1166,,,,
590,02/02/2021 20:10:00,8.53,941,,,,
591,02/02/2021 20:20:00,8.71,822,,,,
592,02/02/2021 20:30:00,8.66,635,,,,
593,02/02/2021 20:40:00,8.53,485,,,,
594,02/02/2021 20:50:00,8.71,421,,,,
595,02/02/2021 21:00:00,8.62,370,,,,
596,02/02/2021 21:10:00,8.49,318,,,,
597,02/02/2021 21:20:00,8.79,239,,,,
598,02/02/2021 21:30:00,8.58,203,,,,
599,02/02/2021 21:40:00,8.53,139,,,,
600,02/02/2021 21:50:00,8.71,74,,,,
601,02/02/2021 22:00:00,8.53,10,,,,
602,02/02/2021 22:10:00,8.58,0,,,,
603,02/02/2021 22:20:00,8.71,0,,,,
604,02/02/2021 22:30:00,8.58,0,,,,
605,02/02/2021 22:40:00,8.71,0,,,,
606,02/02/2021 22:50:00,8.66,0,,,,
607,02/02/2021 23:00:00,8.53,0,,,,
608,02/02/2021 23:10:00,8.71,0,,,,
609,02/02/2021 23:20:00,8.66,0,,,,
610,02/02/2021 23:30:00,8.45,0,,,,
611,02/02/2021 23:40:00,8.79,0,,,,
612,02/02/2021 23:50:00,8.58,0,,,,
613,02/03/2021 00:00:00,8.45,0,,,,
614,02/03/2021 00:10:00,8.71,0,,,,
615,02/03/2021 00:20:00,8.58,0,,,,
616,02/03/2021 00:30:00,8.53,0,,,,
617,02/03/2021 00:40:00,8.75,0,,,,
618,02/03/2021 00:50:00,8.58,0,,,,
619,02/03/2021 01:00:00,8.49,0,,,,
620,02/03/2021 01:10:00,8.71,0,,,,
621,02/03/2021 01:20:00,8.53,0,,,,
622,02/03/2021 01:30:00,8.58,0,,,,
623,02/03/2021 01:40:00,8.79,0,,,,
624,02/03/2021 01:50:00,8.62,0,,,,
625,02/03/2021 02:00:00,8.53,0,,,,
626,02/03/2021 02:10:00,8.79,0,,,,
627,02/03/2021 02:20:00,8.62,0,,,,
628,02/03/2021 02:30:00,8.49,0,,,,
629,02/03/2021 02:40:00,8.75,0,,,,
630,02/03/2021 02:50:00,8.62,0,,,,
631,02/03/2021 03:00:00,8.49,0,,,,
632,02/03/2021 03:10:00,8.75,0,,,,
633,02/03/2021 03:20:00,8.58,0,,,,
634,02/03/2021 03:30:00,8.49,0,,,,
635,02/03/2021 03:40:00,8.75,0,,,,
636,02/03/2021 03:50:00,8.58,0,,,,
637,02/03/2021 04:00:00,8.49,0,,,,
638,02/03/2021 04:10:00,8.71,0,,,,
639,02/03/2021 04:20:00,8.58,0,,,,
640,02/03/2021 04:30:00,8.58,0,,,,
641,02/03/2021 04:40:00,8.71,0,,,,
642,02/03/2021 04:50:00,8.58,0,,,,
643,02/03/2021 05:00:00,8.45,0,,,,
644,02/03/2021 05:10:00,8.79,0,,,,
645,02/03/2021 05:20:00,8.62,0,,,,
646,02/03/2021 05:30:00,8.45,0,,,,
647,02/03/2021 05:40:00,8.71,0,,,,
648,02/03/2021 05:50:00,8.62,0,,,,
649,02/03/2021 06:00:00,8.45,0,,,,
650,02/03/2021 06:10:00,8.75,62,,,,
651,02/03/2021 06:20:00,8.62,130,,,,
652,02/03/2021 06:30:00,8.49,173,,,,
653,02/03/2021 06:40:00,8.75,253,,,,
654,02/03/2021 06:50:00,8.66,307,,,,
655,02/03/2021 07:00:00,8.53,363,,,,
656,02/03/2021 07:10:00,8.79,460,,,,
657,02/03/2021 07:20:00,8.58,505,,,,
658,02/03/2021 07:30:00,8.49,604,,,,
659,02/03/2021 07:40:00,8.75,783,,,,
660,02/03/2021 07:50:00,8.62,973,,,,
661,02/03/2021 08:00:00,8.58,1070,,,,
662,02/03/2021 08:10:00,8.75,1234,,,,
663,02/03/2021 08:20:00,8.62,1399,,,,
664,02/03/2021 08:30:00,8.58,1652,,,,
665,02/03/2021 08:40:00,8.79,1750,,,,
666,02/03/2021 08:50:00,8.62,1875,,,,
667,02/03/2021 09:00:00,8.62,2042,,,,
668,02/03/2021 09:10:00,8.83,2164,,,,
669,02/03/2021 09:20:00,8.62,2328,,,,
670,02/03/2021 09:30:00,8.66,2405,,,,
671,02/03/2021 09:40:00,8.79,2549,,,,
672,02/03/2021 09:50:00,8.62,2771,,,,
673,02/03/2021 10:00:00,8.66,2769,,,,
674,02/03/2021 10:10:00,8.79,2961,,,,
675,02/03/2021 10:20:00,8.66,2769,,,,
676,02/03/2021 10:30:00,8.62,2904,,,,
677,02/03/2021 10:40:00,8.83,2720,,,,
678,02/03/2021 10:50:00,8.66,2756,,,,
679,02/03/2021 11:00:00,8.58,2998,,,,
680,02/03/2021 11:10:00,8.83,2991,,,,
681,02/03/2021 11:20:00,8.71,2836,,,,
682,02/03/2021 11:30:00,8.58,2886,,,,
683,02/03/2021 11:40:00,8.79,2954,,,,
684,02/03/2021 11:50:00,8.79,2875,,,,
685,02/03/2021 12:00:00,8.66,2911,,,,
686,02/03/2021 12:10:00,8.58,2884,,,,
687,02/03/2021 12:20:00,8.83,2918,,,,
688,02/03/2021 12:30:00,8.79,3020,,,,
689,02/03/2021 12:40:00,8.75,2839,,,,
690,02/03/2021 12:50:00,8.58,2950,,,,
691,02/03/2021 13:00:00,8.71,2884,,,,
692,02/03/2021 13:10:00,8.83,2881,,,,
693,02/03/2021 13:20:00,8.71,2844,,,,
694,02/03/2021 13:30:00,8.66,2904,,,,
695,02/03/2021 13:40:00,8.53,2888,,,,
696,02/03/2021 13:50:00,8.83,2867,,,,
697,02/03/2021 14:00:00,8.75,2848,,,,
698,02/03/2021 14:10:00,8.71,2866,,,,
699,02/03/2021 14:20:00,8.58,3008,,,,
700,02/03/2021 14:30:00,8.79,3008,,,,
701,02/03/2021 14:40:00,8.79,2590,,,,
702,02/03/2021 14:50:00,8.66,2684,,,,
703,02/03/2021 15:00:00,8.53,2728,,,,
704,02/03/2021 15:10:00,8.79,2737,,,,
705,02/03/2021 15:20:00,8.75,2586,,,,
706,02/03/2021 15:30:00,8.62,2632,,,,
707,02/03/2021 15:40:00,8.62,2600,,,,
708,02/03/2021 15:50:00,8.79,2688,,,,
709,02/03/2021 16:00:00,8.66,2683,,,,
710,02/03/2021 16:10:00,8.62,2632,,,,
711,02/03/2021 16:20:00,8.79,2847,,,,
712,02/03/2021 16:30:00,8.71,2655,,,,
713,02/03/2021 16:40:00,8.62,2702,,,,
714,02/03/2021 16:50:00,8.58,2656,,,,
715,02/03/2021 17:00:00,8.83,2566,,,,
716,02/03/2021 17:10:00,8.71,2735,,,,
717,02/03/2021 17:20:00,8.53,2668,,,,
718,02/03/2021 17:30:00,8.79,2600,,,,
719,02/03/2021 17:40:00,8.71,2292,,,,
720,02/03/2021 17:50:00,8.66,2607,,,,
721,02/03/2021 18:00:00,8.66,2607,,,,
722,02/03/2021 18:10:00,8.75,2519,,,,
723,02/03/2021 18:20:00,8.62,2412,,,,
724,02/03/2021 18:30:00,8.62,2280,,,,
725,02/03/2021 18:40:00,8.79,2289,,,,
726,02/03/2021 18:50:00,8.66,1886,,,,
727,02/03/2021 19:00:00,8.53,1772,,,,
728,02/03/2021 19:10:00,8.79,1699,,,,
729,02/03/2021 19:20:00,8.66,1510,,,,
730,02/03/2021 19:30:00,8.49,1376,,,,
731,02/03/2021 19:40:00,8.79,1238,,,,
732,02/03/2021 19:50:00,8.66,1089,,,,
733,02/03/2021 20:00:00,8.53,1006,,,,
734,02/03/2021 20:10:00,8.79,814,,,,
735,02/03/2021 20:20:00,8.71,731,,,,
736,02/03/2021 20:30:00,8.49,528,,,,
737,02/03/2021 20:40:00,8.79,454,,,,
738,02/03/2021 20:50:00,8.66,331,,,,
739,02/03/2021 21:00:00,8.49,275,,,,
740,02/03/2021 21:10:00,8.75,343,,,,
741,02/03/2021 21:20:00,8.66,289,,,,
742,02/03/2021 21:30:00,8.49,266,,,,
743,02/03/2021 21:40:00,8.71,191,,,,
744,02/03/2021 21:50:00,8.66,85,,,,
745,02/03/2021 22:00:00,8.53,29,,,,
746,02/03/2021 22:10:00,8.66,0,,,,
747,02/03/2021 22:20:00,8.71,0,,,,
748,02/03/2021 22:30:00,8.58,0,,,,
749,02/03/2021 22:40:00,8.62,0,,,,
750,02/03/2021 22:50:00,8.62,0,,,,
751,02/03/2021 23:00:00,8.49,0,,,,
752,02/03/2021 23:10:00,8.71,0,,,,
753,02/03/2021 23:20:00,8.66,0,,,,
754,02/03/2021 23:30:00,8.53,0,,,,
755,02/03/2021 23:40:00,8.71,0,,,,
756,02/03/2021 23:50:00,8.66,0,,,,
757,02/04/2021 00:00:00,8.53,0,,,,
758,02/04/2021 00:10:00,8.62,0,,,,
759,02/04/2021 00:20:00,8.71,0,,,,
760,02/04/2021 00:30:00,8.66,0,,,,
761,02/04/2021 00:40:00,8.53,0,,,,
762,02/04/2021 00:50:00,8.66,0,,,,
763,02/04/2021 01:00:00,8.75,0,,,,
764,02/04/2021 01:10:00,8.62,0,,,,
765,02/04/2021 01:20:00,8.53,0,,,,
766,02/04/2021 01:30:00,8.49,0,,,,
767,02/04/2021 01:40:00,8.79,0,,,,
768,02/04/2021 01:50:00,8.66,0,,,,
769,02/04/2021 02:00:00,8.66,0,,,,
770,02/04/2021 02:10:00,8.53,0,,,,
771,02/04/2021 02:20:00,8.53,0,,,,
772,02/04/2021 02:30:00,8.49,0,,,,
773,02/04/2021 02:40:00,8.75,0,,,,
774,02/04/2021 02:50:00,8.71,0,,,,
775,02/04/2021 03:00:00,8.58,0,,,,
776,02/04/2021 03:10:00,8.49,0,,,,
777,02/04/2021 03:20:00,8.66,0,,,,
778,02/04/2021 03:30:00,8.71,0,,,,
779,02/04/2021 03:40:00,8.53,0,,,,
780,02/04/2021 03:50:00,8.53,0,,,,
781,02/04/2021 04:00:00,8.75,0,,,,
782,02/04/2021 04:10:00,8.62,0,,,,
783,02/04/2021 04:20:00,8.49,0,,,,
784,02/04/2021 04:30:00,8.75,0,,,,
785,02/04/2021 04:40:00,8.66,0,,,,
786,02/04/2021 04:50:00,8.58,0,,,,
787,02/04/2021 05:00:00,8.62,0,,,,
788,02/04/2021 05:10:00,8.71,0,,,,
789,02/04/2021 05:20:00,8.53,0,,,,
790,02/04/2021 05:30:00,8.49,0,,,,
791,02/04/2021 05:40:00,8.75,0,,,,
792,02/04/2021 05:50:00,8.62,0,,,,
793,02/04/2021 06:00:00,8.45,0,,,,
794,02/04/2021 06:10:00,8.75,78,,,,
795,02/04/2021 06:20:00,8.71,161,,,,
796,02/04/2021 06:30:00,8.53,218,,,,
797,02/04/2021 06:40:00,8.66,313,,,,
798,02/04/2021 06:50:00,8.62,337,,,,
799,02/04/2021 07:00:00,8.49,480,,,,
800,02/04/2021 07:10:00,8.75,528,,,,
801,02/04/2021 07:20:00,8.66,621,,,,
802,02/04/2021 07:30:00,8.53,772,,,,
803,02/04/2021 07:40:00,8.75,946,,,,
804,02/04/2021 07:50:00,8.66,1235,,,,
805,02/04/2021 08:00:00,8.49,1384,,,,
806,02/04/2021 08:10:00,8.71,1574,,,,
807,02/04/2021 08:20:00,8.66,1764,,,,
808,02/04/2021 08:30:00,8.53,1992,,,,
809,02/04/2021 08:40:00,8.79,2101,,,,
810,02/04/2021 08:50:00,8.66,2281,,,,
811,02/04/2021 09:00:00,8.58,2572,,,,
812,02/04/2021 09:10:00,8.75,2607,,,,
813,02/04/2021 09:20:00,8.66,3246,,,,
814,02/04/2021 09:30:00,8.53,3498,,,,
815,02/04/2021 09:40:00,8.83,3745,,,,
816,02/04/2021 09:50:00,8.71,3885,,,,
817,02/04/2021 10:00:00,8.58,4006,,,,
818,02/04/2021 10:10:00,8.88,3997,,,,
819,02/04/2021 10:20:00,8.79,4225,,,,
820,02/04/2021 10:30:00,8.71,4113,,,,
821,02/04/2021 10:40:00,8.66,3931,,,,
822,02/04/2021 10:50:00,8.88,4622,,,,
823,02/04/2021 11:00:00,8.71,4106,,,,
824,02/04/2021 11:10:00,8.62,4060,,,,
825,02/04/2021 11:20:00,8.83,3908,,,,
826,02/04/2021 11:30:00,8.79,4020,,,,
827,02/04/2021 11:40:00,8.62,4198,,,,
828,02/04/2021 11:50:00,8.83,4013,,,,
829,02/04/2021 12:00:00,8.83,4380,,,,
830,02/04/2021 12:10:00,8.71,4255,,,,
831,02/04/2021 12:20:00,8.58,4457,,,,
832,02/04/2021 12:30:00,8.88,4420,,,,
833,02/04/2021 12:40:00,8.79,4463,,,,
834,02/04/2021 12:50:00,8.66,4714,,,,
835,02/04/2021 13:00:00,8.71,4380,,,,
836,02/04/2021 13:10:00,8.88,4102,,,,
837,02/04/2021 13:20:00,8.75,4305,,,,
838,02/04/2021 13:30:00,8.62,4338,,,,
839,02/04/2021 13:40:00,8.83,3699,,,,
840,02/04/2021 13:50:00,8.83,3868,,,,
841,02/04/2021 14:00:00,8.66,3743,,,,
842,02/04/2021 14:10:00,8.62,3782,,,,
843,02/04/2021 14:20:00,8.83,3785,,,,
844,02/04/2021 14:30:00,8.83,3887,,,,
845,02/04/2021 14:40:00,8.75,4083,,,,
846,02/04/2021 14:50:00,8.62,3709,,,,
847,02/04/2021 15:00:00,8.62,3954,,,,
848,02/04/2021 15:10:00,8.88,4317,,,,
849,02/04/2021 15:20:00,8.79,3672,,,,
850,02/04/2021 15:30:00,8.79,3828,,,,
851,02/04/2021 15:40:00,8.66,3908,,,,
852,02/04/2021 15:50:00,8.58,3799,,,,
853,02/04/2021 16:00:00,8.92,3672,,,,
854,02/04/2021 16:10:00,8.83,4119,,,,
855,02/04/2021 16:20:00,8.79,3958,,,,
856,02/04/2021 16:30:00,8.66,3862,,,,
857,02/04/2021 16:40:00,8.62,3994,,,,
858,02/04/2021 16:50:00,8.88,4140,,,,
859,02/04/2021 17:00:00,8.83,3868,,,,
860,02/04/2021 17:10:00,8.75,4067,,,,
861,02/04/2021 17:20:00,8.62,4113,,,,
862,02/04/2021 17:30:00,8.66,4037,,,,
863,02/04/2021 17:40:00,8.92,4261,,,,
864,02/04/2021 17:50:00,8.79,4077,,,,
865,02/04/2021 18:00:00,8.66,4000,,,,
866,02/04/2021 18:10:00,8.58,3791,,,,
867,02/04/2021 18:20:00,8.88,3901,,,,
868,02/04/2021 18:30:00,8.79,3478,,,,
869,02/04/2021 18:40:00,8.66,3323,,,,
870,02/04/2021 18:50:00,8.58,3181,,,,
871,02/04/2021 19:00:00,8.79,2833,,,,
872,02/04/2021 19:10:00,8.66,2762,,,,
873,02/04/2021 19:20:00,8.49,2521,,,,
874,02/04/2021 19:30:00,8.88,2134,,,,
875,02/04/2021 19:40:00,8.75,2111,,,,
876,02/04/2021 19:50:00,8.58,1844,,,,
877,02/04/2021 20:00:00,8.53,1475,,,,
878,02/04/2021 20:10:00,8.79,1428,,,,
879,02/04/2021 20:20:00,8.66,1093,,,,
880,02/04/2021 20:30:00,8.53,875,,,,
881,02/04/2021 20:40:00,8.75,714,,,,
882,02/04/2021 20:50:00,8.62,627,,,,
883,02/04/2021 21:00:00,8.58,562,,,,
884,02/04/2021 21:10:00,8.75,469,,,,
885,02/04/2021 21:20:00,8.62,375,,,,
886,02/04/2021 21:30:00,8.53,279,,,,
887,02/04/2021 21:40:00,8.75,188,,,,
888,02/04/2021 21:50:00,8.62,104,,,,
889,02/04/2021 22:00:00,8.49,14,,,,
890,02/04/2021 22:10:00,8.75,0,,,,
891,02/04/2021 22:20:00,8.58,0,,,,
892,02/04/2021 22:30:00,8.49,0,,,,
893,02/04/2021 22:40:00,8.66,0,,,,
894,02/04/2021 22:50:00,8.62,0,,,,
895,02/04/2021 23:00:00,8.53,0,,,,
896,02/04/2021 23:10:00,8.79,0,,,,
897,02/04/2021 23:20:00,8.66,0,,,,
898,02/04/2021 23:30:00,8.49,0,,,,
899,02/04/2021 23:40:00,8.75,0,,,,
900,02/04/2021 23:50:00,8.62,0,,,,
901,02/05/2021 00:00:00,8.45,0,,,,
902,02/05/2021 00:10:00,8.79,0,,,,
903,02/05/2021 00:20:00,8.66,0,,,,
904,02/05/2021 00:30:00,8.58,0,,,,
905,02/05/2021 00:40:00,8.66,0,,,,
906,02/05/2021 00:50:00,8.71,0,,,,
907,02/05/2021 01:00:00,8.62,0,,,,
908,02/05/2021 01:10:00,8.49,0,,,,
909,02/05/2021 01:20:00,8.75,0,,,,
910,02/05/2021 01:30:00,8.66,0,,,,
911,02/05/2021 01:40:00,8.58,0,,,,
912,02/05/2021 01:50:00,8.53,0,,,,
913,02/05/2021 02:00:00,8.75,0,,,,
914,02/05/2021 02:10:00,8.71,0,,,,
915,02/05/2021 02:20:00,8.66,0,,,,
916,02/05/2021 02:30:00,8.49,0,,,,
917,02/05/2021 02:40:00,8.66,0,,,,
918,02/05/2021 02:50:00,8.75,0,,,,
919,02/05/2021 03:00:00,8.71,0,,,,
920,02/05/2021 03:10:00,8.58,0,,,,
921,02/05/2021 03:20:00,8.53,0,,,,
922,02/05/2021 03:30:00,8.49,0,,,,
923,02/05/2021 03:40:00,8.75,0,,,,
924,02/05/2021 03:50:00,8.75,0,,,,
925,02/05/2021 04:00:00,8.66,0,,,,
926,02/05/2021 04:10:00,8.62,0,,,,
927,02/05/2021 04:20:00,8.53,0,,,,
928,02/05/2021 04:30:00,8.49,0,,,,
929,02/05/2021 04:40:00,8.75,0,,,,
930,02/05/2021 04:50:00,8.66,0,,,,
931,02/05/2021 05:00:00,8.58,0,,,,
932,02/05/2021 05:10:00,8.41,0,,,,
933,02/05/2021 05:20:00,8.79,0,,,,
934,02/05/2021 05:30:00,8.75,0,,,,
935,02/05/2021 05:40:00,8.62,0,,,,
936,02/05/2021 05:50:00,8.49,0,,,,
937,02/05/2021 06:00:00,8.79,0,,,,
938,02/05/2021 06:10:00,8.71,90,,,,
939,02/05/2021 06:20:00,8.62,180,,,,
940,02/05/2021 06:30:00,8.49,261,,,,
941,02/05/2021 06:40:00,8.79,331,,,,
942,02/05/2021 06:50:00,8.66,424,,,,
943,02/05/2021 07:00:00,8.53,532,,,,
944,02/05/2021 07:10:00,8.62,603,,,,
945,02/05/2021 07:20:00,8.75,709,,,,
946,02/05/2021 07:30:00,8.66,825,,,,
947,02/05/2021 07:40:00,8.49,1052,,,,
948,02/05/2021 07:50:00,8.79,1386,,,,
949,02/05/2021 08:00:00,8.71,1530,,,,
950,02/05/2021 08:10:00,8.62,1785,,,,
951,02/05/2021 08:20:00,8.79,1999,,,,
952,02/05/2021 08:30:00,8.75,2116,,,,
953,02/05/2021 08:40:00,8.62,2431,,,,
954,02/05/2021 08:50:00,8.66,2597,,,,
955,02/05/2021 09:00:00,8.83,2848,,,,
956,02/05/2021 09:10:00,8.75,3195,,,,
957,02/05/2021 09:20:00,8.53,3217,,,,
958,02/05/2021 09:30:00,8.88,3517,,,,
959,02/05/2021 09:40:00,8.79,3444,,,,
960,02/05/2021 09:50:00,8.66,3812,,,,
961,02/05/2021 10:00:00,8.71,4040,,,,
962,02/05/2021 10:10:00,8.79,3720,,,,
963,02/05/2021 10:20:00,8.75,4086,,,,
964,02/05/2021 10:30:00,8.58,4046,,,,
965,02/05/2021 10:40:00,8.92,4044,,,,
966,02/05/2021 10:50:00,8.79,3789,,,,
967,02/05/2021 11:00:00,8.71,4238,,,,
968,02/05/2021 11:10:00,8.58,4052,,,,
969,02/05/2021 11:20:00,8.83,3340,,,,
970,02/05/2021 11:30:00,8.75,3204,,,,
971,02/05/2021 11:40:00,8.58,3149,,,,
972,02/05/2021 11:50:00,8.62,3171,,,,
973,02/05/2021 12:00:00,8.83,3192,,,,
974,02/05/2021 12:10:00,8.71,3695,,,,
975,02/05/2021 12:20:00,8.62,4221,,,,
976,02/05/2021 12:30:00,8.71,3973,,,,
977,02/05/2021 12:40:00,8.79,4146,,,,
978,02/05/2021 12:50:00,8.71,3981,,,,
979,02/05/2021 13:00:00,8.62,3921,,,,
980,02/05/2021 13:10:00,8.71,4033,,,,
981,02/05/2021 13:20:00,8.83,4159,,,,
982,02/05/2021 13:30:00,8.83,4255,,,,
983,02/05/2021 13:40:00,8.75,4029,,,,
984,02/05/2021 13:50:00,8.66,4284,,,,
985,02/05/2021 14:00:00,8.58,4403,,,,
986,02/05/2021 14:10:00,8.88,4037,,,,
987,02/05/2021 14:20:00,8.83,4125,,,,
988,02/05/2021 14:30:00,8.75,4175,,,,
989,02/05/2021 14:40:00,8.62,4242,,,,
990,02/05/2021 14:50:00,8.62,3789,,,,
991,02/05/2021 15:00:00,8.75,4242,,,,
992,02/05/2021 15:10:00,8.83,4390,,,,
993,02/05/2021 15:20:00,8.75,4493,,,,
994,02/05/2021 15:30:00,8.71,4576,,,,
995,02/05/2021 15:40:00,8.66,4443,,,,
996,02/05/2021 15:50:00,8.71,4721,,,,
997,02/05/2021 16:00:00,8.83,4539,,,,
998,02/05/2021 16:10:00,8.75,4602,,,,
999,02/05/2021 16:20:00,8.71,4364,,,,
1000,02/05/2021 16:30:00,8.66,4367,,,,
1001,02/05/2021 16:40:00,8.58,4641,,,,
1002,02/05/2021 16:50:00,8.53,4483,,,,
1003,02/05/2021 17:00:00,8.92,4641,,,,
1004,02/05/2021 17:10:00,8.83,4675,,,,
1005,02/05/2021 17:20:00,8.75,4559,,,,
1006,02/05/2021 17:30:00,8.71,4543,,,,
1007,02/05/2021 17:40:00,8.66,4536,,,,
1008,02/05/2021 17:50:00,8.58,4668,,,,
1009,02/05/2021 18:00:00,8.88,4691,,,,
1010,02/05/2021 18:10:00,8.83,4305,,,,
1011,02/05/2021 18:20:00,8.71,4202,,,,
1012,02/05/2021 18:30:00,8.62,3878,,,,
1013,02/05/2021 18:40:00,8.58,3455,,,,
1014,02/05/2021 18:50:00,8.83,3474,,,,
1015,02/05/2021 19:00:00,8.79,3071,,,,
1016,02/05/2021 19:10:00,8.62,3031,,,,
1017,02/05/2021 19:20:00,8.62,2787,,,,
1018,02/05/2021 19:30:00,8.79,2461,,,,
1019,02/05/2021 19:40:00,8.62,2215,,,,
1020,02/05/2021 19:50:00,8.53,1990,,,,
1021,02/05/2021 20:00:00,8.79,1765,,,,
1022,02/05/2021 20:10:00,8.71,1544,,,,
1023,02/05/2021 20:20:00,8.53,1267,,,,
1024,02/05/2021 20:30:00,8.66,1010,,,,
1025,02/05/2021 20:40:00,8.71,818,,,,
1026,02/05/2021 20:50:00,8.58,691,,,,
1027,02/05/2021 21:00:00,8.53,624,,,,
1028,02/05/2021 21:10:00,8.71,505,,,,
1029,02/05/2021 21:20:00,8.58,399,,,,
1030,02/05/2021 21:30:00,8.53,314,,,,
1031,02/05/2021 21:40:00,8.71,210,,,,
1032,02/05/2021 21:50:00,8.62,120,,,,
1033,02/05/2021 22:00:00,8.45,16,,,,
1034,02/05/2021 22:10:00,8.75,0,,,,
1035,02/05/2021 22:20:00,8.58,0,,,,
1036,02/05/2021 22:30:00,8.62,0,,,,
1037,02/05/2021 22:40:00,8.66,0,,,,
1038,02/05/2021 22:50:00,8.49,0,,,,
1039,02/05/2021 23:00:00,8.71,0,,,,
1040,02/05/2021 23:10:00,8.66,0,,,,
1041,02/05/2021 23:20:00,8.49,0,,,,
1042,02/05/2021 23:30:00,8.75,0,,,,
1043,02/05/2021 23:40:00,8.66,0,,,,
1044,02/05/2021 23:50:00,8.53,0,,,,
1045,02/06/2021 00:00:00,8.71,0,,,,
1046,02/06/2021 00:10:00,8.71,0,,,,
1047,02/06/2021 00:20:00,8.58,0,,,,
1048,02/06/2021 00:30:00,8.71,0,,,,
1049,02/06/2021 00:40:00,8.66,0,,,,
1050,02/06/2021 00:50:00,8.53,0,,,,
1051,02/06/2021 01:00:00,8.75,0,,,,
1052,02/06/2021 01:10:00,8.62,0,,,,
1053,02/06/2021 01:20:00,8.45,0,,,,
1054,02/06/2021 01:30:00,8.79,0,,,,
1055,02/06/2021 01:40:00,8.71,0,,,,
1056,02/06/2021 01:50:00,8.58,0,,,,
1057,02/06/2021 02:00:00,8.71,0,,,,
1058,02/06/2021 02:10:00,8.71,0,,,,
1059,02/06/2021 02:20:00,8.58,0,,,,
1060,02/06/2021 02:30:00,8.49,0,,,,
1061,02/06/2021 02:40:00,8.75,0,,,,
1062,02/06/2021 02:50:00,8.71,0,,,,
1063,02/06/2021 03:00:00,8.58,0,,,,
1064,02/06/2021 03:10:00,8.45,0,,,,
1065,02/06/2021 03:20:00,8.83,0,,,,
1066,02/06/2021 03:30:00,8.66,0,,,,
1067,02/06/2021 03:40:00,8.58,0,,,,
1068,02/06/2021 03:50:00,8.49,0,,,,
1069,02/06/2021 04:00:00,8.75,0,,,,
1070,02/06/2021 04:10:00,8.71,0,,,,
1071,02/06/2021 04:20:00,8.58,0,,,,
1072,02/06/2021 04:30:00,8.49,0,,,,
1073,02/06/2021 04:40:00,8.79,0,,,,
1074,02/06/2021 04:50:00,8.75,0,,,,
1075,02/06/2021 05:00:00,8.62,0,,,,
1076,02/06/2021 05:10:00,8.49,0,,,,
1077,02/06/2021 05:20:00,8.71,0,,,,
1078,02/06/2021 05:30:00,8.66,0,,,,
1079,02/06/2021 05:40:00,8.62,0,,,,
1080,02/06/2021 05:50:00,8.49,0,,,,
1081,02/06/2021 06:00:00,8.71,0,,,,
1082,02/06/2021 06:10:00,8.71,96,,,,
1083,02/06/2021 06:20:00,8.62,197,,,,
1084,02/06/2021 06:30:00,8.49,292,,,,
1085,02/06/2021 06:40:00,8.79,386,,,,
1086,02/06/2021 06:50:00,8.62,463,,,,
1087,02/06/2021 07:00:00,8.53,608,,,,
1088,02/06/2021 07:10:00,8.79,690,,,,
1089,02/06/2021 07:20:00,8.71,795,,,,
1090,02/06/2021 07:30:00,8.58,954,,,,
1091,02/06/2021 07:40:00,8.66,1269,,,,
1092,02/06/2021 07:50:00,8.75,1444,,,,
1093,02/06/2021 08:00:00,8.58,1764,,,,
1094,02/06/2021 08:10:00,8.53,2060,,,,
1095,02/06/2021 08:20:00,8.79,2113,,,,
1096,02/06/2021 08:30:00,8.66,2455,,,,
1097,02/06/2021 08:40:00,8.53,2723,,,,
1098,02/06/2021 08:50:00,8.79,2932,,,,
1099,02/06/2021 09:00:00,8.71,3292,,,,
1100,02/06/2021 09:10:00,8.53,3336,,,,
1101,02/06/2021 09:20:00,8.79,3789,,,,
1102,02/06/2021 09:30:00,8.83,3950,,,,
1103,02/06/2021 09:40:00,8.62,4013,,,,
1104,02/06/2021 09:50:00,8.66,4083,,,,
1105,02/06/2021 10:00:00,8.79,4480,,,,
1106,02/06/2021 10:10:00,8.66,4288,,,,
1107,02/06/2021 10:20:00,8.58,4493,,,,
1108,02/06/2021 10:30:00,8.83,4608,,,,
1109,02/06/2021 10:40:00,8.71,4489,,,,
1110,02/06/2021 10:50:00,8.53,4453,,,,
1111,02/06/2021 11:00:00,8.79,4426,,,,
1112,02/06/2021 11:10:00,8.75,4536,,,,
1113,02/06/2021 11:20:00,8.58,4497,,,,
1114,02/06/2021 11:30:00,8.79,4367,,,,
1115,02/06/2021 11:40:00,8.79,4374,,,,
1116,02/06/2021 11:50:00,8.66,4357,,,,
1117,02/06/2021 12:00:00,8.58,4219,,,,
1118,02/06/2021 12:10:00,8.83,4271,,,,
1119,02/06/2021 12:20:00,8.79,4497,,,,
1120,02/06/2021 12:30:00,8.62,4486,,,,
1121,02/06/2021 12:40:00,8.62,4324,,,,
1122,02/06/2021 12:50:00,8.83,4470,,,,
1123,02/06/2021 13:00:00,8.83,4430,,,,
1124,02/06/2021 13:10:00,8.71,4410,,,,
1125,02/06/2021 13:20:00,8.62,4420,,,,
1126,02/06/2021 13:30:00,8.58,4529,,,,
1127,02/06/2021 13:40:00,8.83,4440,,,,
1128,02/06/2021 13:50:00,8.83,4522,,,,
1129,02/06/2021 14:00:00,8.71,4503,,,,
1130,02/06/2021 14:10:00,8.62,4522,,,,
1131,02/06/2021 14:20:00,8.58,4426,,,,
1132,02/06/2021 14:30:00,8.88,4526,,,,
1133,02/06/2021 14:40:00,8.66,19,,,,
1134,02/06/2021 14:50:00,8.58,15,,,,
1135,02/06/2021 15:00:00,8.53,18,,,,
1136,02/06/2021 15:10:00,8.45,18,,,,
1137,02/06/2021 15:20:00,8.88,4202,,,,
1138,02/06/2021 15:30:00,8.83,4338,,,,
1139,02/06/2021 15:40:00,8.75,4315,,,,
1140,02/06/2021 15:50:00,8.66,4198,,,,
1141,02/06/2021 16:00:00,9.91,237,,,,
1142,02/06/2021 16:00:47,,,Logged,,,
1143,02/06/2021 16:00:48,,,,Logged,,
1144,02/06/2021 16:00:51,,,,,Logged,Logged
