Tank,Timepoint,Date,Calib.Date,Temperature.C,pH.MV,Salinity.psu,Light,Flow.mL.sec,Treatment,Notes 
Tank1,12/31/20,20201231,NA,8.67,-49.9,31.69,NA,NA,Acclimation,NA
Tank2,12/31/20,20201231,NA,9.16,-51.4,31.92,NA,NA,Acclimation,NA
Tank3,12/31/20,20201231,NA,10.47,-56,32.16,NA,NA,Acclimation,NA
Tank4,12/31/20,20201231,NA,10.9,-56,32.09,NA,NA,Acclimation,NA
Tank5,12/31/20,20201231,NA,8.93,-52.4,31.86,NA,NA,Acclimation,NA
Tank6,12/31/20,20201231,NA,8.99,-51.4,31.88,NA,NA,Acclimation,NA
Tank7,12/31/20,20201231,NA,8.86,-49.6,31.82,NA,NA,Acclimation,NA
Tank8,12/31/20,20201231,NA,8.44,-49.5,31.79,NA,NA,Acclimation,NA
Tank9,12/31/20,20201231,NA,10.48,-54.8,32.1,NA,NA,Acclimation,NA
Tank10,12/31/20,20201231,NA,9.25,-51.3,31.88,NA,NA,Acclimation,NA
Tank11,12/31/20,20201231,NA,9.32,-49.9,31.96,NA,NA,Acclimation,NA
Tank12,12/31/20,20201231,NA,8.72,-49.9,31.8,NA,NA,Acclimation,NA
Tank14,12/31/20,20201231,NA,8.55,-49.8,31.79,NA,NA,Acclimation,NA
Tank15,12/31/20,20201231,NA,8.51,-49.6,31.8,NA,NA,Acclimation,NA
Tank16,12/31/20,20201231,NA,8.35,-50.2,31.75,NA,NA,Acclimation,NA
Tank17,12/31/20,20201231,NA,8.3,-50.4,31.75,NA,NA,Acclimation,NA
Tank18,12/31/20,20201231,NA,9.84,-50.8,32,NA,NA,Acclimation,NA
Tank1,1/19/21,20210119,20210122,NA,NA,NA,111.2,14.27,Acclimation,NA
Tank2,1/19/21,20210119,20210122,NA,NA,NA,86.4,12.67,Acclimation,NA
Tank3,1/19/21,20210119,20210122,NA,NA,NA,91.4,9.87,Acclimation,NA
Tank4,1/19/21,20210119,20210122,NA,NA,NA,91.8,6.27,Acclimation,NA
Tank5,1/19/21,20210119,20210122,NA,NA,NA,103.4,5.73,Acclimation,NA
Tank6,1/19/21,20210119,20210122,NA,NA,NA,78.4,10.93,Acclimation,NA
Tank7,1/19/21,20210119,20210122,NA,NA,NA,90.8,11.33,Acclimation,NA
Tank8,1/19/21,20210119,20210122,NA,NA,NA,105,9.07,Acclimation,NA
Tank9,1/19/21,20210119,20210122,NA,NA,NA,81.8,15.87,Acclimation,NA
Tank10,1/19/21,20210119,20210122,NA,NA,NA,99.6,14.8,Acclimation,NA
Tank11,1/19/21,20210119,20210122,NA,NA,NA,100,10.93,Acclimation,NA
Tank12,1/19/21,20210119,20210122,NA,NA,NA,89,9.47,Acclimation,NA
Tank15,1/19/21,20210119,20210122,NA,NA,NA,66.2,17.33,Acclimation,NA
Tank16,1/19/21,20210119,20210122,NA,NA,NA,74.2,11.47,Acclimation,NA
Tank17,1/19/21,20210119,20210122,NA,NA,NA,83.2,11.6,Acclimation,NA
Tank18,1/19/21,20210119,20210122,NA,NA,NA,75,11.47,Acclimation,NA
Tank1,1/21/21,20210121,20210122,NA,NA,NA,NA,NA,Acclimation,NA
Tank2,1/21/21,20210121,20210122,8.65,-51.4,30.94,NA,NA,Acclimation,NA
Tank3,1/21/21,20210121,20210122,8.35,-52.5,30.88,NA,NA,Acclimation,NA
Tank4,1/21/21,20210121,20210122,8.67,-48.7,30.85,NA,NA,Acclimation,NA
Tank5,1/21/21,20210121,20210122,8.62,-48.8,30.93,NA,NA,Acclimation,NA
Tank6,1/21/21,20210121,20210122,8.53,-50.5,30.92,NA,NA,Acclimation,NA
Tank7,1/21/21,20210121,20210122,8.16,-50,30.87,NA,NA,Acclimation,NA
Tank8,1/21/21,20210121,20210122,8,-52,30.92,NA,NA,Acclimation,NA
Tank9,1/21/21,20210121,20210122,8.57,-48.8,30.86,NA,NA,Acclimation,NA
Tank10,1/21/21,20210121,20210122,8.1,-50.4,30.92,NA,NA,Acclimation,NA
Tank11,1/21/21,20210121,20210122,8.28,-50.9,30.83,NA,NA,Acclimation,NA
Tank12,1/21/21,20210121,20210122,8.28,-50.6,30.88,NA,NA,Acclimation,NA
Tank15,1/21/21,20210121,20210122,7.79,-49,30.87,NA,NA,Acclimation,NA
Tank16,1/21/21,20210121,20210122,7.99,-49.1,30.87,NA,NA,Acclimation,NA
Tank17,1/21/21,20210121,20210122,8.02,-49.4,30.93,NA,NA,Acclimation,NA
Tank18,1/21/21,20210121,20210122,7.95,-50.4,30.9,NA,NA,Acclimation,NA
Tank1,1/22/21,20210122,20210122,8.27,-53,32.55,90,NA,Acclimation,NA
Tank2,1/22/21,20210122,20210122,8.4,-51.54,32.9,119,NA,Acclimation,NA
Tank3,1/22/21,20210122,20210122,8.38,-47.7,32.68,140,NA,Acclimation,NA
Tank4,1/22/21,20210122,20210122,8.28,-49.4,32.66,104,NA,Acclimation,NA
Tank5,1/22/21,20210122,20210122,8.65,-48.8,32.87,107,NA,Acclimation,NA
Tank6,1/22/21,20210122,20210122,8.74,-52.6,33,109,NA,Acclimation,NA
Tank7,1/22/21,20210122,20210122,8.11,-50,32.69,92,NA,Acclimation,NA
Tank8,1/22/21,20210122,20210122,8.04,-48.6,32.53,122,NA,Acclimation,NA
Tank9,1/22/21,20210122,20210122,8.33,-48.6,32.68,109,NA,Acclimation,NA
Tank10,1/22/21,20210122,20210122,8.1,-50.8,32.62,125,NA,Acclimation,NA
Tank11,1/22/21,20210122,20210122,8.35,-47.5,32.67,115,NA,Acclimation,NA
Tank12,1/22/21,20210122,20210122,8.12,-50.9,32.62,95,NA,Acclimation,NA
Tank15,1/22/21,20210122,20210122,8.04,-49.6,32.29,108,NA,Acclimation,NA
Tank16,1/22/21,20210122,20210122,8,-49.9,32.32,105,NA,Acclimation,NA
Tank17,1/22/21,20210122,20210122,8.22,-50,32.42,113,NA,Acclimation,NA
Tank18,1/22/21,20210122,20210122,7.92,-50.6,32.44,98,NA,Acclimation,NA
Tank1,1/23/21,20210123,20210122,8.49,-48.4,32.68,NA,NA,Acclimation,NA
Tank2,1/23/21,20210123,20210122,8.4,-49,32.61,NA,NA,Acclimation,NA
Tank3,1/23/21,20210123,20210122,8.36,-48.8,32.29,NA,NA,Acclimation,NA
Tank4,1/23/21,20210123,20210122,8.57,-50.1,32.61,NA,NA,Acclimation,NA
Tank5,1/23/21,20210123,20210122,8.56,-50,32.7,NA,NA,Acclimation,NA
Tank6,1/23/21,20210123,20210122,8.54,-52,32.7,NA,NA,Acclimation,NA
Tank7,1/23/21,20210123,20210122,8.24,-52.7,32.43,NA,NA,Acclimation,NA
Tank8,1/23/21,20210123,20210122,8.1,-49.4,32.23,NA,NA,Acclimation,NA
Tank9,1/23/21,20210123,20210122,8.27,-50.1,32.55,NA,NA,Acclimation,NA
Tank10,1/23/21,20210123,20210122,8.28,-52.4,32.31,NA,NA,Acclimation,NA
Tank11,1/23/21,20210123,20210122,8.44,-49.6,32.62,NA,NA,Acclimation,NA
Tank12,1/23/21,20210123,20210122,8.48,-48.9,32.71,NA,NA,Acclimation,NA
Tank15,1/23/21,20210123,20210122,8.01,-50.5,32.1,NA,NA,Acclimation,NA
Tank16,1/23/21,20210123,20210122,7.9,-50.9,32.11,NA,NA,Acclimation,NA
Tank17,1/23/21,20210123,20210122,8.01,-51,32.23,NA,NA,Acclimation,NA
Tank18,1/23/21,20210123,20210122,8.06,-52,32.24,NA,NA,Acclimation,NA
Tank1,1/24/21,20210124,20210122,8.34,-48.2,32.69,111,NA,Acclimation,NA
Tank2,1/24/21,20210124,20210122,8.41,-49.1,32.71,135,NA,Acclimation,NA
Tank3,1/24/21,20210124,20210122,8.49,-49.4,32.72,123,NA,Acclimation,NA
Tank4,1/24/21,20210124,20210122,8.36,-50.9,32.62,110,NA,Acclimation,NA
Tank5,1/24/21,20210124,20210122,8.41,-50.4,32.78,109,NA,Acclimation,NA
Tank6,1/24/21,20210124,20210122,8.47,-52.5,32.77,102,NA,Acclimation,NA
Tank7,1/24/21,20210124,20210122,8.18,-53.4,32.78,95,NA,Acclimation,NA
Tank8,1/24/21,20210124,20210122,8.01,-49.7,32.54,112,NA,Acclimation,NA
Tank9,1/24/21,20210124,20210122,8.11,-50.5,32.53,106,NA,Acclimation,NA
Tank10,1/24/21,20210124,20210122,7.91,-52.6,32.53,95,NA,Acclimation,NA
Tank11,1/24/21,20210124,20210122,8.37,-52.6,32.53,86,NA,Acclimation,NA
Tank12,1/24/21,20210124,20210122,8.11,-49.6,32.52,105,NA,Acclimation,NA
Tank15,1/24/21,20210124,20210122,7.86,-51.2,32.22,112,NA,Acclimation,NA
Tank16,1/24/21,20210124,20210122,7.95,-52.3,32.22,102,NA,Acclimation,NA
Tank17,1/24/21,20210124,20210122,8.07,-51.4,32.34,113,NA,Acclimation,NA
Tank18,1/24/21,20210124,20210122,8.11,-50.1,32.25,98,NA,Acclimation,NA
Tank1,1/25/21,20210125,20210122,8.46,-48.5,33.12,NA,NA,Acclimation,NA
Tank2,1/25/21,20210125,20210122,8.47,-50.2,33.03,NA,NA,Acclimation,NA
Tank3,1/25/21,20210125,20210122,8.49,-50.5,33.05,NA,NA,Acclimation,NA
Tank4,1/25/21,20210125,20210122,8.45,-52.2,32.97,NA,NA,Acclimation,NA
Tank5,1/25/21,20210125,20210122,8.47,-51.4,33.12,NA,NA,Acclimation,NA
Tank6,1/25/21,20210125,20210122,8.54,-50,33.02,NA,NA,Acclimation,NA
Tank7,1/25/21,20210125,20210122,8.27,-54.3,33.07,NA,NA,Acclimation,NA
Tank8,1/25/21,20210125,20210122,8.12,-50.4,32.78,NA,NA,Acclimation,NA
Tank9,1/25/21,20210125,20210122,8.41,-51.2,33.01,NA,NA,Acclimation,NA
Tank10,1/25/21,20210125,20210122,8.12,-50.1,32.8,NA,NA,Acclimation,NA
Tank11,1/25/21,20210125,20210122,8.42,-50.7,32.97,NA,NA,Acclimation,NA
Tank12,1/25/21,20210125,20210122,8.33,-50,32.89,NA,NA,Acclimation,NA
Tank15,1/25/21,20210125,20210122,8.05,-52.2,32.51,NA,NA,Acclimation,NA
Tank16,1/25/21,20210125,20210122,7.92,-53.6,32.51,NA,NA,Acclimation,NA
Tank17,1/25/21,20210125,20210122,7.98,-52.4,32.66,NA,NA,Acclimation,NA
Tank18,1/25/21,20210125,20210122,7.98,-51,32.58,NA,NA,Acclimation,NA
Tank1,1/26/21,20210126,20210126,8.37,-50.4,30.38,111,NA,Acclimation,NA
Tank2,1/26/21,20210126,20210126,8.43,-50.4,31.15,96,NA,Acclimation,NA
Tank3,1/26/21,20210126,20210126,8.45,-50.7,31.17,100,NA,Acclimation,NA
Tank4,1/26/21,20210126,20210126,8.37,-52.5,31.17,108,NA,Acclimation,NA
Tank5,1/26/21,20210126,20210126,8.52,-51.5,31.14,110,NA,Acclimation,NA
Tank6,1/26/21,20210126,20210126,8.37,-50.2,31.18,111,NA,Acclimation,NA
Tank7,1/26/21,20210126,20210126,8.36,-54.2,31.15,95,NA,Acclimation,NA
Tank8,1/26/21,20210126,20210126,7.92,-51.7,31.16,108,NA,Acclimation,NA
Tank9,1/26/21,20210126,20210126,8.21,-51.6,31.14,93,NA,Acclimation,NA
Tank10,1/26/21,20210126,20210126,8.17,-50.7,31.15,107,NA,Acclimation,NA
Tank11,1/26/21,20210126,20210126,8.21,-51.1,31.2,110,NA,Acclimation,NA
Tank12,1/26/21,20210126,20210126,8.11,-50.6,31.22,106,NA,Acclimation,NA
Tank15,1/26/21,20210126,20210126,8.04,-51.9,31.16,93,NA,Acclimation,NA
Tank16,1/26/21,20210126,20210126,7.97,-53.4,31.24,94,NA,Acclimation,NA
Tank17,1/26/21,20210126,20210126,7.77,-52.1,31.14,96,NA,Acclimation,NA
Tank18,1/26/21,20210126,20210126,8.09,-50.6,31.15,104,NA,Acclimation,NA
Tank1,1/27/21,20210127,20210126,8.38,-48.6,30.39,NA,3.47,Acclimation,NA
Tank2,1/27/21,20210127,20210126,8.62,-49.2,31.06,NA,10.13,Acclimation,NA
Tank3,1/27/21,20210127,20210126,8.32,-51.2,31.09,NA,7.93,Acclimation,NA
Tank4,1/27/21,20210127,20210126,8.51,-52.2,31.1,NA,12.87,Acclimation,NA
Tank5,1/27/21,20210127,20210126,8.46,-51.7,31.09,NA,16.73,Acclimation,NA
Tank6,1/27/21,20210127,20210126,8.51,-50.1,31.12,NA,9.2,Acclimation,NA
Tank7,1/27/21,20210127,20210126,8.32,-54,31.12,NA,6.87,Acclimation,NA
Tank8,1/27/21,20210127,20210126,8.01,-51.3,31.12,NA,9.07,Acclimation,NA
Tank9,1/27/21,20210127,20210126,8.22,-51.6,31.07,NA,14.93,Acclimation,NA
Tank10,1/27/21,20210127,20210126,8.08,-50.6,30.78,NA,11.53,Acclimation,NA
Tank11,1/27/21,20210127,20210126,8.29,-50.1,31.12,NA,8.4,Acclimation,NA
Tank12,1/27/21,20210127,20210126,8.25,-50.9,31.11,NA,5.07,Acclimation,NA
Tank15,1/27/21,20210127,20210126,7.91,-52.5,31.09,NA,6.53,Acclimation,NA
Tank16,1/27/21,20210127,20210126,7.99,-54,31.11,NA,5.47,Acclimation,NA
Tank17,1/27/21,20210127,20210126,7.73,-52.3,31.08,NA,14.07,Acclimation,NA
Tank18,1/27/21,20210127,20210126,7.95,-50.1,31.11,NA,8,Acclimation,NA
Tank1,1/28/21,20210128,20210126,9.42,-53.7,30.97,104.2,NA,Acclimation,Installed chiller
Tank2,1/28/21,20210128,20210126,9.58,-54.2,31.11,87.6,NA,Acclimation,Installed chiller
Tank3,1/28/21,20210128,20210126,8.35,-53.5,30.83,105.2,NA,Acclimation,NA
Tank4,1/28/21,20210128,20210126,8.55,-55.7,31.04,99.6,NA,Acclimation,NA
Tank5,1/28/21,20210128,20210126,7.05,-54.3,30.59,105,NA,Acclimation,Installed chiller
Tank6,1/28/21,20210128,20210126,8.3,-51.5,30.55,100.2,NA,Acclimation,NA
Tank7,1/28/21,20210128,20210126,8.22,-55.1,30.75,94.2,NA,Acclimation,NA
Tank8,1/28/21,20210128,20210126,8.32,-55,30.9,105.4,NA,Acclimation,Installed chiller
Tank9,1/28/21,20210128,20210126,8.18,-55.7,30.95,86.8,NA,Acclimation,NA
Tank10,1/28/21,20210128,20210126,7.17,-53.3,30.62,110.4,NA,Acclimation,Installed chiller
Tank11,1/28/21,20210128,20210126,8.35,-53.6,30.92,94.6,NA,Acclimation,NA
Tank12,1/28/21,20210128,20210126,6.38,-53.9,30.62,105.6,NA,Acclimation,Installed chiller
Tank15,1/28/21,20210128,20210126,7.87,-54.4,30.98,94.6,NA,Acclimation,NA
Tank16,1/28/21,20210128,20210126,6.43,-53.5,30.64,116,NA,Acclimation,Installed chiller
Tank17,1/28/21,20210128,20210126,7.06,-52.4,31,108.6,NA,Acclimation,NA
Tank18,1/28/21,20210128,20210126,7.25,-53.7,30.75,91,NA,Acclimation,Installed chiller
Tank1,1/29/21,20210129,20210126,6.41,-49,31.03,NA,NA,Acclimation,NA
Tank2,1/29/21,20210129,20210126,6.58,-50.2,31.7,NA,NA,Acclimation,NA
Tank3,1/29/21,20210129,20210126,8.56,-50.7,31.93,NA,NA,Acclimation,NA
Tank4,1/29/21,20210129,20210126,8.31,-51.2,31.78,NA,NA,Acclimation,NA
Tank5,1/29/21,20210129,20210126,7.78,-52.7,31.8,NA,NA,Acclimation,NA
Tank6,1/29/21,20210129,20210126,8.45,-49.4,31.87,NA,NA,Acclimation,NA
Tank7,1/29/21,20210129,20210126,8.15,-51.8,31.89,NA,NA,Acclimation,NA
Tank8,1/29/21,20210129,20210126,6.89,-51,31.66,NA,NA,Acclimation,NA
Tank9,1/29/21,20210129,20210126,8.29,-51.4,31.83,NA,NA,Acclimation,NA
Tank10,1/29/21,20210129,20210126,7.56,-50.4,31.79,NA,NA,Acclimation,NA
Tank11,1/29/21,20210129,20210126,8.34,-51.1,31.96,NA,NA,Acclimation,NA
Tank12,1/29/21,20210129,20210126,6.89,-50.7,31.67,NA,NA,Acclimation,NA
Tank15,1/29/21,20210129,20210126,7.79,-52.2,31.83,NA,NA,Acclimation,NA
Tank16,1/29/21,20210129,20210126,6.95,-50.1,31.76,NA,NA,Acclimation,NA
Tank17,1/29/21,20210129,20210126,7.48,-49.8,31.87,NA,NA,Acclimation,NA
Tank18,1/29/21,20210129,20210126,6.73,-50.7,31.68,NA,NA,Acclimation,NA
Tank1,1/30/21,20210130,20210126,5.4,-50.8,30.72,106.8,NA,Acclimation,NA
Tank2,1/30/21,20210130,20210126,5.45,-53.8,31.36,110.2,NA,Acclimation,NA
Tank3,1/30/21,20210130,20210126,8.51,-53.9,31.66,109,NA,Acclimation,NA
Tank4,1/30/21,20210130,20210126,8.32,-51.9,31.5,105.8,NA,Acclimation,NA
Tank5,1/30/21,20210130,20210126,6.98,-55.7,31.4,107.6,NA,Acclimation,NA
Tank6,1/30/21,20210130,20210126,8.6,-52.6,31.6,106.2,NA,Acclimation,NA
Tank7,1/30/21,20210130,20210126,8.36,-52.7,31.03,99.8,NA,Acclimation,NA
Tank8,1/30/21,20210130,20210126,5.88,-54.6,31.27,117.2,NA,Acclimation,NA
Tank9,1/30/21,20210130,20210126,8.02,-54.2,31.39,93.6,NA,Acclimation,NA
Tank10,1/30/21,20210130,20210126,6.59,-53.9,31.31,114.6,NA,Acclimation,NA
Tank11,1/30/21,20210130,20210126,8.4,-54.2,31.62,96.4,NA,Acclimation,NA
Tank12,1/30/21,20210130,20210126,5.78,-54.3,31.21,100.8,NA,Acclimation,NA
Tank15,1/30/21,20210130,20210126,7.56,-55.3,31.71,95,NA,Acclimation,NA
Tank16,1/30/21,20210130,20210126,5.93,-53.8,31.29,99.2,NA,Acclimation,NA
Tank17,1/30/21,20210130,20210126,7.7,-53.3,31.5,110.2,NA,Acclimation,NA
Tank18,1/30/21,20210130,20210126,5.72,-54.5,31.27,93.2,NA,Acclimation,NA
Tank1,1/31/21,20210131,20210126,7.76,-52.4,31.08,NA,NA,Acclimation,NA
Tank2,1/31/21,20210131,20210126,8.13,-52.8,31.67,NA,NA,Acclimation,NA
Tank3,1/31/21,20210131,20210126,8.44,-54.1,31.73,NA,NA,Acclimation,NA
Tank4,1/31/21,20210131,20210126,8.39,-51.7,31.76,NA,NA,Acclimation,NA
Tank5,1/31/21,20210131,20210126,8.69,-54.8,31.76,NA,NA,Acclimation,NA
Tank6,1/31/21,20210131,20210126,8.58,-52.8,31.74,NA,NA,Acclimation,NA
Tank7,1/31/21,20210131,20210126,7.98,-52.3,31.73,NA,NA,Acclimation,NA
Tank8,1/31/21,20210131,20210126,7.84,-53.1,31.73,NA,NA,Acclimation,NA
Tank9,1/31/21,20210131,20210126,8.16,-52.5,31.7,NA,NA,Acclimation,NA
Tank10,1/31/21,20210131,20210126,7.92,-52.8,31.74,NA,NA,Acclimation,NA
Tank11,1/31/21,20210131,20210126,8.37,-54.5,31.76,NA,NA,Acclimation,NA
Tank12,1/31/21,20210131,20210126,8.02,-53.3,31.75,NA,NA,Acclimation,NA
Tank15,1/31/21,20210131,20210126,7.65,-55.1,31.68,NA,NA,Acclimation,NA
Tank16,1/31/21,20210131,20210126,7.97,-52.9,31.72,NA,NA,Acclimation,NA
Tank17,1/31/21,20210131,20210126,7.76,-52.9,31.69,NA,NA,Acclimation,NA
Tank18,1/31/21,20210131,20210126,7.59,-53.4,31.66,NA,NA,Acclimation,NA
Tank1,2/3/21,20210203,20210203,8.23,-52.4,31.06,82,NA,Acclimation,NA
Tank2,2/3/21,20210203,20210203,8.45,-51.9,31.08,95.6,NA,Acclimation,NA
Tank3,2/3/21,20210203,20210203,8.4,-53,31.12,100,NA,Acclimation,NA
Tank4,2/3/21,20210203,20210203,8.55,-51.7,31.09,92.6,NA,Acclimation,NA
Tank5,2/3/21,20210203,20210203,8.52,-53.4,30.93,76,NA,Acclimation,NA
Tank6,2/3/21,20210203,20210203,8.59,-52.3,31.02,89,NA,Acclimation,NA
Tank7,2/3/21,20210203,20210203,8.19,-51.2,31.09,102.8,NA,Acclimation,NA
Tank8,2/3/21,20210203,20210203,7.89,-52.3,31.12,68,NA,Acclimation,NA
Tank9,2/3/21,20210203,20210203,8.45,-51,31.05,75,NA,Acclimation,NA
Tank10,2/3/21,20210203,20210203,7.92,-51.9,31.07,102.2,NA,Acclimation,NA
Tank11,2/3/21,20210203,20210203,8.45,-53,31.08,96.2,NA,Acclimation,NA
Tank12,2/3/21,20210203,20210203,8.19,-52.8,31.9,62,NA,Acclimation,NA
Tank15,2/3/21,20210203,20210203,7.83,-53.6,31.07,78.4,NA,Acclimation,NA
Tank16,2/3/21,20210203,20210203,8.02,-52,31.06,100.6,NA,Acclimation,NA
Tank17,2/3/21,20210203,20210203,7.92,-51.7,31.06,117.2,NA,Acclimation,NA
Tank18,2/3/21,20210203,20210203,7.84,-51.8,31.05,91.8,NA,Acclimation,NA
Tank1,2/4/21,20210204,20210203,8.07,-53.8,30.94,NA,NA,Acclimation,NA
Tank2,2/4/21,20210204,20210203,8.14,-53.1,30.94,NA,NA,Acclimation,NA
Tank3,2/4/21,20210204,20210203,8.49,-53.8,30.9,NA,NA,Acclimation,NA
Tank4,2/4/21,20210204,20210203,8.29,-53.1,30.91,NA,NA,Acclimation,NA
Tank5,2/4/21,20210204,20210203,8.61,-53.7,30.89,NA,NA,Acclimation,NA
Tank6,2/4/21,20210204,20210203,8.35,-52.8,30.92,NA,NA,Acclimation,NA
Tank7,2/4/21,20210204,20210203,8.07,-53.2,30.88,NA,NA,Acclimation,NA
Tank8,2/4/21,20210204,20210203,8.2,-54.1,30.85,NA,NA,Acclimation,NA
Tank9,2/4/21,20210204,20210203,8.2,-52.3,30.91,NA,NA,Acclimation,NA
Tank10,2/4/21,20210204,20210203,8.03,-52.7,30.46,NA,NA,Acclimation,NA
Tank11,2/4/21,20210204,20210203,8.27,-53.6,30.89,NA,NA,Acclimation,NA
Tank12,2/4/21,20210204,20210203,8.05,-53.2,30.93,NA,NA,Acclimation,NA
Tank15,2/4/21,20210204,20210203,7.74,-53.7,30.79,NA,NA,Acclimation,NA
Tank16,2/4/21,20210204,20210203,8.03,-53.7,30.86,NA,NA,Acclimation,NA
Tank17,2/4/21,20210204,20210203,7.47,-53.7,30.86,NA,NA,Acclimation,NA
Tank18,2/4/21,20210204,20210203,7.81,-53.8,30.92,NA,NA,Acclimation,NA
Tank1,2/5/21,20210205,20210205,8.23,-54.1,30.81,97.8,NA,Acclimation,NA
Tank2,2/5/21,20210205,20210205,8.46,-53.9,30.9,104.6,NA,Acclimation,NA
Tank3,2/5/21,20210205,20210205,8.28,-54,30.93,95.4,NA,Acclimation,NA
Tank4,2/5/21,20210205,20210205,8.31,-53.3,30.92,103.2,NA,Acclimation,NA
Tank5,2/5/21,20210205,20210205,8.59,-54.1,30.34,98.8,NA,Acclimation,NA
Tank6,2/5/21,20210205,20210205,8.53,-52.8,30.92,108,NA,Acclimation,NA
Tank7,2/5/21,20210205,20210205,8.07,-53.8,30.9,106.6,NA,Acclimation,NA
Tank8,2/5/21,20210205,20210205,7.92,-54.2,30.85,87.8,NA,Acclimation,NA
Tank9,2/5/21,20210205,20210205,8.41,-52.8,30.85,117.2,NA,Acclimation,NA
Tank10,2/5/21,20210205,20210205,8.07,-54,30.86,107.4,NA,Acclimation,NA
Tank11,2/5/21,20210205,20210205,8.32,-54,30.96,98.6,NA,Acclimation,NA
Tank12,2/5/21,20210205,20210205,8.11,-54.2,30.81,101.2,NA,Acclimation,NA
Tank15,2/5/21,20210205,20210205,7.77,-54.4,30.84,108.6,NA,Acclimation,NA
Tank16,2/5/21,20210205,20210205,7.87,30.84,-54,119.2,NA,Acclimation,NA
Tank17,2/5/21,20210205,20210205,7.23,-54.2,30.78,116.8,NA,Acclimation,NA
Tank18,2/5/21,20210205,20210205,7.78,-54,30.87,96.4,NA,Acclimation,NA
Tank1,2/6/21,20210206,20210205,7.98,-52.7,31.07,NA,NA,Ambient,Started treatments
Tank2,2/6/21,20210206,20210205,8.5,-59.2,31.6,NA,NA,Ambient,Started treatments
Tank3,2/6/21,20210206,20210205,8.6,-53.7,31.52,NA,NA,Heat,Started treatments
Tank4,2/6/21,20210206,20210205,8.43,-53.3,31.42,NA,NA,Heat,Started treatments
Tank5,2/6/21,20210206,20210205,8.57,-53,31.58,NA,NA,Ambient,Started treatments
Tank6,2/6/21,20210206,20210205,8.37,-53.2,31.41,NA,NA,Heat,Started treatments
Tank7,2/6/21,20210206,20210205,8.02,-53.2,31.46,NA,NA,Heat,Started treatments
Tank8,2/6/21,20210206,20210205,8.12,-53.8,31.33,NA,NA,Ambient,Started treatments
Tank9,2/6/21,20210206,20210205,8.27,-52.5,31.45,NA,NA,Heat,Started treatments
Tank10,2/6/21,20210206,20210205,7.99,-52.8,31.57,NA,NA,Ambient,Started treatments
Tank11,2/6/21,20210206,20210205,8.26,-53.2,31.84,NA,NA,Heat,Started treatments
Tank12,2/6/21,20210206,20210205,8.22,-54.4,31.39,NA,NA,Ambient,Started treatments
Tank15,2/6/21,20210206,20210205,7.75,-54,31.39,NA,NA,Heat,Started treatments
Tank16,2/6/21,20210206,20210205,7.81,-53.2,31.45,NA,NA,Ambient,Started treatments
Tank17,2/6/21,20210206,20210205,7.56,-53.5,31.43,NA,NA,Heat,Started treatments
Tank18,2/6/21,20210206,20210205,7.81,-53.2,31.55,NA,NA,Ambient,Started treatments
Tank1,2/9/21,20210209,20210205,4.98,-55.1,31.26,109,NA,Ambient,NA
Tank2,2/9/21,20210209,20210205,5.52,-54.7,31.12,111,NA,Ambient,NA
Tank3,2/9/21,20210209,20210205,9.04,-54.3,31.42,124,NA,Heat,NA
Tank4,2/9/21,20210209,20210205,9.13,-53.4,31.46,80,NA,Heat,NA
Tank5,2/9/21,20210209,20210205,5.41,-53.4,31.32,102,NA,Ambient,NA
Tank6,2/9/21,20210209,20210205,9.27,-51.7,31.62,135,NA,Heat,NA
Tank7,2/9/21,20210209,20210205,8.63,-53.5,31.54,97,NA,Heat,NA
Tank8,2/9/21,20210209,20210205,4.68,-55,31.26,79,NA,Ambient,NA
Tank9,2/9/21,20210209,20210205,8.84,-53.7,31.53,124,NA,Heat,NA
Tank10,2/9/21,20210209,20210205,5.17,-55.2,31.18,128,NA,Ambient,NA
Tank11,2/9/21,20210209,20210205,9.04,-54.5,31.56,128,NA,Heat,NA
Tank12,2/9/21,20210209,20210205,4.83,-54.6,31.35,102,NA,Ambient,NA
Tank15,2/9/21,20210209,20210205,8.67,-54.7,31.58,105,NA,Heat,NA
Tank16,2/9/21,20210209,20210205,5.19,-54.9,31.23,113,NA,Ambient,NA
Tank17,2/9/21,20210209,20210205,8.83,-54.3,31.54,114,NA,Heat,NA
Tank18,2/9/21,20210209,20210205,4.2,-54.9,31.21,103,NA,Ambient,NA
Tank1,2/10/21,20210210,20210205,5.64,-55.4,30.06,NA,NA,Ambient,NA
Tank2,2/10/21,20210210,20210205,5.22,-55.9,30.28,NA,NA,Ambient,NA
Tank3,2/10/21,20210210,20210205,9.25,-55.4,31.2,NA,NA,Heat,NA
Tank4,2/10/21,20210210,20210205,9.08,-55,31.12,NA,NA,Heat,NA
Tank5,2/10/21,20210210,20210205,5,-55.6,30.6,NA,NA,Ambient,NA
Tank6,2/10/21,20210210,20210205,9.1,-55.6,31.25,NA,NA,Heat,NA
Tank7,2/10/21,20210210,20210205,8.75,-55,31.13,NA,NA,Heat,NA
Tank8,2/10/21,20210210,20210205,4.96,-56.7,30.91,NA,NA,Ambient,NA
Tank9,2/10/21,20210210,20210205,8.76,-55.5,31.57,NA,NA,Heat,NA
Tank10,2/10/21,20210210,20210205,4.21,-56.9,30.64,NA,NA,Ambient,NA
Tank11,2/10/21,20210210,20210205,9.08,-56.3,31.53,NA,NA,Heat,NA
Tank12,2/10/21,20210210,20210205,4.64,-57,30.99,NA,NA,Ambient,NA
Tank15,2/10/21,20210210,20210205,8.66,-56.7,31.56,NA,NA,Heat,NA
Tank16,2/10/21,20210210,20210205,5.68,-55.5,30.76,NA,NA,Ambient,NA
Tank17,2/10/21,20210210,20210205,8.84,-56,31.64,NA,NA,Heat,NA
Tank18,2/10/21,20210210,20210205,4.65,-56.6,30.94,NA,NA,Ambient,NA
Tank1,2/12/21,20210212,20210205,7.04,-56.3,31.09,NA,NA,Ambient,NA
Tank2,2/12/21,20210212,20210205,6.91,-56.5,31.21,NA,NA,Ambient,NA
Tank3,2/12/21,20210212,20210205,9.13,-57.2,31.43,NA,NA,Heat,NA
Tank4,2/12/21,20210212,20210205,9.24,-56.8,31.33,NA,NA,Heat,NA
Tank5,2/12/21,20210212,20210205,6.86,-57.1,31.11,NA,NA,Ambient,NA
Tank6,2/12/21,20210212,20210205,9.04,-57.2,31.54,NA,NA,Heat,NA
Tank7,2/12/21,20210212,20210205,8.73,-57,31.23,NA,NA,Heat,NA
Tank8,2/12/21,20210212,20210205,8.02,-56.8,31.23,NA,NA,Ambient,NA
Tank9,2/12/21,20210212,20210205,8.83,-57,31.34,NA,NA,Heat,NA
Tank10,2/12/21,20210212,20210205,7.52,-56.9,31.17,NA,NA,Ambient,NA
Tank11,2/12/21,20210212,20210205,8.9,-57.3,31.4,NA,NA,Heat,NA
Tank12,2/12/21,20210212,20210205,9.09,-56.3,31.42,NA,NA,Ambient,NA
Tank15,2/12/21,20210212,20210205,8.56,-58,31.2,NA,NA,Heat,NA
Tank16,2/12/21,20210212,20210205,7.52,-56.9,31.17,NA,NA,Ambient,NA
Tank17,2/12/21,20210212,20210205,8.88,-57,31.29,NA,NA,Heat,NA
Tank18,2/12/21,20210212,20210205,7.48,-56.6,31.11,NA,NA,Ambient,NA
Tank1,2/13/21,20210213,20210205,5.73,-57.5,30.85,93.8,NA,Ambient,NA
Tank2,2/13/21,20210213,20210205,5.41,-57,31.27,81,NA,Ambient,NA
Tank3,2/13/21,20210213,20210205,9.16,-57.4,31.39,93,NA,Heat,NA
Tank4,2/13/21,20210213,20210205,9.01,-54.7,31.15,98.2,NA,Heat,NA
Tank5,2/13/21,20210213,20210205,5.28,-57.4,31.9,86.4,NA,Ambient,NA
Tank6,2/13/21,20210213,20210205,9.33,-56.6,31.72,98.2,NA,Heat,NA
Tank7,2/13/21,20210213,20210205,8.75,-56.6,31.73,104.8,NA,Heat,NA
Tank8,2/13/21,20210213,20210205,5.36,-57.5,31.38,101.4,NA,Ambient,NA
Tank9,2/13/21,20210213,20210205,9.02,-56.7,31.4,106.2,NA,Heat,NA
Tank10,2/13/21,20210213,20210205,5.12,-57,30.71,108.6,NA,Ambient,NA
Tank11,2/13/21,20210213,20210205,8.72,-56.6,31.51,98.8,NA,Heat,NA
Tank12,2/13/21,20210213,20210205,5.04,-57.1,30.71,101.4,NA,Ambient,NA
Tank15,2/13/21,20210213,20210205,8.46,-57.3,31.7,97.6,NA,Heat,NA
Tank16,2/13/21,20210213,20210205,5.34,-57.1,31.35,103.6,NA,Ambient,NA
Tank17,2/13/21,20210213,20210205,8.63,-57.1,31.4,97.4,NA,Heat,NA
Tank18,2/13/21,20210213,20210205,5.36,-57.2,31.05,84.4,NA,Ambient,NA
Tank1,2/15/21,20210215,20210205,4.7,-59,30.35,NA,NA,Ambient,NA
Tank2,2/15/21,20210215,20210205,5.38,-56.8,30.82,NA,NA,Ambient,NA
Tank3,2/15/21,20210215,20210205,8.92,-57.4,31.22,NA,NA,Heat,NA
Tank4,2/15/21,20210215,20210205,9.07,-56.7,31.08,NA,NA,Heat,NA
Tank5,2/15/21,20210215,20210205,5.62,-57.6,30.78,NA,NA,Ambient,NA
Tank6,2/15/21,20210215,20210205,9.18,-58,31.12,NA,NA,Heat,NA
Tank7,2/15/21,20210215,20210205,8.85,-57.2,30.97,NA,NA,Heat,NA
Tank8,2/15/21,20210215,20210205,4.25,-58.6,30.13,NA,NA,Ambient,NA
Tank9,2/15/21,20210215,20210205,8.74,-56.9,31.43,NA,NA,Heat,NA
Tank10,2/15/21,20210215,20210205,5.43,-59.1,30.69,NA,NA,Ambient,NA
Tank11,2/15/21,20210215,20210205,8.75,-57.1,31.34,NA,NA,Heat,NA
Tank12,2/15/21,20210215,20210205,4.89,-57.1,30.55,NA,NA,Ambient,NA
Tank15,2/15/21,20210215,20210205,8.5,-57.6,30.99,NA,NA,Heat,NA
Tank16,2/15/21,20210215,20210205,5.4,-58,30.56,NA,NA,Ambient,NA
Tank17,2/15/21,20210215,20210205,8.6,-57.6,31.07,NA,NA,Heat,NA
Tank18,2/15/21,20210215,20210205,5.15,-57.8,30.31,NA,NA,Ambient,NA
Tank1,2/16/21,20210216,20210205,4.75,-54.1,30.42,NA,NA,Ambient,NA
Tank2,2/16/21,20210216,20210205,5.45,-54.5,30.78,NA,NA,Ambient,NA
Tank3,2/16/21,20210216,20210205,9.23,-54.9,31.21,NA,NA,Heat,NA
Tank4,2/16/21,20210216,20210205,8.96,-52.8,31,NA,NA,Heat,NA
Tank5,2/16/21,20210216,20210205,5.53,-53.7,30.61,NA,NA,Ambient,NA
Tank6,2/16/21,20210216,20210205,9.13,-53.5,31.25,NA,NA,Heat,NA
Tank7,2/16/21,20210216,20210205,8.98,-55.3,30.89,NA,NA,Heat,NA
Tank8,2/16/21,20210216,20210205,4.28,-56.4,30.58,NA,NA,Ambient,NA
Tank9,2/16/21,20210216,20210205,8.82,-55.4,31.25,NA,NA,Heat,NA
Tank10,2/16/21,20210216,20210205,5.04,-56.3,30.59,NA,NA,Ambient,NA
Tank11,2/16/21,20210216,20210205,8.79,-55.4,31.29,NA,NA,Heat,NA
Tank12,2/16/21,20210216,20210205,4.92,-55.9,30.77,NA,NA,Ambient,NA
Tank15,2/16/21,20210216,20210205,8.38,-56,31.26,NA,NA,Heat,NA
Tank16,2/16/21,20210216,20210205,4.69,-56.7,30.47,NA,NA,Ambient,NA
Tank17,2/16/21,20210216,20210205,8.48,-56.1,31.45,NA,NA,Heat,NA
Tank18,2/16/21,20210216,20210205,5.34,-56.3,30.69,NA,NA,Ambient,NA
Tank1,2/17/21,20210217,20210217,5.16,-54.9,31.42,86.8,NA,Ambient,NA
Tank2,2/17/21,20210217,20210217,4.93,-54.5,31.09,97.6,NA,Ambient,NA
Tank3,2/17/21,20210217,20210217,8.9,-57,31.47,92.8,NA,Heat,NA
Tank4,2/17/21,20210217,20210217,9.19,-56.3,31.67,94,NA,Heat,NA
Tank5,2/17/21,20210217,20210217,4.91,-56.4,31.29,76.2,NA,Ambient,NA
Tank6,2/17/21,20210217,20210217,9.13,-56.9,31.9,99,NA,Heat,NA
Tank7,2/17/21,20210217,20210217,8.69,-56,31.69,89.4,NA,Heat,NA
Tank8,2/17/21,20210217,20210217,4.61,-57,31.38,87.6,NA,Ambient,NA
Tank9,2/17/21,20210217,20210217,9.07,-55.7,31.55,94.6,NA,Heat,NA
Tank10,2/17/21,20210217,20210217,5.2,-56.8,31.2,93.4,NA,Ambient,NA
Tank11,2/17/21,20210217,20210217,8.93,-56.3,31.57,84.8,NA,Heat,NA
Tank12,2/17/21,20210217,20210217,5.12,-55.5,31.1,96.2,NA,Ambient,NA
Tank15,2/17/21,20210217,20210217,8.56,-56.7,31.54,96.6,NA,Heat,NA
Tank16,2/17/21,20210217,20210217,5.09,-57.6,31.05,99,NA,Ambient,NA
Tank17,2/17/21,20210217,20210217,8.5,-56.3,31.96,77.8,NA,Heat,NA
Tank18,2/17/21,20210217,20210217,4.85,-57.9,31.33,79.4,NA,Ambient,NA
Tank1,2/18/21,20210218,20210217,5.47,-55.4,30.37,NA,NA,Ambient,NA
Tank2,2/18/21,20210218,20210217,5.14,-55.4,30.24,NA,NA,Ambient,NA
Tank3,2/18/21,20210218,20210217,9.16,-57.2,30.94,NA,NA,Heat,NA
Tank4,2/18/21,20210218,20210217,9.18,-56.8,31.22,NA,NA,Heat,NA
Tank5,2/18/21,20210218,20210217,5.29,-49.5,30.76,NA,NA,Ambient,NA
Tank6,2/18/21,20210218,20210217,9.05,-56.6,31.1,NA,NA,Heat,NA
Tank7,2/18/21,20210218,20210217,8.94,-56.4,30.95,NA,NA,Heat,NA
Tank8,2/18/21,20210218,20210217,5.08,-55.4,30.24,NA,NA,Ambient,NA
Tank9,2/18/21,20210218,20210217,8.81,-56.1,30.92,NA,NA,Heat,NA
Tank10,2/18/21,20210218,20210217,4.52,-55.2,30.77,NA,NA,Ambient,NA
Tank11,2/18/21,20210218,20210217,8.75,-52.4,31.14,NA,NA,Heat,NA
Tank12,2/18/21,20210218,20210217,5.43,-54.5,30.88,NA,NA,Ambient,NA
Tank15,2/18/21,20210218,20210217,8.31,-55.6,30.91,NA,NA,Heat,NA
Tank16,2/18/21,20210218,20210217,4.44,-51.5,30.48,NA,NA,Ambient,NA
Tank17,2/18/21,20210218,20210217,8.58,-56,30.95,NA,NA,Heat,NA
Tank18,2/18/21,20210218,20210217,5.32,-54.7,30.5,NA,NA,Ambient,NA
Tank1,2/20/21,20210220,20210217,5.48,-55.1,31.29,96.2,NA,Ambient,NA
Tank2,2/20/21,20210220,20210217,4.77,-55.6,30.95,96,NA,Ambient,NA
Tank3,2/20/21,20210220,20210217,8.91,-58.1,30.99,89.4,NA,Heat,NA
Tank4,2/20/21,20210220,20210217,9.11,-58.4,30.97,90.6,NA,Heat,NA
Tank5,2/20/21,20210220,20210217,5.3,-53.1,30.86,87.2,NA,Ambient,NA
Tank6,2/20/21,20210220,20210217,9.29,-58.6,31.04,89,NA,Heat,NA
Tank7,2/20/21,20210220,20210217,8.82,-55.1,31.29,85.6,NA,Heat,NA
Tank8,2/20/21,20210220,20210217,4.79,-56,30.67,111.4,NA,Ambient,NA
Tank9,2/20/21,20210220,20210217,8.73,-56.9,31.22,93,NA,Heat,NA
Tank10,2/20/21,20210220,20210217,4.86,-58.4,30.97,109.4,NA,Ambient,NA
Tank11,2/20/21,20210220,20210217,9.02,-57,31.15,83.4,NA,Heat,NA
Tank12,2/20/21,20210220,20210217,4.84,-55.5,30.2,101.8,NA,Ambient,NA
Tank15,2/20/21,20210220,20210217,8.59,-57.3,30.95,99.4,NA,Heat,NA
Tank16,2/20/21,20210220,20210217,5.67,-55.2,30.96,99.4,NA,Ambient,NA
Tank17,2/20/21,20210220,20210217,8.75,-57.1,30.48,87.2,NA,Heat,NA
Tank18,2/20/21,20210220,20210217,5.09,-55.5,30.42,93.6,NA,Ambient,NA
Tank1,2/21/21,20210221,20210221,5.54,-58.9,30.03,NA,6.93,Ambient,two flow measurements taken; averaged
Tank2,2/21/21,20210221,20210221,5.03,-58.9,29.86,NA,10.13,Ambient,two flow measurements taken; averaged
Tank3,2/21/21,20210221,20210221,9.02,-60.5,30.18,NA,7.53,Heat,two flow measurements taken; averaged
Tank4,2/21/21,20210221,20210221,8.81,-59.8,30.76,NA,6.33,Heat,two flow measurements taken; averaged
Tank5,2/21/21,20210221,20210221,5.47,-57,30.32,NA,4.93,Ambient,two flow measurements taken; averaged
Tank6,2/21/21,20210221,20210221,9.14,-59.4,30.66,NA,6.06,Heat,two flow measurements taken; averaged
Tank7,2/21/21,20210221,20210221,9.07,-56.5,30.81,NA,7.8,Heat,two flow measurements taken; averaged
Tank8,2/21/21,20210221,20210221,5.42,-58.6,30.16,NA,7.53,Ambient,two flow measurements taken; averaged
Tank9,2/21/21,20210221,20210221,8.74,-60.3,30.27,NA,8.67,Heat,two flow measurements taken; averaged
Tank10,2/21/21,20210221,20210221,5.09,-58.2,30.12,NA,7.73,Ambient,two flow measurements taken; averaged
Tank11,2/21/21,20210221,20210221,8.99,-60.9,30.28,NA,7.46,Heat,two flow measurements taken; averaged
Tank12,2/21/21,20210221,20210221,4.99,-57.7,29.85,NA,4,Ambient,two flow measurements taken; averaged
Tank15,2/21/21,20210221,20210221,8.5,-61.4,30.56,NA,6.6,Heat,two flow measurements taken; averaged
Tank16,2/21/21,20210221,20210221,5.46,-58.6,30.31,NA,8.73,Ambient,two flow measurements taken; averaged
Tank17,2/21/21,20210221,20210221,8.85,-56.2,30.59,NA,6.86,Heat,two flow measurements taken; averaged
Tank18,2/21/21,20210221,20210221,4.97,-58.7,30.28,NA,6.06,Ambient,two flow measurements taken; averaged
Tank1,2/22/21,20210222,20210221,5.14,-58.1,30.81,98.2,NA,Ambient,NA
Tank2,2/22/21,20210222,20210221,5.31,-57.5,30.43,89.4,NA,Ambient,NA
Tank3,2/22/21,20210222,20210221,8.91,-55.3,30.74,101.8,NA,Heat,NA
Tank4,2/22/21,20210222,20210221,9,-59.3,30.07,93.2,NA,Heat,NA
Tank5,2/22/21,20210222,20210221,5.54,-57.7,29.75,86.4,NA,Ambient,NA
Tank6,2/22/21,20210222,20210221,9,-58.6,30.93,82.4,NA,Heat,NA
Tank7,2/22/21,20210222,20210221,8.7,-56,30.76,105.8,NA,Heat,NA
Tank8,2/22/21,20210222,20210221,5.38,-57.3,30.78,112.4,NA,Ambient,NA
Tank9,2/22/21,20210222,20210221,8.86,-55.5,30.78,89.4,NA,Heat,NA
Tank10,2/22/21,20210222,20210221,4.27,-57.7,30.51,100.8,NA,Ambient,NA
Tank11,2/22/21,20210222,20210221,8.89,-55.2,30.99,93,NA,Heat,NA
Tank12,2/22/21,20210222,20210221,5.19,-57.3,30.47,98.6,NA,Ambient,NA
Tank15,2/22/21,20210222,20210221,8.25,-54.4,31.05,96,NA,Heat,NA
Tank16,2/22/21,20210222,20210221,5.46,-56.9,30.57,100.6,NA,Ambient,NA
Tank17,2/22/21,20210222,20210221,8.84,-55.6,30.74,78.2,NA,Heat,NA
Tank18,2/22/21,20210222,20210221,4.78,-57.8,30.48,84.6,NA,Ambient,NA
Tank1,2/23/21,20210223,20210223,4.8,-54.6,31.11,NA,NA,Ambient,NA
Tank2,2/23/21,20210223,20210223,4.6,-52.8,30.61,NA,NA,Ambient,NA
Tank3,2/23/21,20210223,20210223,8.91,-51.7,31.39,NA,NA,Heat,NA
Tank4,2/23/21,20210223,20210223,9.06,-56,31.39,NA,NA,Heat,NA
Tank5,2/23/21,20210223,20210223,4.81,-53.1,31.09,NA,NA,Ambient,NA
Tank6,2/23/21,20210223,20210223,9.09,-56.3,31.27,NA,NA,Heat,NA
Tank7,2/23/21,20210223,20210223,8.77,-52.2,31.19,NA,NA,Heat,NA
Tank8,2/23/21,20210223,20210223,4.81,-53.8,31.05,NA,NA,Ambient,NA
Tank9,2/23/21,20210223,20210223,9.11,-50,30.77,NA,NA,Heat,NA
Tank10,2/23/21,20210223,20210223,4.28,-54.1,30.89,NA,NA,Ambient,NA
Tank11,2/23/21,20210223,20210223,8.87,-52.1,31.21,NA,NA,Heat,NA
Tank12,2/23/21,20210223,20210223,5.08,-53,30.68,NA,NA,Ambient,NA
Tank15,2/23/21,20210223,20210223,8.49,-51.9,31.19,NA,NA,Heat,NA
Tank16,2/23/21,20210223,20210223,5.46,-53.3,31.18,NA,NA,Ambient,NA
Tank17,2/23/21,20210223,20210223,8.7,-51.2,31.51,NA,NA,Heat,NA
Tank18,2/23/21,20210223,20210223,5.23,-54.2,30.64,NA,NA,Ambient,NA
Tank1,2/24/21,20210224,20210223,5.36,-54.2,31.19,103.6,NA,Ambient,NA
Tank2,2/24/21,20210224,20210223,8.74,-50,31.45,89.8,NA,Ambient,NA
Tank3,2/24/21,20210224,20210223,8.88,-51.7,31.53,96.6,NA,Heat,NA
Tank4,2/24/21,20210224,20210223,9.17,-50.7,31.45,102.2,NA,Heat,NA
Tank5,2/24/21,20210224,20210223,5.04,-53.3,30.7,93.8,NA,Ambient,NA
Tank6,2/24/21,20210224,20210223,9.46,-51.2,31.24,95.4,NA,Heat,NA
Tank7,2/24/21,20210224,20210223,8.68,-51.9,31.4,114.2,NA,Heat,NA
Tank8,2/24/21,20210224,20210223,4.68,-52.1,31.04,111.4,NA,Ambient,NA
Tank9,2/24/21,20210224,20210223,9.11,-51.9,31.25,96.2,NA,Heat,NA
Tank10,2/24/21,20210224,20210223,4.93,-53.4,31.01,101.4,NA,Ambient,NA
Tank11,2/24/21,20210224,20210223,9.07,-54.1,31.21,101.2,NA,Heat,NA
Tank12,2/24/21,20210224,20210223,4.3,-53.6,30.83,83.4,NA,Ambient,NA
Tank15,2/24/21,20210224,20210223,8.59,-51.6,31.22,95.6,NA,Heat,NA
Tank16,2/24/21,20210224,20210223,5.49,-52.8,30.69,102,NA,Ambient,NA
Tank17,2/24/21,20210224,20210223,8.99,-51.4,31.69,84.6,NA,Heat,NA
Tank18,2/24/21,20210224,20210223,5.21,-53.5,30.91,85.4,NA,Ambient,NA
Tank1,2/25/21,20210225,20210225,5.13,-54.2,31.24,NA,NA,Ambient,NA
Tank2,2/25/21,20210225,20210225,5.08,-54.1,31.44,NA,NA,Ambient,NA
Tank3,2/25/21,20210225,20210225,8.95,-51.3,31.59,NA,NA,Heat,NA
Tank4,2/25/21,20210225,20210225,9.42,-50.7,31.61,NA,NA,Heat,NA
Tank5,2/25/21,20210225,20210225,5.45,-52.3,31.21,NA,NA,Ambient,NA
Tank6,2/25/21,20210225,20210225,9.08,-50.5,31.55,NA,NA,Heat,NA
Tank7,2/25/21,20210225,20210225,8.8,-51.5,31.5,NA,NA,Heat,NA
Tank8,2/25/21,20210225,20210225,4.74,-49.3,31.15,NA,NA,Ambient,NA
Tank9,2/25/21,20210225,20210225,8.93,-51.4,31.63,NA,NA,Heat,NA
Tank10,2/25/21,20210225,20210225,4.35,-53.4,31.14,NA,NA,Ambient,NA
Tank11,2/25/21,20210225,20210225,8.73,-50.7,31.61,NA,NA,Heat,NA
Tank12,2/25/21,20210225,20210225,5.56,-52.8,30.87,NA,NA,Ambient,NA
Tank15,2/25/21,20210225,20210225,9.06,-50.9,31.56,NA,NA,Heat,NA
Tank16,2/25/21,20210225,20210225,5.22,-52,31.37,NA,NA,Ambient,NA
Tank17,2/25/21,20210225,20210225,8.77,-50.8,31.61,NA,NA,Heat,NA
Tank18,2/25/21,20210225,20210225,5.45,-53.1,31.16,NA,NA,Ambient,NA
Tank1,2/26/21,20210226,20210225,5.07,-49.9,31.63,93.8,NA,Ambient,NA
Tank2,2/26/21,20210226,20210225,4.7,-51.2,31.3,107.2,NA,Ambient,NA
Tank3,2/26/21,20210226,20210225,9.39,-44.5,31.62,98.2,NA,Heat,NA
Tank4,2/26/21,20210226,20210225,8.98,-48.7,31.59,96.2,NA,Heat,NA
Tank5,2/26/21,20210226,20210225,4.7,-51.3,31.58,92,NA,Ambient,NA
Tank6,2/26/21,20210226,20210225,9.06,-50.7,31.59,110,NA,Heat,NA
Tank7,2/26/21,20210226,20210225,8.89,-49.9,31.63,107.4,NA,Heat,NA
Tank8,2/26/21,20210226,20210225,4.73,-51,31.52,106,NA,Ambient,NA
Tank9,2/26/21,20210226,20210225,9.31,-47.9,31.49,105.8,NA,Heat,NA
Tank10,2/26/21,20210226,20210225,4.59,-51.3,31.37,102.8,NA,Ambient,NA
Tank11,2/26/21,20210226,20210225,8.69,-49.8,31.6,92.4,NA,Heat,NA
Tank12,2/26/21,20210226,20210225,4.48,-49.9,31.15,101.8,NA,Ambient,NA
Tank15,2/26/21,20210226,20210225,8.52,-48.9,31.81,97,NA,Heat,NA
Tank16,2/26/21,20210226,20210225,5.33,-51.4,31.05,103.4,NA,Ambient,NA
Tank17,2/26/21,20210226,20210225,8.81,-48.2,31.56,84.2,NA,Heat,NA
Tank18,2/26/21,20210226,20210225,5.14,-50.7,31.59,89.6,NA,Ambient,NA
Tank1,2/27/21,20210227,20210227,4.73,-51.8,31.45,NA,NA,Ambient,NA
Tank2,2/27/21,20210227,20210227,4.68,-52,30.96,NA,NA,Ambient,NA
Tank3,2/27/21,20210227,20210227,8.99,-50.4,31.48,NA,NA,Heat,NA
Tank4,2/27/21,20210227,20210227,9.25,-48.6,31.65,NA,NA,Heat,NA
Tank5,2/27/21,20210227,20210227,5.36,-50.8,31.45,NA,NA,Ambient,NA
Tank6,2/27/21,20210227,20210227,9.39,-49.3,31.55,NA,NA,Heat,NA
Tank7,2/27/21,20210227,20210227,9.25,-49.9,31.44,NA,NA,Heat,NA
Tank8,2/27/21,20210227,20210227,4.55,-51.1,31.37,NA,NA,Ambient,NA
Tank9,2/27/21,20210227,20210227,8.83,-50.7,31.54,NA,NA,Heat,NA
Tank10,2/27/21,20210227,20210227,4.88,-51.7,31.13,NA,NA,Ambient,NA
Tank11,2/27/21,20210227,20210227,9.23,-49.8,31.31,NA,NA,Heat,NA
Tank12,2/27/21,20210227,20210227,4.55,-50.7,31.45,NA,NA,Ambient,NA
Tank15,2/27/21,20210227,20210227,8.58,-49.4,31.45,NA,NA,Heat,NA
Tank16,2/27/21,20210227,20210227,5.55,-51.1,31.27,NA,NA,Ambient,NA
Tank17,2/27/21,20210227,20210227,8.77,-49.3,32.06,NA,NA,Heat,NA
Tank18,2/27/21,20210227,20210227,5.01,-51.1,31.5,NA,NA,Ambient,NA
Tank1,2/28/21,20210228,20210227,5.34,-51.4,31.57,92.2,7.73,Ambient,NA
Tank2,2/28/21,20210228,20210227,4.78,-52.4,30.84,97,6.26,Ambient,NA
Tank3,2/28/21,20210228,20210227,9.37,-50.4,31.77,92.2,6.8,Heat,NA
Tank4,2/28/21,20210228,20210227,9.18,-48.1,31.73,100.8,7.06,Heat,NA
Tank5,2/28/21,20210228,20210227,4.79,-51.2,31.59,94.4,4.13,Ambient,NA
Tank6,2/28/21,20210228,20210227,9.32,-49.4,31.69,109.2,6,Heat,NA
Tank7,2/28/21,20210228,20210227,9.1,-49.4,31.58,103.2,6.26,Heat,NA
Tank8,2/28/21,20210228,20210227,4.82,-50.7,31.51,98.4,7.86,Ambient,NA
Tank9,2/28/21,20210228,20210227,9.26,-50.9,31.59,103.6,6.67,Heat,NA
Tank10,2/28/21,20210228,20210227,4.58,-51.4,31.27,88.4,4.67,Ambient,NA
Tank11,2/28/21,20210228,20210227,8.6,-49.7,31.79,91.6,11.73,Heat,NA
Tank12,2/28/21,20210228,20210227,4.57,-49.9,31.31,101.4,6.53,Ambient,NA
Tank15,2/28/21,20210228,20210227,8.93,-49.9,31.53,108.2,6.8,Heat,NA
Tank16,2/28/21,20210228,20210227,4.34,-51.3,31.51,101.4,9.46,Ambient,NA
Tank17,2/28/21,20210228,20210227,9.01,-48.1,31.43,96.2,7.86,Heat,NA
Tank18,2/28/21,20210228,20210227,4.83,-51,31.36,96.8,8.53,Ambient,NA
Tank1,3/1/21,20210301,20210227,5.22,-49.3,31.19,NA,NA,Ambient,NA
Tank2,3/1/21,20210301,20210227,5.48,-48.7,31.67,NA,NA,Ambient,NA
Tank3,3/1/21,20210301,20210227,9.09,-51.3,31.69,NA,NA,Heat,NA
Tank4,3/1/21,20210301,20210227,9.43,-48.8,31.74,NA,NA,Heat,NA
Tank5,3/1/21,20210301,20210227,5.02,-50.2,31.67,NA,NA,Ambient,NA
Tank6,3/1/21,20210301,20210227,9.2,-49,31.84,NA,NA,Heat,NA
Tank7,3/1/21,20210301,20210227,8.72,-50.5,31.72,NA,NA,Heat,NA
Tank8,3/1/21,20210301,20210227,4.66,-50.4,31.63,NA,NA,Ambient,NA
Tank9,3/1/21,20210301,20210227,9.22,-51.2,31.58,NA,NA,Heat,NA
Tank10,3/1/21,20210301,20210227,4.39,-51.8,31.44,NA,NA,Ambient,NA
Tank11,3/1/21,20210301,20210227,8.83,-51.5,31.9,NA,NA,Heat,NA
Tank12,3/1/21,20210301,20210227,4.58,-50.5,31.67,NA,NA,Ambient,NA
Tank15,3/1/21,20210301,20210227,8.51,-49.9,31.59,NA,NA,Heat,NA
Tank16,3/1/21,20210301,20210227,4.95,-47.9,31.71,NA,NA,Ambient,NA
Tank17,3/1/21,20210301,20210227,8.82,-49.3,32.18,NA,NA,Heat,NA
Tank18,3/1/21,20210301,20210227,4.66,-51.6,31.52,NA,NA,Ambient,NA
Tank1,3/2/21,20210302,20210227,4.62,-48.8,32.06,NA,NA,Ambient,NA
Tank2,3/2/21,20210302,20210227,5.61,-50.5,32.03,NA,NA,Ambient,NA
Tank3,3/2/21,20210302,20210227,8.93,-51.1,32.08,NA,NA,Heat,NA
Tank4,3/2/21,20210302,20210227,8.91,-49,32.12,NA,NA,Heat,NA
Tank5,3/2/21,20210302,20210227,4.91,-49.6,32.12,NA,NA,Ambient,NA
Tank6,3/2/21,20210302,20210227,8.9,-46.8,32.51,NA,NA,Heat,NA
Tank7,3/2/21,20210302,20210227,9.27,-48,31.91,NA,NA,Heat,NA
Tank8,3/2/21,20210302,20210227,4.88,-50.9,32.08,NA,NA,Ambient,NA
Tank9,3/2/21,20210302,20210227,9.12,-48.3,32.12,NA,NA,Heat,NA
Tank10,3/2/21,20210302,20210227,4.83,-51.2,31.77,NA,NA,Ambient,NA
Tank11,3/2/21,20210302,20210227,9.11,-49.6,32.2,NA,NA,Heat,NA
Tank12,3/2/21,20210302,20210227,4.71,-49.5,32.07,NA,NA,Ambient,NA
Tank15,3/2/21,20210302,20210227,8.45,-48.8,32.01,NA,NA,Heat,NA
Tank16,3/2/21,20210302,20210227,4.48,-48.7,32.05,NA,NA,Ambient,NA
Tank17,3/2/21,20210302,20210227,8.92,-49.5,32.07,NA,NA,Heat,NA
Tank18,3/2/21,20210302,20210227,5.26,-54,31.67,NA,NA,Ambient,NA
Tank1,3/3/21,20210303,20210227,5.23,-49.6,32.02,98.8,NA,Ambient,NA
Tank2,3/3/21,20210303,20210227,5.11,-51.1,32.11,99.4,NA,Ambient,NA
Tank3,3/3/21,20210303,20210227,9.47,-50.8,31.77,97.2,NA,Heat,NA
Tank4,3/3/21,20210303,20210227,9.12,-49.8,32.15,104,NA,Heat,NA
Tank5,3/3/21,20210303,20210227,5.43,-50.7,31.85,92.2,NA,Ambient,NA
Tank6,3/3/21,20210303,20210227,8.96,-49,32.35,96.8,NA,Heat,NA
Tank7,3/3/21,20210303,20210227,8.98,-50.3,32.51,106.2,NA,Heat,NA
Tank8,3/3/21,20210303,20210227,4.3,-51.6,32.02,93.8,NA,Ambient,NA
Tank9,3/3/21,20210303,20210227,8.94,-50.8,32.3,95.2,NA,Heat,NA
Tank10,3/3/21,20210303,20210227,5.3,-51.2,31.73,111.8,NA,Ambient,NA
Tank11,3/3/21,20210303,20210227,9.3,-50.7,32.05,106.2,NA,Heat,NA
Tank12,3/3/21,20210303,20210227,4.82,-50.2,32.05,110.6,NA,Ambient,NA
Tank15,3/3/21,20210303,20210227,8.97,-50.3,32.1,95.8,NA,Heat,NA
Tank16,3/3/21,20210303,20210227,4.91,-49.4,32.12,92,NA,Ambient,NA
Tank17,3/3/21,20210303,20210227,8.69,-49.9,32.42,82.4,NA,Heat,NA
Tank18,3/3/21,20210303,20210227,5.28,-52.7,31.81,NA,NA,Ambient,Forgot to take light 
Tank1,3/4/21,20210304,20210227,5.35,-49.9,31.65,NA,NA,Ambient,NA
Tank2,3/4/21,20210304,20210227,5.48,-52.2,31.89,NA,NA,Ambient,NA
Tank3,3/4/21,20210304,20210227,9.15,-52.2,31.98,NA,NA,Heat,NA
Tank4,3/4/21,20210304,20210227,8.95,-50.2,32.2,NA,NA,Heat,NA
Tank5,3/4/21,20210304,20210227,5.5,-51.8,31.39,NA,NA,Ambient,NA
Tank6,3/4/21,20210304,20210227,9,-49.3,32.1,NA,NA,Heat,NA
Tank7,3/4/21,20210304,20210227,8.61,-50.5,32.42,NA,NA,Heat,NA
Tank8,3/4/21,20210304,20210227,5.04,-51.6,31.89,NA,NA,Ambient,NA
Tank9,3/4/21,20210304,20210227,9.07,-50.6,32.01,NA,NA,Heat,NA
Tank10,3/4/21,20210304,20210227,4.32,-52,32.37,NA,NA,Ambient,NA
Tank11,3/4/21,20210304,20210227,9.51,-56.2,31.99,NA,NA,Heat,NA
Tank12,3/4/21,20210304,20210227,4.72,-50.4,31.41,NA,NA,Ambient,NA
Tank15,3/4/21,20210304,20210227,8.41,-49.9,31.82,NA,NA,Heat,NA
Tank16,3/4/21,20210304,20210227,5.48,-49.7,31.5,NA,NA,Ambient,NA
Tank17,3/4/21,20210304,20210227,8.71,-50.1,32.16,NA,NA,Heat,NA
Tank18,3/4/21,20210304,20210227,4.86,-54.6,31.87,NA,NA,Ambient,NA
Tank1,3/5/21,20210305,20210227,5.31,-50.1,31.8,96,NA,Ambient,NA
Tank2,3/5/21,20210305,20210227,4.69,-51.8,31.69,101.8,NA,Ambient,NA
Tank3,3/5/21,20210305,20210227,9.16,-52.1,31.86,94.8,NA,Heat,NA
Tank4,3/5/21,20210305,20210227,9.48,-49.2,31.61,92.8,NA,Heat,NA
Tank5,3/5/21,20210305,20210227,4.88,-51.7,31.35,89.2,NA,Ambient,NA
Tank6,3/5/21,20210305,20210227,8.98,-49.3,31.87,97.4,NA,Heat,NA
Tank7,3/5/21,20210305,20210227,8.89,-50.4,32.18,104.2,NA,Heat,NA
Tank8,3/5/21,20210305,20210227,4.84,-50.8,31.35,109.6,NA,Ambient,NA
Tank9,3/5/21,20210305,20210227,9.1,-49.9,31.75,93.2,NA,Heat,NA
Tank10,3/5/21,20210305,20210227,4.41,-52.2,31.36,110.2,NA,Ambient,NA
Tank11,3/5/21,20210305,20210227,8.85,-53.4,31.82,86.6,NA,Heat,NA
Tank12,3/5/21,20210305,20210227,5.5,-49.6,31.45,106.2,NA,Ambient,NA
Tank15,3/5/21,20210305,20210227,8.26,-50.8,32.04,87.8,NA,Heat,NA
Tank16,3/5/21,20210305,20210227,5.49,-49.9,31.47,103.4,NA,Ambient,NA
Tank17,3/5/21,20210305,20210227,8.98,-49.8,31.74,93,NA,Heat,NA
Tank18,3/5/21,20210305,20210227,5.28,-51.4,31.87,93.8,NA,Ambient,NA
Tank1,3/6/21,20210306,20210227,4.83,-51.1,31.76,NA,NA,Ambient,NA
Tank2,3/6/21,20210306,20210227,4.73,-53.2,31.76,NA,NA,Ambient,NA
Tank3,3/6/21,20210306,20210227,9.27,-54,31.72,NA,NA,Heat,NA
Tank4,3/6/21,20210306,20210227,9.48,-52.6,31.77,NA,NA,Heat,NA
Tank5,3/6/21,20210306,20210227,5.58,-52.4,31.79,NA,NA,Ambient,NA
Tank6,3/6/21,20210306,20210227,9.05,-50.2,32.17,NA,NA,Heat,NA
Tank7,3/6/21,20210306,20210227,9.24,-52.5,31.74,NA,NA,Heat,NA
Tank8,3/6/21,20210306,20210227,4.34,-53.5,31.26,NA,NA,Ambient,NA
Tank9,3/6/21,20210306,20210227,9.06,-52.8,31.79,NA,NA,Heat,NA
Tank10,3/6/21,20210306,20210227,4.55,-53.1,31.63,NA,NA,Ambient,NA
Tank11,3/6/21,20210306,20210227,9,-56,31.68,NA,NA,Heat,NA
Tank12,3/6/21,20210306,20210227,4.68,-53.1,31.38,NA,NA,Ambient,NA
Tank15,3/6/21,20210306,20210227,8.25,-51.9,32.12,NA,NA,Heat,NA
Tank16,3/6/21,20210306,20210227,4.38,-51.5,31.41,NA,NA,Ambient,NA
Tank17,3/6/21,20210306,20210227,8.54,-52.4,32.16,NA,NA,Heat,NA
Tank18,3/6/21,20210306,20210227,4.45,-54.6,31.77,NA,NA,Ambient,NA
Tank1,3/8/21,20210308,20210308,5.6,-51.6,30.87,110.4,NA,Ambient,NA
Tank2,3/8/21,20210308,20210308,5.44,-53.4,31.19,90.2,NA,Ambient,NA
Tank3,3/8/21,20210308,20210308,9.17,-53.8,31.44,94.4,NA,Heat,NA
Tank4,3/8/21,20210308,20210308,9.01,-53.3,31.47,100.2,NA,Heat,NA
Tank5,3/8/21,20210308,20210308,5.75,-55.5,30.93,86.4,NA,Ambient,NA
Tank6,3/8/21,20210308,20210308,9.15,-51,31.16,102,NA,Heat,NA
Tank7,3/8/21,20210308,20210308,9.03,-52.4,31.73,104.6,NA,Heat,NA
Tank8,3/8/21,20210308,20210308,4.97,-53.9,30.81,113.8,NA,Ambient,NA
Tank9,3/8/21,20210308,20210308,9.25,-52.7,31.42,96.4,NA,Heat,NA
Tank10,3/8/21,20210308,20210308,4.4,-54.1,30.57,103.2,NA,Ambient,NA
Tank11,3/8/21,20210308,20210308,9.31,-55.5,31.4,98,NA,Heat,NA
Tank12,3/8/21,20210308,20210308,5.11,-51.3,31.1,116,NA,Ambient,NA
Tank15,3/8/21,20210308,20210308,8.53,-52.2,31.1,86.6,NA,Heat,NA
Tank16,3/8/21,20210308,20210308,5.2,-52.1,30.95,102.4,NA,Ambient,NA
Tank17,3/8/21,20210308,20210308,9.03,-54,30.3,87.6,NA,Heat,NA
Tank18,3/8/21,20210308,20210308,5.49,-53.4,31.53,106.8,NA,Ambient,NA
Tank1,3/9/21,20210309,20210308,4.59,-52.2,31.02,NA,NA,Ambient,NA
Tank2,3/9/21,20210309,20210308,4.96,-53.5,31.12,NA,NA,Ambient,NA
Tank3,3/9/21,20210309,20210308,9.1,-48.8,31.15,NA,NA,Heat,NA
Tank4,3/9/21,20210309,20210308,9.48,-51.9,30.79,NA,NA,Heat,NA
Tank5,3/9/21,20210309,20210308,5.54,-55.2,30.98,NA,NA,Ambient,NA
Tank6,3/9/21,20210309,20210308,9.21,-48.7,31.1,NA,NA,Heat,NA
Tank7,3/9/21,20210309,20210308,8.78,-52.2,31.55,NA,NA,Heat,NA
Tank8,3/9/21,20210309,20210308,4.39,-54,31.04,NA,NA,Ambient,NA
Tank9,3/9/21,20210309,20210308,9.11,-52.3,31.08,NA,NA,Heat,NA
Tank10,3/9/21,20210309,20210308,5.09,-53.1,31.11,NA,NA,Ambient,NA
Tank11,3/9/21,20210309,20210308,8.93,-55.3,31.64,NA,NA,Heat,NA
Tank12,3/9/21,20210309,20210308,4.69,-51.4,30.65,NA,NA,Ambient,NA
Tank15,3/9/21,20210309,20210308,9.07,-48.2,31.46,NA,NA,Heat,NA
Tank16,3/9/21,20210309,20210308,4.99,-53.9,30.89,NA,NA,Ambient,NA
Tank17,3/9/21,20210309,20210308,8.64,-53.1,31.08,NA,NA,Heat,NA
Tank18,3/9/21,20210309,20210308,4.84,-52.6,31.4,NA,NA,Ambient,NA
Tank1,3/10/21,20210310,20210308,5.2,-55.3,30.83,98.8,12.13,Ambient,NA
Tank2,3/10/21,20210310,20210308,4.88,-56.7,30.56,88.2,8,Ambient,NA
Tank3,3/10/21,20210310,20210308,9.29,-49.4,30.97,104,7.47,Heat,NA
Tank4,3/10/21,20210310,20210308,8.95,-56.4,31.14,96.8,5.33,Heat,NA
Tank5,3/10/21,20210310,20210308,5.48,-55.8,30.58,86.4,4.13,Ambient,NA
Tank6,3/10/21,20210310,20210308,9.19,-50.8,30.75,100,9.73,Heat,NA
Tank7,3/10/21,20210310,20210308,9.25,-55.6,30.98,102,5.87,Heat,NA
Tank8,3/10/21,20210310,20210308,4.57,-57.6,30.77,110.2,6.27,Ambient,NA
Tank9,3/10/21,20210310,20210308,9.01,-54.2,30.92,91,6.4,Heat,NA
Tank10,3/10/21,20210310,20210308,4.72,-56.8,30.89,106.6,6.8,Ambient,NA
Tank11,3/10/21,20210310,20210308,9.22,-56.3,31.14,90,9.2,Heat,NA
Tank12,3/10/21,20210310,20210308,5.6,-50.4,30.42,100.8,9.73,Ambient,NA
Tank15,3/10/21,20210310,20210308,9.64,-50.1,31.01,117.6,9.6,Heat,NA
Tank16,3/10/21,20210310,20210308,4.75,-55.4,30.46,104.8,10.67,Ambient,NA
Tank17,3/10/21,20210310,20210308,8.75,-54.9,31.25,78.8,4.13,Heat,NA
Tank18,3/10/21,20210310,20210308,5.05,-55.3,31.34,98,4.13,Ambient,NA
Tank1,3/11/21,20210311,20210308,4.71,-51.4,31.24,NA,NA,Ambient,NA
Tank2,3/11/21,20210311,20210308,4.94,-54.5,30.78,NA,NA,Ambient,NA
Tank3,3/11/21,20210311,20210308,9.4,-43,31.34,NA,NA,Heat,NA
Tank4,3/11/21,20210311,20210308,9.74,-54.5,31.36,NA,NA,Heat,NA
Tank5,3/11/21,20210311,20210308,5.4,-56.8,31.3,NA,NA,Ambient,NA
Tank6,3/11/21,20210311,20210308,9.18,-50,31.28,NA,NA,Heat,NA
Tank7,3/11/21,20210311,20210308,9.07,-53,31.24,NA,NA,Heat,NA
Tank8,3/11/21,20210311,20210308,4.54,-54.9,30.82,NA,NA,Ambient,NA
Tank9,3/11/21,20210311,20210308,9.27,-51.2,31.53,NA,NA,Heat,NA
Tank10,3/11/21,20210311,20210308,4.68,-51.8,30.91,NA,NA,Ambient,NA
Tank11,3/11/21,20210311,20210308,9.23,-55.5,31.36,NA,NA,Heat,NA
Tank12,3/11/21,20210311,20210308,4.47,-51.2,30.73,NA,NA,Ambient,NA
Tank15,3/11/21,20210311,20210308,8.46,-47,31.56,NA,NA,Heat,NA
Tank16,3/11/21,20210311,20210308,4.4,-52.5,30.87,NA,NA,Ambient,NA
Tank17,3/11/21,20210311,20210308,9.1,-55.5,31.67,NA,NA,Heat,NA
Tank18,3/11/21,20210311,20210308,4.72,-51,31.29,NA,NA,Ambient,NA
Tank1,3/12/21,20210312,20210308,4.66,-54.8,30.93,103,NA,Ambient,NA
Tank2,3/12/21,20210312,20210308,4.88,-56.4,31.52,95,NA,Ambient,NA
Tank3,3/12/21,20210312,20210308,8.94,-50.2,31.44,102.6,NA,Heat,NA
Tank4,3/12/21,20210312,20210308,9.16,-53.5,31.51,97.6,NA,Heat,NA
Tank5,3/12/21,20210312,20210308,5.03,-65.7,31.12,82.8,NA,Ambient,NA
Tank6,3/12/21,20210312,20210308,9.3,-49.1,31.63,104.2,NA,Heat,NA
Tank7,3/12/21,20210312,20210308,9.3,-53.5,31.51,99,NA,Heat,NA
Tank8,3/12/21,20210312,20210308,4.43,-55.7,31.08,102.4,NA,Ambient,NA
Tank9,3/12/21,20210312,20210308,8.95,-55.1,31.84,92.4,NA,Heat,NA
Tank10,3/12/21,20210312,20210308,4.42,-54.1,31.3,101.6,NA,Ambient,NA
Tank11,3/12/21,20210312,20210308,8.41,-50.5,31.6,86.6,NA,Heat,NA
Tank12,3/12/21,20210312,20210308,4.84,-60.6,31.32,100.8,NA,Ambient,NA
Tank15,3/12/21,20210312,20210308,8.67,-49.9,31.69,109.4,NA,Heat,NA
Tank16,3/12/21,20210312,20210308,4.7,-52.6,31.36,98.6,NA,Ambient,NA
Tank17,3/12/21,20210312,20210308,9.31,-58.6,31.61,77.8,NA,Heat,NA
Tank18,3/12/21,20210312,20210308,5.3,-51.9,30.98,95,NA,Ambient,NA
Tank1,3/14/21,20210314,20210308,4.58,-55.9,31.58,98.2,NA,Ambient,NA
Tank2,3/14/21,20210314,20210308,4.84,-58,31.3,88,NA,Ambient,NA
Tank3,3/14/21,20210314,20210308,8.97,-51.9,31.91,103.8,NA,Heat,NA
Tank4,3/14/21,20210314,20210308,9.22,-54.5,31.85,100.8,NA,Heat,NA
Tank5,3/14/21,20210314,20210308,5.11,-67.2,31.38,86,NA,Ambient,NA
Tank6,3/14/21,20210314,20210308,9.19,-51.5,32.05,103.8,NA,Heat,NA
Tank7,3/14/21,20210314,20210308,9.06,-55.2,32.02,101.4,NA,Heat,NA
Tank8,3/14/21,20210314,20210308,4.3,-56.2,31.8,105.4,NA,Ambient,NA
Tank9,3/14/21,20210314,20210308,8.87,-56.1,31.81,89,NA,Heat,NA
Tank10,3/14/21,20210314,20210308,4.6,-60.4,31.77,103.6,NA,Ambient,NA
Tank11,3/14/21,20210314,20210308,8.96,-51.6,31.66,86.6,NA,Heat,NA
Tank12,3/14/21,20210314,20210308,4.98,-69.8,31.15,102.8,NA,Ambient,NA
Tank15,3/14/21,20210314,20210308,8.63,-50.9,31.93,108.6,NA,Heat,NA
Tank16,3/14/21,20210314,20210308,4.96,-60.8,31.3,101.2,NA,Ambient,NA
Tank17,3/14/21,20210314,20210308,9.09,-59.2,32.13,88.8,NA,Heat,NA
Tank18,3/14/21,20210314,20210308,4.86,-59.8,31.6,89,NA,Ambient,NA
Tank1,3/15/21,20210315,20210308,4.82,-53.4,31.43,NA,NA,Ambient,NA
Tank2,3/15/21,20210315,20210308,4.75,-56.3,31.09,NA,NA,Ambient,NA
Tank3,3/15/21,20210315,20210308,9.18,-49.8,31.89,NA,NA,Heat,NA
Tank4,3/15/21,20210315,20210308,9.49,-52.4,31.71,NA,NA,Heat,NA
Tank5,3/15/21,20210315,20210308,4.89,-59.7,31.6,NA,NA,Ambient,NA
Tank6,3/15/21,20210315,20210308,9.24,-49.8,31.69,NA,NA,Heat,NA
Tank7,3/15/21,20210315,20210308,9.12,-52.8,32.23,NA,NA,Heat,NA
Tank8,3/15/21,20210315,20210308,5.04,-54.2,31.49,NA,NA,Ambient,NA
Tank9,3/15/21,20210315,20210308,9.04,-54.3,32.08,NA,NA,Heat,NA
Tank10,3/15/21,20210315,20210308,4.73,-56.1,32.02,NA,NA,Ambient,NA
Tank11,3/15/21,20210315,20210308,8.25,-49.4,31.76,NA,NA,Heat,NA
Tank12,3/15/21,20210315,20210308,5.09,-71.1,31.13,NA,NA,Ambient,NA
Tank15,3/15/21,20210315,20210308,8.24,-48.5,31.78,NA,NA,Heat,NA
Tank16,3/15/21,20210315,20210308,5.56,-57.7,31.45,NA,NA,Ambient,NA
Tank17,3/15/21,20210315,20210308,8.82,-52,32.01,NA,NA,Heat,NA
Tank18,3/15/21,20210315,20210308,5.08,-58.4,31.7,NA,NA,Ambient,NA
Tank1,3/16/21,20210316,20210308,5.44,-53.3,31.27,100,NA,Ambient,NA
Tank2,3/16/21,20210316,20210308,5.59,-55.9,30.99,84.8,NA,Ambient,NA
Tank3,3/16/21,20210316,20210308,8.82,-50.8,31.64,97.8,NA,Heat,NA
Tank4,3/16/21,20210316,20210308,8.8,-47.8,31.81,105.6,NA,Heat,NA
Tank5,3/16/21,20210316,20210308,5.22,-57.4,31.6,83,NA,Ambient,NA
Tank6,3/16/21,20210316,20210308,8.98,-48.1,31.14,101.4,NA,Heat,NA
Tank7,3/16/21,20210316,20210308,8.93,-47.7,31.64,115,NA,Heat,NA
Tank8,3/16/21,20210316,20210308,5.13,-55.8,31.06,103.4,NA,Ambient,NA
Tank9,3/16/21,20210316,20210308,8.83,-47.9,31.67,109.8,NA,Heat,NA
Tank10,3/16/21,20210316,20210308,4.88,-58.7,31.4,97.2,NA,Ambient,NA
Tank11,3/16/21,20210316,20210308,8.07,-50,31.63,87.4,NA,Heat,NA
Tank12,3/16/21,20210316,20210308,5.63,-64.4,31.21,98,NA,Ambient,NA
Tank15,3/16/21,20210316,20210308,8.35,-48.6,31.46,99.4,NA,Heat,NA
Tank16,3/16/21,20210316,20210308,4.5,-61.5,31.22,100.8,NA,Ambient,NA
Tank17,3/16/21,20210316,20210308,8.97,-47.5,31.68,87.8,NA,Heat,NA
Tank18,3/16/21,20210316,20210308,5.27,-58.3,31.5,93,NA,Ambient,NA
Tank1,3/17/21,20210317,20210317,4.81,-54.4,30.85,NA,NA,Ambient,NA
Tank2,3/17/21,20210317,20210317,5.34,-57.1,31.16,NA,NA,Ambient,NA
Tank3,3/17/21,20210317,20210317,9.49,-51.6,32.06,NA,NA,Heat,NA
Tank4,3/17/21,20210317,20210317,8.87,-48.4,31.88,NA,NA,Heat,NA
Tank5,3/17/21,20210317,20210317,4.86,-57.9,31.58,NA,NA,Ambient,NA
Tank6,3/17/21,20210317,20210317,9.75,-54.4,31.75,NA,NA,Heat,NA
Tank7,3/17/21,20210317,20210317,8.99,-48.4,31.82,NA,NA,Heat,NA
Tank8,3/17/21,20210317,20210317,4.3,-56.5,31.5,NA,NA,Ambient,NA
Tank9,3/17/21,20210317,20210317,8.7,-48.5,31.61,NA,NA,Heat,NA
Tank10,3/17/21,20210317,20210317,4.31,-59.2,31.6,NA,NA,Ambient,NA
Tank11,3/17/21,20210317,20210317,8.46,-50.6,31.5,NA,NA,Heat,NA
Tank12,3/17/21,20210317,20210317,5.06,-56.1,31.61,NA,NA,Ambient,NA
Tank15,3/17/21,20210317,20210317,8.17,-49.7,31.65,NA,NA,Heat,NA
Tank16,3/17/21,20210317,20210317,5.57,-62.3,31.63,NA,NA,Ambient,NA
Tank17,3/17/21,20210317,20210317,8.95,-48.5,31.66,NA,NA,Heat,NA
Tank18,3/17/21,20210317,20210317,5.43,-59.1,31.24,NA,NA,Ambient,NA
Tank1,3/17/21,20210317,20210317,7.01,-55.1,31.5,NA,NA,Ambient,NA
Tank2,3/17/21,20210317,20210317,7.31,-52.6,31.03,NA,NA,Ambient,NA
Tank3,3/17/21,20210317,20210317,10.53,-51.5,31.52,NA,NA,Heat,NA
Tank4,3/17/21,20210317,20210317,10.32,-49.1,31.62,NA,NA,Heat,NA
Tank5,3/17/21,20210317,20210317,7.38,-52.4,31.34,NA,NA,Ambient,NA
Tank6,3/17/21,20210317,20210317,10.33,-51.6,31.56,NA,NA,Heat,NA
Tank7,3/17/21,20210317,20210317,9.82,-49.6,31.76,NA,NA,Heat,NA
Tank8,3/17/21,20210317,20210317,5.92,-54.8,31.43,NA,NA,Ambient,NA
Tank9,3/17/21,20210317,20210317,10.22,-49.6,31.74,NA,NA,Heat,NA
Tank10,3/17/21,20210317,20210317,6.31,-54.7,31.2,NA,NA,Ambient,NA
Tank11,3/17/21,20210317,20210317,9.47,-51.9,31.5,NA,NA,Heat,NA
Tank12,3/17/21,20210317,20210317,7.3,-51.2,31.33,NA,NA,Ambient,NA
Tank15,3/17/21,20210317,20210317,9.64,-51.2,31.52,NA,NA,Heat,NA
Tank16,3/17/21,20210317,20210317,7.21,-52.4,31.52,NA,NA,Ambient,NA
Tank17,3/17/21,20210317,20210317,9.99,-49.1,31.9,NA,NA,Heat,NA
Tank18,3/17/21,20210317,20210317,7,-60.7,31.29,NA,NA,Ambient,NA
Tank1,3/18/21,20210318,20210317,6.31,-48.4,31.43,116,NA,Ambient,NA
Tank2,3/18/21,20210318,20210317,5.56,-48.3,31.46,116.4,NA,Ambient,NA
Tank3,3/18/21,20210318,20210317,9.38,-51.5,31.85,99.4,NA,Heat,NA
Tank4,3/18/21,20210318,20210317,9.42,-47.7,31.87,109.2,NA,Heat,NA
Tank5,3/18/21,20210318,20210317,5.91,-51,31.73,88.4,NA,Ambient,NA
Tank6,3/18/21,20210318,20210317,9.26,-49.8,31.76,96.8,NA,Heat,NA
Tank7,3/18/21,20210318,20210317,9.08,-47.8,31.72,112.4,NA,Heat,NA
Tank8,3/18/21,20210318,20210317,5.89,-52.8,31.72,105.8,NA,Ambient,NA
Tank9,3/18/21,20210318,20210317,9.34,-47,31.54,96.6,NA,Heat,NA
Tank10,3/18/21,20210318,20210317,5.7,-52.4,31.44,95.8,NA,Ambient,NA
Tank11,3/18/21,20210318,20210317,8.89,-49.6,31.71,97.2,NA,Heat,NA
Tank12,3/18/21,20210318,20210317,5.91,-49.5,31.75,102.8,NA,Ambient,NA
Tank15,3/18/21,20210318,20210317,9.12,-49.6,31.75,90,NA,Heat,NA
Tank16,3/18/21,20210318,20210317,6,-49.9,31.54,98.4,NA,Ambient,NA
Tank17,3/18/21,20210318,20210317,9.46,-47.7,32.12,96.5,NA,Heat,NA
Tank18,3/18/21,20210318,20210317,6.27,-50.8,31.77,85.8,NA,Ambient,NA
Tank1,3/19/21,20210319,20210317,6.32,-46.4,30.49,NA,7.33,Ambient,NA
Tank2,3/19/21,20210319,20210317,6.13,-48.1,30.71,NA,6.4,Ambient,NA
Tank3,3/19/21,20210319,20210317,9.23,-50.3,30.72,NA,10.4,Heat,NA
Tank4,3/19/21,20210319,20210317,9.11,-47.8,30.9,NA,11.46,Heat,NA
Tank5,3/19/21,20210319,20210317,6.44,-50.2,30.73,NA,10.53,Ambient,NA
Tank6,3/19/21,20210319,20210317,9.14,-50.3,30.89,NA,12.67,Heat,NA
Tank7,3/19/21,20210319,20210317,9.4,-46.7,30.95,NA,8.8,Heat,NA
Tank8,3/19/21,20210319,20210317,5.45,-52.9,30.65,NA,9.6,Ambient,NA
Tank9,3/19/21,20210319,20210317,9.64,-47.9,30.92,NA,6.13,Heat,NA
Tank10,3/19/21,20210319,20210317,6.12,-56.9,30.53,NA,2.8,Ambient,NA
Tank11,3/19/21,20210319,20210317,8.65,-50,30.71,NA,20,Heat,NA
Tank12,3/19/21,20210319,20210317,6.15,-50.9,30.45,NA,6.13,Ambient,NA
Tank15,3/19/21,20210319,20210317,9.19,-49.6,30.79,NA,16.67,Heat,NA
Tank16,3/19/21,20210319,20210317,5.71,-51.9,30.65,NA,8.93,Ambient,NA
Tank17,3/19/21,20210319,20210317,9.14,-47.8,30.73,NA,12.13,Heat,NA
Tank18,3/19/21,20210319,20210317,6.13,-50.2,30.62,NA,14.27,Ambient,NA
Tank1,3/21/21,20210321,20210317,6.03,-53.2,30.25,95.6,NA,Ambient,NA
Tank2,3/21/21,20210321,20210317,6.07,-52.2,30.06,98.8,NA,Ambient,NA
Tank3,3/21/21,20210321,20210317,9.22,-54,30.3,100.6,NA,Heat,NA
Tank4,3/21/21,20210321,20210317,9.57,-53,30.69,113.8,NA,Heat,NA
Tank5,3/21/21,20210321,20210317,6.41,-59.5,30.19,88.4,NA,Ambient,NA
Tank6,3/21/21,20210321,20210317,9.81,-54.8,30.74,106.2,NA,Heat,NA
Tank7,3/21/21,20210321,20210317,8.95,-52,30.51,114.4,NA,Heat,NA
Tank8,3/21/21,20210321,20210317,5.83,-55.9,30.81,103.4,NA,Ambient,NA
Tank9,3/21/21,20210321,20210317,9.16,-53,30.32,101.6,NA,Heat,NA
Tank10,3/21/21,20210321,20210317,6.07,-60.5,30.32,101.2,NA,Ambient,NA
Tank11,3/21/21,20210321,20210317,9.45,-60.9,30.4,97.8,NA,Heat,NA
Tank12,3/21/21,20210321,20210317,5.91,-55.8,30.19,99.2,NA,Ambient,NA
Tank15,3/21/21,20210321,20210317,9.43,-54.9,30.3,91.4,NA,Heat,NA
Tank16,3/21/21,20210321,20210317,5.51,-55.7,30.25,91.2,NA,Ambient,NA
Tank17,3/21/21,20210321,20210317,9.12,-52.4,30.33,95.8,NA,Heat,NA
Tank18,3/21/21,20210321,20210317,6.04,-59.5,30.09,88.4,NA,Ambient,NA
Tank1,3/22/21,20210322,20210317,6.11,-56.2,30.32,NA,NA,Ambient,NA
Tank2,3/22/21,20210322,20210317,5.56,-55.1,30.04,NA,NA,Ambient,NA
Tank3,3/22/21,20210322,20210317,9.5,-56.1,30.72,NA,NA,Heat,NA
Tank4,3/22/21,20210322,20210317,9.42,-55.1,30.38,NA,NA,Heat,NA
Tank5,3/22/21,20210322,20210317,5.83,-62.1,29.98,NA,NA,Ambient,NA
Tank6,3/22/21,20210322,20210317,9.45,-55.6,30.67,NA,NA,Heat,NA
Tank7,3/22/21,20210322,20210317,9.53,-55,30.41,NA,NA,Heat,NA
Tank8,3/22/21,20210322,20210317,5.26,-59.9,30.01,NA,NA,Ambient,NA
Tank9,3/22/21,20210322,20210317,9.23,-56.7,30.75,NA,NA,Heat,NA
Tank10,3/22/21,20210322,20210317,5.11,-66.3,30.28,NA,NA,Ambient,NA
Tank11,3/22/21,20210322,20210317,9.79,-58.3,30.42,NA,NA,Heat,NA
Tank12,3/22/21,20210322,20210317,5.75,-63.3,30.4,NA,NA,Ambient,NA
Tank15,3/22/21,20210322,20210317,9.85,-57.1,30.49,NA,NA,Heat,NA
Tank16,3/22/21,20210322,20210317,5.66,-59.5,30.41,NA,NA,Ambient,NA
Tank17,3/22/21,20210322,20210317,9.68,-55.7,30.23,NA,NA,Heat,NA
Tank18,3/22/21,20210322,20210317,6.09,-64.7,30.31,NA,NA,Ambient,NA
Tank1,3/23/21,20210323,20210317,5.9,-56.9,29.6,110,NA,Ambient,NA
Tank2,3/23/21,20210323,20210317,5.87,-55.6,30,111.2,NA,Ambient,NA
Tank3,3/23/21,20210323,20210317,9.51,-58.4,30.32,98.6,NA,Heat,NA
Tank4,3/23/21,20210323,20210317,10.17,-57.7,30.09,112.8,NA,Heat,NA
Tank5,3/23/21,20210323,20210317,5.73,-53.4,30,117.4,NA,Ambient,NA
Tank6,3/23/21,20210323,20210317,10.08,-57.4,30.44,111.8,NA,Heat,NA
Tank7,3/23/21,20210323,20210317,9.69,-55.3,30.12,107,NA,Heat,NA
Tank8,3/23/21,20210323,20210317,6.24,-54.8,30.06,116.6,NA,Ambient,NA
Tank9,3/23/21,20210323,20210317,9.76,-58.3,30.02,112.2,NA,Heat,NA
Tank10,3/23/21,20210323,20210317,6.48,-54.7,30.08,116,NA,Ambient,NA
Tank11,3/23/21,20210323,20210317,10.01,62.7,30.09,94,NA,Heat,NA
Tank12,3/23/21,20210323,20210317,5.77,63.2,29.74,95.8,NA,Ambient,NA
Tank15,3/23/21,20210323,20210317,9.5,-55.5,29.96,90.4,NA,Heat,NA
Tank16,3/23/21,20210323,20210317,5.98,-60.6,30.02,94.8,NA,Ambient,NA
Tank17,3/23/21,20210323,20210317,10.02,-57.7,30.12,92.2,NA,Heat,NA
Tank18,3/23/21,20210323,20210317,8.99,-53.5,29.97,102,NA,Ambient,NA
Tank1,3/24/21,20210324,20210317,6.21,-58.1,29.26,NA,NA,Ambient,NA
Tank2,3/24/21,20210324,20210317,5.83,-58.1,29.55,NA,NA,Ambient,NA
Tank3,3/24/21,20210324,20210317,10.4,-63.3,29.98,NA,NA,Heat,NA
Tank4,3/24/21,20210324,20210317,9.4,-57.9,30.16,NA,NA,Heat,NA
Tank5,3/24/21,20210324,20210317,5.9,-54.9,29.93,NA,NA,Ambient,NA
Tank6,3/24/21,20210324,20210317,10.25,-59.6,30.3,NA,NA,Heat,NA
Tank7,3/24/21,20210324,20210317,9.06,-56.2,30.22,NA,NA,Heat,NA
Tank8,3/24/21,20210324,20210317,6.28,-56.1,29.69,NA,NA,Ambient,NA
Tank9,3/24/21,20210324,20210317,10.17,-61.9,29.98,NA,NA,Heat,NA
Tank10,3/24/21,20210324,20210317,6.04,-56.3,29.66,NA,NA,Ambient,NA
Tank11,3/24/21,20210324,20210317,9.59,-58.1,30.05,NA,NA,Heat,NA
Tank12,3/24/21,20210324,20210317,5.81,-64.7,29.86,NA,NA,Ambient,NA
Tank15,3/24/21,20210324,20210317,9.78,-57.9,30.05,NA,NA,Heat,NA
Tank16,3/24/21,20210324,20210317,6.04,-63.3,29.95,NA,NA,Ambient,NA
Tank17,3/24/21,20210324,20210317,9.23,-57.1,30.29,NA,NA,Heat,NA
Tank18,3/24/21,20210324,20210317,8.86,-55.5,29.96,NA,NA,Ambient,NA
Tank1,3/25/21,20210325,20210325,5.9,-56.5,30.24,NA,NA,Ambient,NA
Tank2,3/25/21,20210325,20210325,5.88,-55.3,30.5,NA,NA,Ambient,NA
Tank3,3/25/21,20210325,20210325,9.58,-50.4,30.28,NA,NA,Heat,NA
Tank4,3/25/21,20210325,20210325,9.53,-54.4,30.35,NA,NA,Heat,NA
Tank5,3/25/21,20210325,20210325,6.17,-51.6,30.52,NA,NA,Ambient,NA
Tank6,3/25/21,20210325,20210325,9.49,-51.2,30.51,NA,NA,Heat,NA
Tank7,3/25/21,20210325,20210325,9.19,-52.9,30.63,NA,NA,Heat,NA
Tank8,3/25/21,20210325,20210325,6.19,-52,30.04,NA,NA,Ambient,NA
Tank9,3/25/21,20210325,20210325,9.28,-54.5,30.65,NA,NA,Heat,NA
Tank10,3/25/21,20210325,20210325,6.01,-42,30.12,NA,NA,Ambient,NA
Tank11,3/25/21,20210325,20210325,9.75,-51.6,30.52,NA,NA,Heat,NA
Tank12,3/25/21,20210325,20210325,5.78,-59.5,30.02,NA,NA,Ambient,NA
Tank15,3/25/21,20210325,20210325,10.16,-54,30.39,NA,NA,Heat,NA
Tank16,3/25/21,20210325,20210325,5.58,-64.2,30.57,NA,NA,Ambient,NA
Tank17,3/25/21,20210325,20210325,9.01,-53,30.57,NA,NA,Heat,NA
Tank18,3/25/21,20210325,20210325,7.6,-52,30.16,NA,NA,Ambient,NA
Tank1,3/26/21,20210326,20210325,5.98,-56.2,31.31,107,NA,Ambient,NA
Tank2,3/26/21,20210326,20210325,5.58,-55,31.21,118.6,NA,Ambient,NA
Tank3,3/26/21,20210326,20210325,9.32,-50.5,31.25,104.2,NA,Heat,NA
Tank4,3/26/21,20210326,20210325,9.33,-53.8,31.58,105.4,NA,Heat,NA
Tank5,3/26/21,20210326,20210325,6.35,-51.7,31.18,110.2,NA,Ambient,NA
Tank6,3/26/21,20210326,20210325,9.31,-50.7,31.33,117,NA,Heat,NA
Tank7,3/26/21,20210326,20210325,9.64,-51.9,31.69,98.8,NA,Heat,NA
Tank8,3/26/21,20210326,20210325,5.68,-51.3,31.32,122.4,NA,Ambient,NA
Tank9,3/26/21,20210326,20210325,9.56,-51.6,31.11,108.2,NA,Heat,NA
Tank10,3/26/21,20210326,20210325,6.35,-51.5,31.35,123.6,NA,Ambient,NA
Tank11,3/26/21,20210326,20210325,9.99,-50.5,31.38,111.2,NA,Heat,NA
Tank12,3/26/21,20210326,20210325,5.83,-56.9,31.02,98.6,NA,Ambient,NA
Tank15,3/26/21,20210326,20210325,9.33,-53.1,31.26,92.8,NA,Heat,NA
Tank16,3/26/21,20210326,20210325,5.83,-63.8,31.42,93.4,NA,Ambient,NA
Tank17,3/26/21,20210326,20210325,9.33,-52.5,31.32,86.4,NA,Heat,NA
Tank18,3/26/21,20210326,20210325,7.05,-51.1,31.37,93.6,NA,Ambient,NA
Tank1,3/29/21,20210329,20210325,6,-59,31.67,102,NA,Ambient,NA
Tank2,3/29/21,20210329,20210325,5.78,-54.9,31.58,130.4,NA,Ambient,NA
Tank3,3/29/21,20210329,20210325,9.46,-48.7,31.84,99.4,NA,Heat,NA
Tank4,3/29/21,20210329,20210325,9.32,-51.3,31.83,72.8,NA,Heat,NA
Tank5,3/29/21,20210329,20210325,6.41,-55,31.92,95,NA,Ambient,NA
Tank6,3/29/21,20210329,20210325,9.67,-48.5,31.73,110.2,NA,Heat,NA
Tank7,3/29/21,20210329,20210325,9.29,-49.3,31.94,83.6,NA,Heat,NA
Tank8,3/29/21,20210329,20210325,5.72,-50.3,31.73,114.2,NA,Ambient,NA
Tank9,3/29/21,20210329,20210325,9.19,-48.2,31.75,92.2,NA,Heat,NA
Tank10,3/29/21,20210329,20210325,9.77,-48.2,31.84,107.6,NA,Ambient,NA
Tank11,3/29/21,20210329,20210325,9.45,-48.5,32.2,114.2,NA,Heat,NA
Tank12,3/29/21,20210329,20210325,5.6,-56,31.59,92.2,NA,Ambient,NA
Tank15,3/29/21,20210329,20210325,12.63,-47,32.39,96.4,NA,Heat,NA
Tank16,3/29/21,20210329,20210325,6.28,-49,31.61,107,NA,Ambient,NA
Tank17,3/29/21,20210329,20210325,9.33,-51.6,32.12,63.8,NA,Heat,NA
Tank18,3/29/21,20210329,20210325,7.2,-49.4,31.81,93.8,NA,Ambient,NA
Tank1,3/30/21,20210330,20210325,7.27,-52.7,31.8,NA,NA,Ambient,NA
Tank2,3/30/21,20210330,20210325,6.18,-55.3,30.47,NA,NA,Ambient,NA
Tank3,3/30/21,20210330,20210325,10.31,-51.7,31.68,NA,NA,Heat,NA
Tank4,3/30/21,20210330,20210325,10.43,-52.9,32.2,NA,NA,Heat,NA
Tank5,3/30/21,20210330,20210325,6.03,-54.4,31.45,NA,NA,Ambient,NA
Tank6,3/30/21,20210330,20210325,11.49,-50.9,32,NA,NA,Heat,NA
Tank7,3/30/21,20210330,20210325,10.17,-52,31.73,NA,NA,Heat,NA
Tank8,3/30/21,20210330,20210325,6.63,-51.8,31.37,NA,NA,Ambient,NA
Tank9,3/30/21,20210330,20210325,9.94,-51.2,31.95,NA,NA,Heat,NA
Tank10,3/30/21,20210330,20210325,5.57,-54,31.51,NA,NA,Ambient,NA
Tank11,3/30/21,20210330,20210325,9.98,-51.5,31.64,NA,NA,Heat,NA
Tank12,3/30/21,20210330,20210325,7.01,-51.4,31.51,NA,NA,Ambient,NA
Tank15,3/30/21,20210330,20210325,11.89,-50.3,31.78,NA,NA,Heat,NA
Tank16,3/30/21,20210330,20210325,7.27,-51.9,31.71,NA,NA,Ambient,NA
Tank17,3/30/21,20210330,20210325,9.93,-51.9,31.91,NA,NA,Heat,NA
Tank18,3/30/21,20210330,20210325,8.5,-51.9,31.28,NA,NA,Ambient,NA
Tank1,3/31/21,20210331,20210325,6.56,-49.4,31.93,NA,NA,Ambient,NA
Tank2,3/31/21,20210331,20210325,6.25,-48.7,31.82,NA,NA,Ambient,NA
Tank3,3/31/21,20210331,20210325,9.44,NA,32.34,NA,NA,Heat,NA
Tank4,3/31/21,20210331,20210325,12.3,-55,31.98,NA,NA,Heat,NA
Tank5,3/31/21,20210331,20210325,6.3,-50.5,31.25,NA,NA,Ambient,NA
Tank6,3/31/21,20210331,20210325,9.57,-47.2,32.18,NA,NA,Heat,NA
Tank7,3/31/21,20210331,20210325,9.4,-47.9,32.25,NA,NA,Heat,NA
Tank8,3/31/21,20210331,20210325,6.65,-47.9,32,NA,NA,Ambient,NA
Tank9,3/31/21,20210331,20210325,9.76,-48.1,32.07,NA,NA,Heat,NA
Tank10,3/31/21,20210331,20210325,5.5,-50,31.7,NA,NA,Ambient,NA
Tank11,3/31/21,20210331,20210325,9.73,-47.2,32.07,NA,NA,Heat,NA
Tank12,3/31/21,20210331,20210325,7.24,-48.4,31.54,NA,NA,Ambient,NA
Tank15,3/31/21,20210331,20210325,17.02,-47.4,32.21,NA,NA,Heat,NA
Tank16,3/31/21,20210331,20210325,6.13,-48.6,31.88,NA,NA,Ambient,NA
Tank17,3/31/21,20210331,20210325,9.22,-48.9,31.98,NA,NA,Heat,NA
Tank18,3/31/21,20210331,20210325,6.59,-49,31.91,NA,NA,Ambient,NA
Tank1,4/1/21,20210401,20210325,6.51,-49.4,31.65,,NA,Ambient,NA
Tank2,4/1/21,20210401,20210325,8.58,-47.7,32.04,,NA,Ambient,chiller removed for the day
Tank3,4/1/21,20210401,20210325,9.66,-49,31.3,,NA,Heat,NA
Tank4,4/1/21,20210401,20210325,9.62,-50.9,32.06,,NA,Heat,NA
Tank5,4/1/21,20210401,20210325,6.13,-49.6,31.31,,NA,Ambient,NA
Tank6,4/1/21,20210401,20210325,10.56,-48.5,31.98,,NA,Heat,NA
Tank7,4/1/21,20210401,20210325,9.63,-48.5,32.05,,NA,Heat,NA
Tank8,4/1/21,20210401,20210325,6.11,-49.6,31.73,,NA,Ambient,NA
Tank9,4/1/21,20210401,20210325,9.52,-49.8,31.78,,NA,Heat,NA
Tank10,4/1/21,20210401,20210325,6.46,-49.2,31.32,,NA,Ambient,NA
Tank11,4/1/21,20210401,20210325,9.67,-49,31.82,,NA,Heat,NA
Tank12,4/1/21,20210401,20210325,6.54,-49.3,31.82,,NA,Ambient,NA
Tank15,4/1/21,20210401,20210325,9.74,-47.2,31.83,,NA,Heat,NA
Tank16,4/1/21,20210401,20210325,5.62,-50.6,31.67,,NA,Ambient,NA
Tank17,4/1/21,20210401,20210325,9.96,-49.9,31.73,,NA,Heat,NA
Tank18,4/1/21,20210401,20210325,5.85,-50.8,31.67,,NA,Ambient,NA