PlugID,Fraction,initial.mass.g,dry.pan.mass.g,burnt.pan.mass.g,Area_cm,vol_mL,Site,Treatment,Timepoint,dry.pan.mass.g.ml,burnt.pan.mass.g.ml,dry.pan.mass.g.vol.corr,burnt.pan.mass.g.vol.corr,dry.bioimass.g,DW.mg.cm2,AFDW.mg.cm2
AST-2737,Host,1.1159,1.1296,1.1267,NA,NA,NA,NA,NA,0.2824,0.281675,NA,NA,NA,NA,NA
AST-1450,Host,1.1476,1.1806,1.1788,NA,22,NA,NA,NA,0.29515,0.2947,6.4933,6.4834,0.0099,NA,NA
AST-1409,Symbiont,1.1314,1.1352,1.1345,NA,NA,NA,NA,NA,0.22704,0.2269,NA,NA,NA,NA,NA
AST-2738,Host,1.1307,1.1488,1.1449,NA,NA,NA,NA,NA,0.2872,0.286225,NA,NA,NA,NA,NA
FLD-0040,Host,1.1513,1.1742,1.1674,NA,NA,NA,NA,NA,0.29355,0.29185,NA,NA,NA,NA,NA
AST-1492,Host,1.1361,1.1881,1.1844,NA,NA,NA,NA,NA,0.297025,0.2961,NA,NA,NA,NA,NA
AST-2580,Symbiont,1.1478,1.1531,1.1529,NA,NA,NA,NA,NA,0.23062,0.23058,NA,NA,NA,NA,NA
FLD-1214,Host,1.1503,1.1714,1.1599,NA,NA,NA,NA,NA,0.29285,0.289975,NA,NA,NA,NA,NA
FLD-1214,Symbiont,1.1256,1.1379,1.1284,NA,NA,NA,NA,NA,0.22758,0.22568,NA,NA,NA,NA,NA
AST-1450,Symbiont,1.127,1.1333,1.1322,NA,22,NA,NA,NA,0.22666,0.22644,4.98652,4.98168,0.00484,NA,NA
AST-2738,Symbiont,1.1303,1.1345,1.1322,NA,NA,NA,NA,NA,0.2269,0.22644,NA,NA,NA,NA,NA
FLD-0040,Symbiont,1.0314,1.0448,1.0374,NA,NA,NA,NA,NA,0.20896,0.20748,NA,NA,NA,NA,NA
AST-2737,Symbiont,1.015,1.0203,1.0184,NA,NA,NA,NA,NA,0.20406,0.20368,NA,NA,NA,NA,NA
AST-1492,Symbiont,1.0164,1.0211,1.0196,NA,NA,NA,NA,NA,0.20422,0.20392,NA,NA,NA,NA,NA
AST-1409,Host,1.0164,1.0569,1.0527,NA,NA,NA,NA,NA,0.264225,0.263175,NA,NA,NA,NA,NA
AST-1593,Symbiont,1.1506,1.1546,NA,2.339,8,FW,Ambient,TP0,0.23092,NA,1.84736,NA,NA,297.8879863,NA
AST-2197,Host,1.1417,1.1851,1.1779,1.216,15,FW,Ambient,TP0,0.296275,0.294475,4.444125,4.417125,0.027,2715.810033,22.20394737
AST-1147,Symbiont,1.1489,1.1544,1.1515,1.352,9.5,FW,Ambient,TP0,0.23088,0.2303,2.19336,2.18785,0.00551,772.5295858,4.075443787
AST-1147,Host,1.1289,1.1427,1.1369,1.352,9.5,FW,Ambient,TP0,0.285675,0.284225,2.7139125,2.7001375,0.013775,1172.346524,10.18860947
AST-1593,Host,1.1142,1.1563,1.1491,2.339,8,FW,Ambient,TP0,0.289075,0.287275,2.3126,2.2982,0.0144,512.3557076,6.156477127
AST-2198,Host,1.152,1.1949,1.1911,2.332,13,FW,Ambient,TP0,0.298725,0.297775,3.883425,3.871075,0.01235,1171.280017,5.295883362
AST-1345,Symbiont,1.1337,1.1408,1.1382,1.866,11,FW,Ambient,TP0,0.22816,0.22764,2.50976,2.50404,0.00572,737.4383708,3.065380493
AST-1345,Host,1.0107,1.0295,1.0242,1.866,11,FW,Ambient,TP0,0.257375,0.25605,2.831125,2.81655,0.014575,975.5760986,7.810825295
AST-1722,Host,1.0066,1.0517,1.045,1.689,27,FW,Ambient,TP0,0.262925,0.26125,7.098975,7.05375,0.045225,3607.089994,26.77619893
AST-2198,Symbiont,1.0189,1.0232,1.022,2.332,13,FW,Ambient,TP0,0.20464,0.2044,2.66032,2.6572,0.00312,703.8679245,1.337907376
AST-2197,Symbiont,1.0365,1.041,1.0389,1.216,15,FW,Ambient,TP0,0.2082,0.20778,3.123,3.1167,0.0063,1715.871711,5.180921053
AST-1722,Symbiont,1.0351,1.0395,1.0382,1.689,27,FW,Ambient,TP0,0.2079,0.20764,5.6133,5.60628,0.00702,2710.597987,4.156305506
AST-2873,Host,1.1355,1.1743,1.1708,4.21,13,FW,Heat,TP0,0.293575,0.2927,3.816475,3.8051,0.011375,636.8111639,2.701900238
AST-1423,Symbiont,1.1465,1.1515,1.1489,11.752,15,FW,Heat,TP0,0.2303,0.22978,3.4545,3.4467,0.0078,196.3921035,0.6637168142
AST-2003,Host,1.1273,1.1472,1.1404,1.35,24,ENDV,Heat,TP0,0.2868,0.2851,6.8832,6.8424,0.0408,4263.62963,30.22222222
AST-2003,Symbiont,1.0177,1.0252,1.0209,1.35,24,ENDV,Heat,TP0,0.20504,0.20418,4.92096,4.90032,0.02064,2891.303704,15.28888889
AST-1423,Host,1.0346,1.0507,1.0466,11.752,15,FW,Heat,TP0,0.262675,0.26165,3.940125,3.92475,0.015375,247.2366406,1.308287951
AST-2873,Symbiont,1.0161,1.0192,1.0173,4.21,13,FW,Heat,TP0,0.20384,0.20346,2.64992,2.64498,0.00494,388.0807601,1.173396675
AST-1058,Host,1.1218,1.1632,1.1575,3.579,11,ENDV,Ambient,TP1,0.2908,0.289375,3.1988,3.183125,0.015675,580.329701,4.379715004
AST-1457,Host,1.1293,1.1373,1.1349,3.894,9.5,FW,Ambient,TP1,0.284325,0.283725,2.7010875,2.6953875,0.0057,403.6434258,1.463790447
AST-2209,Host,1.1432,1.1835,1.1792,4.276,13,FW,Ambient,TP1,0.295875,0.2948,3.846375,3.8324,0.013975,632.1737605,3.268241347
AST-1138,Host,1.1304,NA,1.1674,2.863,23,ENDV,Ambient,TP1,NA,0.29185,NA,6.71255,NA,NA,NA
AST-2520,Symbiont,1.1307,1.1398,1.137,9.138,23,FW,Ambient,TP1,0.22796,0.2274,5.24308,5.2302,0.01288,450.0306413,1.409498796
AST-1138,Symbiont,1.1547,1.1586,1.1576,2.863,23,ENDV,Ambient,TP1,0.23172,0.23152,5.32956,5.32496,0.0046,1458.211666,1.606706252
AST-1497,Host,1.1476,1.1797,1.1767,2.528,27,FW,Ambient,TP1,0.294925,0.294175,7.962975,7.942725,0.02025,2695.955301,8.01028481
AST-1497,Symbiont,1.1263,1.1298,1.1296,2.528,27,FW,Ambient,TP1,0.22596,0.22592,6.10092,6.09984,0.00108,1967.808544,0.4272151899
AST-1058,Symbiont,1.1231,1.1285,1.1264,3.579,11,ENDV,Ambient,TP1,0.2257,0.22528,2.4827,2.47808,0.00462,379.8826488,1.29086337
AST-1696,Host,NA,1.1713,1.1658,1.787,10,FW,Ambient,TP1,0.292825,0.29145,2.92825,2.9145,0.01375,NA,7.694459989
AST-1696,Symbiont,1.138,1.1436,1.1429,1.787,10,FW,Ambient,TP1,0.22872,0.22858,2.2872,2.2858,0.0014,643.0889759,0.7834359261
AST-2520,Host,1.0299,1.0573,1.0533,9.138,23,FW,Ambient,TP1,0.264325,0.263325,6.079475,6.056475,0.023,552.5908295,2.516962136
AST-2209,Symbiont,1.022,1.0281,1.0263,4.276,13,FW,Ambient,TP1,0.20562,0.20526,2.67306,2.66838,0.00468,386.1225444,1.094480823
AST-1457,Symbiont,1.0074,1.0142,1.0111,3.894,9.5,FW,Ambient,TP1,0.20284,0.20222,1.92698,1.92109,0.00589,236.153056,1.512583462
AST-1138,Host,1.0356,1.0765,1.0772,2.863,23,ENDV,Ambient,TP1,0.269125,0.2693,6.189875,6.1939,-0.004025,1800.305623,-1.405867971
AST-2301,Host,1.1428,1.1866,1.1803,7.803,50,ENDV,Heat,TP1,0.29665,0.295075,14.8325,14.75375,0.07875,1754.414969,10.0922722
AST-1649,Host,1.1496,1.1895,1.1857,3.233,15,FW,Heat,TP1,0.297375,0.296425,4.460625,4.446375,0.01425,1024.133931,4.407670894
AST-1630,Symbiont,1.1423,1.1481,1.1474,1.615,24,ENDV,Heat,TP1,0.22962,0.22948,5.51088,5.50752,0.00336,2705.003096,2.080495356
AST-2301,Symbiont,1.1535,1.1561,1.155,7.803,50,ENDV,Heat,TP1,0.23122,0.231,11.561,11.55,0.011,1333.781879,1.409714212
AST-1332,Host,1.1366,1.1823,1.1772,4.445,25,ENDV,Heat,TP1,0.295575,0.2943,7.389375,7.3575,0.031875,1406.698538,7.170978628
AST-1630,Host,1.1297,1.1693,1.1665,1.615,24,ENDV,Heat,TP1,0.292325,0.291625,7.0158,6.999,0.0168,3644.643963,10.40247678
AST-1649,Symbiont,1.1458,1.1521,1.1502,3.233,15,FW,Heat,TP1,0.23042,0.23004,3.4563,3.4506,0.0057,714.6613053,1.763068358
AST-1332,Symbiont,1.0068,1.0137,1.0116,4.445,25,ENDV,Heat,TP1,0.20274,0.20232,5.0685,5.058,0.0105,913.768279,2.362204724
AST-2539,Host,1.1434,1.1866,1.1806,7.357,23,FW,Ambient,TP2,0.29665,0.29515,6.82295,6.78845,0.0345,771.9926601,4.689411445
AST-1337,Symbiont,1.1251,1.1325,1.1293,2.369,19,FW,Ambient,TP2,0.2265,0.22586,4.3035,4.29134,0.01216,1341.663149,5.132967497
AST-2403,Symbiont,1.1122,1.1174,1.1156,3.903,7,FW,Ambient,TP2,0.22348,0.22312,1.56436,1.56184,0.00252,115.8493467,0.6456571868
AST-1288,Host,1.134,1.1805,1.1729,7.436,14.5,ENDV,Ambient,TP2,0.295125,0.293225,4.2793125,4.2517625,0.02755,422.9844675,3.704948897
AST-1288,Symbiont,1.1288,1.1358,1.133,7.436,14.5,ENDV,Ambient,TP2,0.22716,0.2266,3.29382,3.2857,0.00812,291.1538462,1.091984938
AST-2020,Host,1.1293,1.1703,1.1645,2.418,8.5,FW,Ambient,TP2,0.292575,0.291125,2.4868875,2.4745625,0.012325,561.450579,5.097187758
AST-1182,Symbiont,1.1366,1.1449,1.1424,2.015,13,FW,Ambient,TP2,0.22898,0.22848,2.97674,2.97024,0.0065,913.2208437,3.225806452
AST-2403,Host,1.1816,1.1983,1.1938,3.903,7,FW,Ambient,TP2,0.299575,0.29845,2.097025,2.08915,0.007875,234.5439406,2.017678709
AST-2020,Symbiont,1.1437,1.1502,1.1478,2.418,8.5,FW,Ambient,TP2,0.23004,0.22956,1.95534,1.95126,0.00408,335.6658395,1.687344913
AST-1337,Host,1.1547,1.2012,1.1941,2.369,19,FW,Ambient,TP2,0.3003,0.298525,5.7057,5.671975,0.033725,1921.06374,14.23596454
AST-2538,Host,1.1484,NA,1.1855,1.398,16,FW,Ambient,TP2,NA,0.296375,NA,4.742,NA,NA,NA
AST-1182,Host,1.147,1.1589,1.1562,2.015,13,FW,Ambient,TP2,0.289725,0.28905,3.766425,3.75765,0.008775,1299.962779,4.35483871
AST-1037,Host,1.1441,1.1543,1.1516,5.618,15,FW,Ambient,TP2,0.288575,0.2879,4.328625,4.3185,0.010125,566.8431826,1.802242791
AST-2539,Symbiont,0.9992,1.0063,1.0026,7.357,23,FW,Ambient,TP2,0.20126,0.20052,4.62898,4.61196,0.01702,493.3777355,2.313442979
AST-1037,Symbiont,1.0124,1.0158,1.0137,5.618,15,FW,Ambient,TP2,0.20316,0.20274,3.0474,3.0411,0.0063,362.2285511,1.121395514
AST-2538,Symbiont,1.0093,1.0159,1.0145,1.398,16,FW,Ambient,TP2,0.20318,0.2029,3.25088,3.2464,0.00448,1603.41917,3.204577969
AST-2538,Host,1.017,1.0604,1.0564,1.398,16,FW,Ambient,TP2,0.2651,0.2641,4.2416,4.2256,0.016,2306.58083,11.44492132
FLD-2550,Host,1.1308,1.1741,1.1677,NA,16,FW,Field,TP2,0.293525,0.291925,4.6964,4.6708,0.0256,NA,NA
FLD-2305,Host,1.1287,1.1709,1.1651,NA,25,FW,Field,TP2,0.292725,0.291275,7.318125,7.281875,0.03625,NA,NA
FLD-1693,Host,1.1588,1.1954,1.1895,NA,25,FW,Field,TP2,0.29885,0.297375,7.47125,7.434375,0.036875,NA,NA
FLD-2024,Host,1.1332,1.1824,1.1702,NA,19,FW,Field,TP2,0.2956,0.29255,5.6164,5.55845,0.05795,NA,NA
FLD-1655,Symbiont,1.1417,1.1498,1.1467,NA,29,FW,Field,TP2,0.22996,0.22934,6.66884,6.65086,0.01798,NA,NA
FLD-2550,Symbiont,1.1509,1.1565,1.1528,NA,16,FW,Field,TP2,0.2313,0.23056,3.7008,3.68896,0.01184,NA,NA
FLD-2305,Symbiont,1.0221,1.0286,1.0263,NA,25,FW,Field,TP2,0.20572,0.20526,5.143,5.1315,0.0115,NA,NA
FLD-2024,Symbiont,1.0139,1.0232,1.0171,NA,19,FW,Field,TP2,0.20464,0.20342,3.88816,3.86498,0.02318,NA,NA
FLD-1655,Host,1.0279,1.0784,1.0686,NA,29,FW,Field,TP2,0.2696,0.26715,7.8184,7.74735,0.07105,NA,NA
FLD-1693,Symbiont,1.0325,1.0377,1.0363,NA,25,FW,Field,TP2,0.20754,0.20726,5.1885,5.1815,0.007,NA,NA
AST-1761,Symbiont,1.1383,1.1442,1.1423,4.327,12,FW,Heat,TP2,0.22884,0.22846,2.74608,2.74152,0.00456,371.5692165,1.053847932
AST-1735,Host,1.1294,1.1406,1.1377,8.912,20,FW,Heat,TP2,0.28515,0.284425,5.703,5.6885,0.0145,513.1956912,1.627019749
AST-1184,Host,1.1379,1.1805,1.1759,5.802,23,ENDV,Heat,TP2,0.295125,0.293975,6.787875,6.761425,0.02645,973.7978283,4.558772837
AST-1184,Symbiont,1.1454,1.1507,1.1499,5.802,23,ENDV,Heat,TP2,0.23014,0.22998,5.29322,5.28954,0.00368,714.8948638,0.6342640469
AST-1761,Host,1.1174,1.1502,1.146,4.327,12,FW,Heat,TP2,0.28755,0.2865,3.4506,3.438,0.0126,539.2188583,2.911948232
AST-2541,Host,1.1266,1.173,1.1673,5.831,15,FW,Heat,TP2,0.29325,0.291825,4.39875,4.377375,0.021375,561.1644658,3.665752015
AST-1273,Symbiont,1.1264,1.1311,1.1301,3.475,15,ENDV,Heat,TP2,0.22622,0.22602,3.3933,3.3903,0.003,652.3453237,0.8633093525
AST-1735,Symbiont,1.0194,1.0249,1.0221,8.912,20,FW,Heat,TP2,0.20498,0.20442,4.0996,4.0884,0.0112,345.6238779,1.256732496
AST-1273,Host,1.0169,1.0477,1.0444,3.475,15,ENDV,Heat,TP2,0.261925,0.2611,3.928875,3.9165,0.012375,837.9784173,3.561151079
AST-2541,Symbiont,1.005,1.0105,1.0078,5.831,15,FW,Heat,TP2,0.2021,0.20156,3.0315,3.0234,0.0081,347.5390156,1.389127079
AST-1434,Host,1.1588,1.1988,1.1952,1.974,9,FW,Ambient,TP3,0.2997,0.2988,2.6973,2.6892,0.0081,779.3819656,4.103343465
AST-2016,Host,1.1254,1.1605,1.157,2.901,7,ENDV,Ambient,TP3,0.290125,0.28925,2.030875,2.02475,0.006125,312.1251293,2.111340917
AST-1126,Host,1.1426,1.1535,1.1513,1.799,13.5,ENDV,Ambient,TP3,0.288375,0.287825,3.8930625,3.8856375,0.007425,1528.884102,4.127292941
AST-1432,Symbiont,1.1132,1.1194,1.1175,3.125,11,ENDV,Ambient,TP3,0.22388,0.2235,2.46268,2.4585,0.00418,431.8336,1.3376
AST-1434,Symbiont,1.1964,1.2005,1.1997,1.974,9,FW,Ambient,TP3,0.2401,0.23994,2.1609,2.15946,0.00144,488.6018237,0.7294832827
AST-1432,Host,1.1374,1.1766,1.172,3.125,11,ENDV,Ambient,TP3,0.29415,0.293,3.23565,3.223,0.01265,671.44,4.048
AST-2016,Symbiont,1.0247,1.0282,1.028,2.901,7,ENDV,Ambient,TP3,0.20564,0.2056,1.43948,1.4392,0.00028,142.9782834,0.09651844192
AST-1126,Symbiont,1.0184,1.0235,1.0213,1.799,13.5,ENDV,Ambient,TP3,0.2047,0.20426,2.76345,2.75751,0.00594,970.0111173,3.301834352
FLD-0002,Host,1.1491,1.1651,1.158,3.482,12,FW,Field,TP3,0.291275,0.2895,3.4953,3.474,0.0213,673.8081562,6.117174038
FLD-0003,Symbiont,1.1383,1.1439,1.1416,6.894,39,FW,Field,TP3,0.22878,0.22832,8.92242,8.90448,0.01794,1129.115173,2.602262837
FLD-0003,Host,1.1541,1.2,1.1919,6.894,39,FW,Field,TP3,0.3,0.297975,11.7,11.621025,0.078975,1529.721497,11.45561358
FLD-0004,Host,1.0169,1.0477,1.0444,3.475,15,FW,Field,TP2,0.261925,0.2611,3.928875,3.9165,0.012375,837.9784173,3.561151079
FLD-0006,Host,1.1208,1.1627,1.1595,3.337,11,FW,Field,TP3,0.290675,0.289875,3.197425,3.188625,0.0088,622.3029667,2.637099191
FLD-0007,Symbiont,1.1774,1.1982,1.1902,4.125,8,FW,Field,TP3,0.23964,0.23804,1.91712,1.90432,0.0128,179.3260606,3.103030303
FLD-0001,Symbiont,1.1175,1.1263,1.1222,3.979,16,FW,Field,TP3,0.22526,0.22444,3.60416,3.59104,0.01312,624.9459663,3.297310882
FLD-0002,Symbiont,1.0007,1.0091,1.0043,3.482,12,FW,Field,TP3,0.20182,0.20086,2.42184,2.41032,0.01152,408.1390006,3.308443423
FLD-0005,Symbiont,1.0109,1.0181,1.0152,3.05,17,FW,Field,TP3,0.20362,0.20304,3.46154,3.45168,0.00986,803.4885246,3.232786885
FLD-0007,Host,1.0264,1.0526,1.0393,4.125,8,FW,Field,TP3,0.26315,0.259825,2.1052,2.0786,0.0266,261.5272727,6.448484848
AST-2561,Host,1.127,1.1471,1.1409,3.602,9,ENDV,Heat,TP3,0.286775,0.285225,2.580975,2.567025,0.01395,403.6576902,3.872848418
AST-2731,Host,1.1552,1.1787,1.1769,3.216,14.5,ENDV,Heat,TP3,0.294675,0.294225,4.2727875,4.2662625,0.006525,969.3990983,2.02891791
AST-1080,Symbiont,1.1286,1.1345,1.1322,1.812,12,FW,Heat,TP3,0.2269,0.22644,2.7228,2.71728,0.00552,879.8013245,3.046357616
AST-1148,Symbiont,1.1271,1.1326,1.1307,2.836,11.5,ENDV,Heat,TP3,0.22652,0.22614,2.60498,2.60061,0.00437,521.1142454,1.54090268
AST-2561,Symbiont,1.14,1.1473,1.1435,3.602,9,ENDV,Heat,TP3,0.22946,0.2287,2.06514,2.0583,0.00684,256.8406441,1.898945031
AST-1689,Symbiont,1.1279,1.1356,1.1324,2.675,8,ENDV,Heat,TP3,0.22712,0.22648,1.81696,1.81184,0.00512,257.5925234,1.914018692
AST-1080,Host,1.1276,1.1681,1.1634,1.812,12,FW,Heat,TP3,0.292025,0.29085,3.5043,3.4902,0.0141,1311.644592,7.781456954
AST-1249,Host,1.1208,1.1627,1.1595,3.337,11,FW,Heat,TP3,0.290675,0.289875,3.197425,3.188625,0.0088,622.3029667,2.637099191
AST-1148,Host,1.1408,1.1781,1.1755,2.836,11.5,ENDV,Heat,TP3,0.294525,0.293875,3.3870375,3.3795625,0.007475,792.0442525,2.635754584
AST-1249,Symbiont,1.1099,1.1135,1.1128,3.337,11,FW,Heat,TP3,0.2227,0.22256,2.4497,2.44816,0.00154,401.4983518,0.4614923584
AST-1689,Host,1.0254,1.0407,1.0367,2.675,8,ENDV,Heat,TP3,0.260175,0.259175,2.0814,2.0734,0.008,394.7663551,2.990654206
AST-2731,Symbiont,1.0114,1.0168,1.0158,3.216,14.5,ENDV,Heat,TP3,0.20336,0.20316,2.94872,2.94582,0.0029,602.4004975,0.9017412935
AST-1343,Host,1.1116,1.1582,1.1534,17.451,50,ENDV,Ambient,TP4,0.28955,0.28835,14.4775,14.4175,0.06,765.910263,3.438198384
AST-2060,Host,1.1405,1.1915,1.1812,1.521,8,FW,Ambient,TP4,0.297875,0.2953,2.383,2.3624,0.0206,816.8967784,13.54372124
AST-1194,Host,1.1522,1.1827,1.179,3.402,10,ENDV,Ambient,TP4,0.295675,0.29475,2.95675,2.9475,0.00925,530.4379777,2.71898883
AST-1109,Host,1.1288,1.1737,1.1698,2.051,12,FW,Ambient,TP4,0.293425,0.29245,3.5211,3.5094,0.0117,1166.406631,5.704534373
AST-2880,Host,1.1257,1.1568,1.1553,5.208,15,ENDV,Ambient,TP4,0.2892,0.288825,4.338,4.332375,0.005625,616.8010753,1.080069124
AST-1568,Symbiont,1.1133,1.1169,1.1158,1.046,13,FW,Ambient,TP4,0.22338,0.22316,2.90394,2.90108,0.00286,1711.892925,2.734225621
AST-1474,Symbiont,1.142,1.1468,1.1464,6.434,47,FW,Ambient,TP4,0.22936,0.22928,10.77992,10.77616,0.00376,1497.96705,0.5843953994
AST-1343,Symbiont,1.1319,1.1371,1.1358,17.451,50,ENDV,Ambient,TP4,0.22742,0.22716,11.371,11.358,0.013,586.7342846,0.7449429832
AST-1174,Host,1.1447,1.19,1.1723,0.456,7.5,FW,Ambient,TP4,0.2975,0.293075,2.23125,2.1980625,0.0331875,2382.785088,72.77960526
AST-1109,Symbiont,1.1183,1.127,1.1259,2.051,12,FW,Ambient,TP4,0.2254,0.22518,2.7048,2.70216,0.00264,773.5251097,1.287176987
AST-1174,Symbiont,1.1413,1.144,1.1443,0.456,7.5,FW,Ambient,TP4,0.2288,0.22886,1.716,1.71645,-0.00045,1260.307018,-0.9868421053
AST-1474,Host,1.024,1.0662,1.062,6.434,47,FW,Ambient,TP4,0.26655,0.2655,12.52785,12.4785,0.04935,1787.97793,7.670189618
AST-1194,Symbiont,1.0221,1.027,1.0254,3.402,10,ENDV,Ambient,TP4,0.2054,0.20508,2.054,2.0508,0.0032,303.3215755,0.9406231628
AST-2060,Symbiont,1.0076,1.0109,1.0102,1.521,8,FW,Ambient,TP4,0.20218,0.20204,1.61744,1.61632,0.00112,400.9467456,0.7363576594
AST-1568,Host,1.0346,1.0717,1.0684,1.046,13,FW,Ambient,TP4,0.267925,0.2671,3.483025,3.4723,0.010725,2340.750478,10.25334608
AST-2880,Symbiont,1.0218,1.0272,1.0271,5.208,15,ENDV,Ambient,TP4,0.20544,0.20542,3.0816,3.0813,0.0003,395.5069124,0.05760368664
FLD-0008,Host,1.1128,1.1612,1.1536,5.705,20,FW,Field,TP4,0.2903,0.2884,5.806,5.768,0.038,822.6468011,6.660823839
FLD-0009,Host,1.1358,1.1769,1.1726,3.273,35,FW,Field,TP4,0.294225,0.29315,10.297875,10.26025,0.037625,2799.289643,11.49556981
FLD-0010,Host,1.162,1.2102,1.2026,4.099,46,FW,Field,TP4,0.30255,0.30065,13.9173,13.8299,0.0874,3111.807758,21.32227373
FLD-0011,Host,1.1419,1.1842,1.1783,3.395,36,FW,Field,TP4,0.29605,0.294575,10.6578,10.6047,0.0531,2802.916053,15.64064801
FLD-0012,Host,1.0346,1.0851,1.0738,3.342,25,FW,Field,TP4,0.271275,0.26845,6.781875,6.71125,0.070625,1719.711251,21.13255536
FLD-0013,Host,1.1267,1.1796,1.1678,6.346,42,FW,Field,TP4,0.2949,0.29195,12.3858,12.2619,0.1239,1774.204223,19.52410968
FLD-0014,Host,1.1352,1.1759,1.1706,2.354,20,FW,Field,TP4,0.293975,0.29265,5.8795,5.853,0.0265,2015.420561,11.25743415
FLD-0010,Symbiont,1.1125,1.1185,1.1155,4.099,46,FW,Field,TP4,0.2237,0.2231,10.2902,10.2626,0.0276,2239.009515,6.733349597
FLD-0008,Symbiont,1.1209,1.1295,1.1268,5.705,20,FW,Field,TP4,0.2259,0.22536,4.518,4.5072,0.0108,595.4601227,1.893076249
FLD-0012,Symbiont,1.1426,1.1523,1.1476,3.342,25,FW,Field,TP4,0.23046,0.22952,5.7615,5.738,0.0235,1382.076601,7.031717534
FLD-0011,Symbiont,1.0069,1.0177,1.0129,3.395,36,FW,Field,TP4,0.20354,0.20258,7.32744,7.29288,0.03456,1861.720177,10.17967599
FLD-0014,Symbiont,1.015,1.0211,1.0193,2.354,20,FW,Field,TP4,0.20422,0.20386,4.0844,4.0772,0.0072,1303.908241,3.058623619
FLD-0009,Symbiont,1.0342,1.0399,1.0379,3.273,35,FW,Field,TP4,0.20798,0.20758,7.2793,7.2653,0.014,1908.065995,4.277421326
FLD-0011,Symbiont,1.0235,1.0287,1.0277,3.395,36,FW,Field,TP4,0.20574,0.20554,7.40664,7.39944,0.0072,1880.159057,2.120765832
FLD-0013,Symbiont,1.0118,1.0261,1.0186,6.346,42,FW,Field,TP4,0.20522,0.20372,8.61924,8.55624,0.063,1198.777182,9.927513394
AST-1499,Symbiont,1.1388,1.1423,1.1422,2.506,15,ENDV,Heat,TP4,0.22846,0.22844,3.4269,3.4266,0.0003,913.0486832,0.1197126895
AST-1562,Host,1.1173,1.1603,1.1568,7.724,48,ENDV,Heat,TP4,0.290075,0.2892,13.9236,13.8816,0.042,1657.988089,5.4375971
AST-1499,Host,1.1459,1.1799,1.1764,2.506,15,ENDV,Heat,TP4,0.294975,0.2941,4.424625,4.4115,0.013125,1308.34996,5.237430168
AST-1754,Host,1.1307,1.1693,1.167,1.266,18,FW,Heat,TP4,0.292325,0.29175,5.26185,5.2515,0.01035,3263.151659,8.17535545
AST-1826,Host,1.1242,1.1549,1.1524,11.655,16,FW,Heat,TP4,0.288725,0.2881,4.6196,4.6096,0.01,299.9056199,0.858000858
AST-1152,Symbiont,1.1591,1.1634,1.1622,2.387,14,FW,Heat,TP4,0.23268,0.23244,3.25752,3.25416,0.00336,879.1034772,1.407624633
AST-1152,Host,1.1095,1.1498,1.1454,2.387,14,FW,Heat,TP4,0.28745,0.28635,4.0243,4.0089,0.0154,1221.11437,6.451612903
AST-1826,Symbiont,1.1181,1.1249,1.125,11.655,16,FW,Heat,TP4,0.22498,0.225,3.59968,3.6,-0.00032,212.9197769,-0.02745602746
AST-2728,Host,1.1415,1.1837,1.1798,6.11,24,ENDV,Heat,TP4,0.295925,0.29495,7.1022,7.0788,0.0234,975.5646481,3.829787234
AST-2728,Symbiont,1.1343,1.1406,1.1402,6.11,24,ENDV,Heat,TP4,0.22812,0.22804,5.47488,5.47296,0.00192,710.405892,0.3142389525
AST-1694,Host,1.1197,1.1621,1.1574,8.252,20,FW,Heat,TP4,0.290525,0.28935,5.8105,5.787,0.0235,568.4440136,2.847794474
AST-2669,Host,1.1276,1.1553,1.1528,2.724,28,ENDV,Heat,TP4,0.288825,0.2882,8.0871,8.0696,0.0175,2554.882526,6.424375918
AST-2669,Symbiont,1.1242,1.1281,1.129,2.724,28,ENDV,Heat,TP4,0.22562,0.2258,6.31736,6.3224,-0.00504,1906.446402,-1.850220264
AST-1562,Symbiont,0.9986,1.0034,1.0017,7.724,48,ENDV,Heat,TP4,0.20068,0.20034,9.63264,9.61632,0.01632,1117.819782,2.112894873
AST-1754,Symbiont,1.0312,1.0358,1.0334,1.266,18,FW,Heat,TP4,0.20716,0.20668,3.72888,3.72024,0.00864,2130.868878,6.82464455
AST-1694,Symbiont,1.017,1.0212,1.0212,8.252,20,FW,Heat,TP4,0.20424,0.20424,4.0848,4.0848,0,371.7644207,0
AST-2000,Host,1.1279,1.1673,1.1644,5.645,23,FW,Ambient,TP5,0.291825,0.2911,6.711975,6.6953,0.016675,989.2072631,2.953941541
AST-1458,Host,1.1451,NA,1.1864,5.33,30,ENDV,Ambient,TP5,NA,0.2966,NA,8.898,NA,NA,NA
AST-2360,Symbiont,1.1422,1.1447,1.1439,3.469,21,FW,Ambient,TP5,0.22894,0.22878,4.80774,4.80438,0.00336,1056.656097,0.9685788412
AST-2360,Host,1.1437,NA,1.177,3.469,21,FW,Ambient,TP5,NA,0.29425,NA,6.17925,NA,NA,NA
AST-1617,Host,1.1445,1.1873,1.1812,0.74,11,FW,Ambient,TP5,0.296825,0.2953,3.265075,3.2483,0.016775,2865.641892,22.66891892
AST-2375,Symbiont,1.1281,1.132,1.1307,1.995,14,FW,Ambient,TP5,0.2264,0.22614,3.1696,3.16596,0.00364,1023.308271,1.824561404
AST-1458,Symbiont,1.1398,1.1428,1.1423,5.33,30,ENDV,Ambient,TP5,0.22856,0.22846,6.8568,6.8538,0.003,1072.60788,0.5628517824
AST-1087,Host,1.1152,1.1587,1.1549,11.134,35,ENDV,Ambient,TP5,0.289675,0.288725,10.138625,10.105375,0.03325,810.4387462,2.986348123
AST-2375,Host,1.1364,1.1809,1.1733,1.995,14,FW,Ambient,TP5,0.295225,0.293325,4.13315,4.10655,0.0266,1502.130326,13.33333333
AST-2000,Symbiont,1.0256,1.0282,1.0279,5.645,23,FW,Ambient,TP5,0.20564,0.20558,4.72972,4.72834,0.00138,656.1771479,0.2444641275
AST-1087,Symbiont,1.0188,1.0264,1.025,11.134,35,ENDV,Ambient,TP5,0.20528,0.205,7.1848,7.175,0.0098,553.7991737,0.8801868152
AST-1617,Symbiont,1.0124,1.0155,1.0151,0.74,11,FW,Ambient,TP5,0.2031,0.20302,2.2341,2.23322,0.00088,1650.945946,1.189189189
AST-2360,Host,1.0324,1.0792,1.0722,3.469,21,FW,Ambient,TP5,0.2698,0.26805,5.6658,5.62905,0.03675,1335.658691,10.59383108
AST-1458,Host,1.0221,1.0656,1.0617,5.33,30,ENDV,Ambient,TP5,0.2664,0.265425,7.992,7.96275,0.02925,1307.673546,5.487804878
FLD-0017,Host,1.1265,NA,1.136,3.731,10,FW,Field,TP5,NA,0.284,NA,2.84,NA,NA,NA
FLD-0020,Host,1.147,1.1896,1.1848,7.453,42,FW,Field,TP5,0.2974,0.2962,12.4908,12.4404,0.0504,1522.044814,6.762377566
FLD-0020,Symbiont,1.1268,1.1313,1.1299,7.453,42,FW,Field,TP5,0.22626,0.22598,9.50292,9.49116,0.01176,1123.858849,1.577888099
FLD-0015,Host,1.1105,1.1481,1.1291,15.608,18,FW,Field,TP5,0.287025,0.282275,5.16645,5.08095,0.0855,259.8635315,5.477960021
FLD-0016,Symbiont,1.1416,1.1588,1.1457,6.553,10,FW,Field,TP5,0.23176,0.22914,2.3176,2.2914,0.0262,179.4597894,3.998168778
FLD-0018,Symbiont,1.1492,1.1587,1.1526,4.022,11,FW,Field,TP5,0.23174,0.23052,2.54914,2.53572,0.01342,348.0706116,3.336648434
FLD-0017,Symbiont,1.1234,1.1348,1.1266,3.731,10,FW,Field,TP5,0.22696,0.22532,2.2696,2.2532,0.0164,307.2098633,4.395604396
FLD-0019,Symbiont,1.1377,1.1621,1.1507,3.97,9.5,FW,Field,TP5,0.23242,0.23014,2.20799,2.18633,0.02166,269.5944584,5.455919395
FLD-0018,Host,1.0189,1.041,1.0303,4.022,11,FW,Field,TP5,0.26025,0.257575,2.86275,2.833325,0.029425,458.4410741,7.316011934
FLD-0019,Host,1.0189,1.0533,1.0361,3.97,9.5,FW,Field,TP5,0.263325,0.259025,2.5015875,2.4607375,0.04085,373.4729219,10.28967254
FLD-0015,Symbiont,1.0124,1.0284,1.0176,15.608,18,FW,Field,TP5,0.20568,0.20352,3.70224,3.66336,0.03888,172.3372629,2.491030241
AST-2404,Host,1.1364,1.176,1.1738,2.17,30,FW,Heat,TP5,0.294,0.29345,8.82,8.8035,0.0165,3540.829493,7.603686636
AST-2412,Symbiont,1.118,1.1214,1.1213,4.334,18,FW,Heat,TP5,0.22428,0.22426,4.03704,4.03668,0.00036,673.5209968,0.08306414398
AST-1578,Host,1.128,1.1653,1.1628,5.531,32,ENDV,Heat,TP5,0.291325,0.2907,9.3224,9.3024,0.02,1481.540409,3.615982643
AST-2512,Host,1.1249,1.1516,1.1515,1.299,15,FW,Heat,TP5,0.2879,0.287875,4.3185,4.318125,0.000375,2458.506543,0.2886836028
AST-2412,Host,1.1381,1.1639,1.1627,4.334,18,FW,Heat,TP5,0.290975,0.290675,5.23755,5.23215,0.0054,945.8814029,1.24596216
AST-1416,Host,1.1345,1.1712,1.1687,2.071,20,ENDV,Heat,TP5,0.2928,0.292175,5.856,5.8435,0.0125,2279.816514,6.035731531
AST-1416,Symbiont,1.1396,1.1427,1.1424,2.071,20,ENDV,Heat,TP5,0.22854,0.22848,4.5708,4.5696,0.0012,1656.784162,0.5794302269
AST-2563,Symbiont,1.1215,1.1267,1.1264,5.757,30.5,FW,Heat,TP5,0.22534,0.22528,6.87287,6.87104,0.00183,999.0220601,0.3178738927
AST-2512,Symbiont,1.1386,1.1409,1.1407,1.299,15,FW,Heat,TP5,0.22818,0.22814,3.4227,3.4221,0.0006,1758.352579,0.4618937644
AST-2563,Host,1.135,1.1776,1.1741,5.757,30.5,FW,Heat,TP5,0.2944,0.293525,8.9792,8.9525125,0.0266875,1362.549939,4.635660935
AST-1578,Symbiont,1.1353,1.1391,1.1379,5.531,32,ENDV,Heat,TP5,0.22782,0.22758,7.29024,7.28256,0.00768,1112.807811,1.388537335
AST-2404,Symbiont,1.1503,1.1556,1.1545,2.17,30,FW,Heat,TP5,0.23112,0.2309,6.9336,6.927,0.0066,2665.115207,3.041474654
AST-1189,Host,1.1539,1.1954,1.189,0.659,8.5,ENDV,Ambient,TP6,0.29885,0.29725,2.540225,2.526625,0.0136,2103.679818,20.63732929
AST-2208,Host,1.1313,1.1699,1.1671,2.144,11,FW,Ambient,TP6,0.292475,0.291775,3.217225,3.209525,0.0077,972.9127799,3.59141791
AST-2208,Symbiont,1.1304,1.134,1.1333,2.144,11,FW,Ambient,TP6,0.2268,0.22666,2.4948,2.49326,0.00154,636.380597,0.7182835821
AST-1290,Host,1.1308,1.1377,1.137,6.603,17,ENDV,Ambient,TP6,0.284425,0.28425,4.835225,4.83225,0.002975,561.0215054,0.450552779
AST-1255,Symbiont,1.1324,1.136,1.1358,5.825,30,ENDV,Ambient,TP6,0.2272,0.22716,6.816,6.8148,0.0012,975.7253219,0.2060085837
AST-1167,Symbiont,1.154,1.1589,1.1578,5.294,27,ENDV,Ambient,TP6,0.23178,0.23156,6.25806,6.25212,0.00594,964.1216471,1.122024934
AST-1167,Host,1.1278,1.1522,1.1497,5.294,27,ENDV,Ambient,TP6,0.28805,0.287425,7.77735,7.760475,0.016875,1256.054023,3.187570835
AST-1748,Symbiont,1.1254,1.1308,1.1283,33.4,12,ENDV,Ambient,TP6,0.22616,0.22566,2.71392,2.70792,0.006,47.56047904,0.1796407186
AST-1255,Host,1.1427,1.1736,1.1708,5.825,30,ENDV,Ambient,TP6,0.2934,0.2927,8.802,8.781,0.021,1314.901288,3.605150215
AST-1189,Symbiont,1.154,1.1574,1.1573,0.659,8.5,ENDV,Ambient,TP6,0.23148,0.23146,1.96758,1.96741,0.00017,1234.567527,0.2579666161
AST-1748,Host,1.1569,1.202,1.1959,33.4,12,ENDV,Ambient,TP6,0.3005,0.298975,3.606,3.5877,0.0183,73.32634731,0.5479041916
AST-1145,Host,1.138,1.1796,1.1748,0.949,8,ENDV,Ambient,TP6,0.2949,0.2937,2.3592,2.3496,0.0096,1286.82824,10.11591149
AST-1290,Symbiont,1.1133,1.1162,1.1159,6.603,17,ENDV,Ambient,TP6,0.22324,0.22318,3.79508,3.79406,0.00102,406.1456914,0.1544752385
AST-1145,Symbiont,1.0045,1.01,1.0095,0.949,8,ENDV,Ambient,TP6,0.202,0.2019,1.616,1.6152,0.0008,644.3624868,0.8429926238
FLD-0026,Host,1.1435,NA,1.1571,4.331,11,FW,Field,TP6,NA,0.289275,NA,3.182025,NA,NA,NA
FLD-0027,Host,1.1432,1.1758,1.1613,7.14,21,FW,Field,TP6,0.29395,0.290325,6.17295,6.096825,0.076125,704.4467787,10.66176471
FLD-0028,Host,1.12,1.1412,1.1301,4.534,11,FW,Field,TP6,0.2853,0.282525,3.1383,3.107775,0.030525,445.1477724,6.732465814
FLD-0029,Host,1.1478,1.1984,1.1869,4.715,35,FW,Field,TP6,0.2996,0.296725,10.486,10.385375,0.100625,1980.530223,21.34146341
FLD-0024,Host,1.1265,1.15,1.1382,5.574,9,FW,Field,TP6,0.2875,0.28455,2.5875,2.56095,0.02655,262.1097955,4.763186222
FLD-0026,Symbiont,1.1237,1.1347,1.1273,4.331,11,FW,Field,TP6,0.22694,0.22546,2.49634,2.48006,0.01628,316.9337335,3.758947125
FLD-0024,Symbiont,1.1391,1.1512,1.1439,5.574,9,FW,Field,TP6,0.23024,0.22878,2.07216,2.05902,0.01314,167.3950484,2.35737352
FLD-0023,Symbiont,1.0101,1.0184,1.0122,5.633,13,FW,Field,TP6,0.20368,0.20244,2.64784,2.63172,0.01612,290.7402805,2.861707793
FLD-0028,Symbiont,1.0253,1.0378,1.0292,4.534,11,FW,Field,TP6,0.20756,0.20584,2.28316,2.26424,0.01892,277.4283194,4.172915748
FLD-0023,Host,1.0216,1.0514,1.0413,5.633,13,FW,Field,TP6,0.26285,0.260325,3.41705,3.384225,0.032825,425.2529735,5.827267886
FLD-0027,Symbiont,1.0156,1.0272,1.0181,7.14,21,FW,Field,TP6,0.20544,0.20362,4.31424,4.27602,0.03822,461.9943978,5.352941176
AST-1074,Host,1.128,1.169,1.166,3.437,14,FW,Heat,TP6,0.29225,0.2915,4.0915,4.081,0.0105,862.2345068,3.054989817
AST-2044,Host,1.1512,1.1888,1.1852,1.407,14,FW,Heat,TP6,0.2972,0.2963,4.1608,4.1482,0.0126,2139.01919,8.955223881
AST-2079,Symbiont,1.1301,1.1361,1.1343,2.403,23,ENDV,Heat,TP6,0.22722,0.22686,5.22606,5.21778,0.00828,1704.519351,3.445692884
AST-2079,Host,1.1348,1.1734,1.1696,2.403,23,ENDV,Heat,TP6,0.29335,0.2924,6.74705,6.7252,0.02185,2335.518102,9.092800666
AST-2044,Symbiont,1.1048,1.1103,1.1097,1.407,14,FW,Heat,TP6,0.22206,0.22194,3.10884,3.10716,0.00168,1424.335466,1.194029851
AST-1742,Host,1.0207,1.0603,1.0561,4.615,15,ENDV,Heat,TP6,0.265075,0.264025,3.976125,3.960375,0.01575,640.3954496,3.412784399
AST-1742,Symbiont,1.005,1.0089,1.0075,4.615,15,ENDV,Heat,TP6,0.20178,0.2015,3.0267,3.0225,0.0042,438.071506,0.9100758397
AST-1074,Symbiont,1.0124,1.019,1.0189,3.437,14,FW,Heat,TP6,0.2038,0.20378,2.8532,2.85292,0.00028,535.5833576,0.08146639511
AST-2523,Symbiont,1.1225,1.1263,1.1261,1.03,10,FW,Ambient,TP7,0.22526,0.22522,2.2526,2.2522,0.0004,1097.184466,0.3883495146
AST-2523,Host,1.1512,1.182,1.1799,1.03,10,FW,Ambient,TP7,0.2955,0.294975,2.955,2.94975,0.00525,1751.262136,5.097087379
AST-1105,Host,1.1418,1.1857,1.1808,3.973,27,FW,Ambient,TP7,0.296425,0.2952,8.003475,7.9704,0.033075,1727.076516,8.324943368
AST-1105,Symbiont,1.1325,1.1381,1.1368,3.973,27,FW,Ambient,TP7,0.22762,0.22736,6.14574,6.13872,0.00702,1261.827335,1.766926756
AST-1739,Host,1.1381,1.1845,1.1776,13.743,35,ENDV,Ambient,TP7,0.296125,0.2944,10.364375,10.304,0.060375,671.3435931,4.393145601
AST-1159,Host,1.1388,1.1856,1.1779,6.942,32,ENDV,Ambient,TP7,0.2964,0.294475,9.4848,9.4232,0.0616,1202.247191,8.87352348
AST-1091,Symbiont,1.1488,1.1529,1.1524,3.335,25,ENDV,Ambient,TP7,0.23058,0.23048,5.7645,5.762,0.0025,1384.017991,0.7496251874
AST-1739,Symbiont,1.1537,1.1575,1.1561,13.743,35,ENDV,Ambient,TP7,0.2315,0.23122,8.1025,8.0927,0.0098,505.6246817,0.7130903005
AST-1159,Symbiont,1.1437,1.1469,1.1454,6.942,32,ENDV,Ambient,TP7,0.22938,0.22908,7.34016,7.33056,0.0096,892.6044368,1.382886776
AST-1091,Host,1.018,1.0486,1.046,3.335,25,ENDV,Ambient,TP7,0.26215,0.2615,6.55375,6.5375,0.01625,1659.895052,4.872563718
FLD-0032,Host,1.1449,1.1765,1.174,3.841,24,FW,Field,TP7,0.294125,0.2935,7.059,7.044,0.015,1539.729237,3.905233012
FLD-0033,Host,1.1166,1.1465,1.1405,2.706,23,FW,Field,TP7,0.286625,0.285125,6.592375,6.557875,0.0345,2023.567997,12.74944568
FLD-0031,Host,1.1574,1.2042,1.1971,4.374,21,FW,Field,TP7,0.30105,0.299275,6.32205,6.284775,0.037275,1180.761317,8.521947874
FLD-0033,Symbiont,1.1276,1.1301,1.1292,2.706,23,FW,Field,TP7,0.22602,0.22584,5.19846,5.19432,0.00414,1504.382853,1.529933481
FLD-0032,Symbiont,1.1331,1.1361,1.1363,3.841,24,FW,Field,TP7,0.22722,0.22726,5.45328,5.45424,-0.00096,1124.75397,-0.2499349128
FLD-0038,Symbiont,1.1361,1.1459,1.1393,6.682,8,FW,Field,TP7,0.22918,0.22786,1.83344,1.82288,0.01056,104.3609698,1.58036516
FLD-0035,Host,1.0162,1.046,1.0311,6.973,15,FW,Field,TP7,0.2615,0.257775,3.9225,3.866625,0.055875,416.7933458,8.013050337
FLD-0031,Symbiont,1.0046,1.0111,1.0085,4.374,21,FW,Field,TP7,0.20222,0.2017,4.24662,4.2357,0.01092,741.2025606,2.496570645
FLD-0035,Symbiont,1.0082,1.02,1.0107,6.973,15,FW,Field,TP7,0.204,0.20214,3.06,3.0321,0.0279,294.2492471,4.001147282
FLD-0038,Host,1.0402,1.0636,1.0541,6.682,8,FW,Field,TP7,0.2659,0.263525,2.1272,2.1082,0.019,162.6758456,2.843460042
AST-1647,Host,1.1763,1.2207,1.2156,14.396,44,ENDV,Heat,TP7,0.305175,0.3039,13.4277,13.3716,0.0561,851.0280634,3.89691581
AST-2729,Host,1.1182,1.159,1.1561,3.795,25,FW,Heat,TP7,0.28975,0.289025,7.24375,7.225625,0.018125,1614.110672,4.77602108
AST-2007,Host,1.1327,1.1794,1.1743,5.155,20,FW,Heat,TP7,0.29485,0.293575,5.897,5.8715,0.0255,924.2095053,4.946653734
AST-1041,Symbiont,1.1419,1.1504,1.1479,3.734,11,ENDV,Heat,TP7,0.23008,0.22958,2.53088,2.52538,0.0055,371.981789,1.472951259
AST-1486,Symbiont,1.135,1.1776,1.1373,8.847,24,ENDV,Heat,TP7,0.23552,0.22746,5.65248,5.45904,0.19344,510.62281,21.865039
AST-2755,Host,1.129,1.1724,1.1684,1.43,10.5,FW,Heat,TP7,0.2931,0.2921,3.07755,3.06705,0.0105,1362.622378,7.342657343
AST-2211,Host,1.1455,1.1611,1.156,3.961,8,ENDV,Heat,TP7,0.290275,0.289,2.3222,2.312,0.0102,297.0714466,2.575107296
AST-2007,Symbiont,1.1476,1.1509,1.1511,5.155,20,FW,Heat,TP7,0.23018,0.23022,4.6036,4.6044,-0.0008,670.4170708,-0.1551891368
AST-1486,Host,1.174,1.1953,1.1905,8.847,24,ENDV,Heat,TP7,0.298825,0.297625,7.1718,7.143,0.0288,677.9473268,3.255340793
AST-2729,Symbiont,1.0168,1.0218,1.0208,3.795,25,FW,Heat,TP7,0.20436,0.20416,5.109,5.104,0.005,1078.31357,1.317523057
AST-1065,Host,1.0114,1.0534,1.0492,0.777,8.5,FW,Heat,TP7,0.26335,0.2623,2.238475,2.22955,0.008925,1579.247104,11.48648649
AST-1041,Host,1.0294,1.0458,1.0425,3.734,11,ENDV,Heat,TP7,0.26145,0.260625,2.87595,2.866875,0.009075,494.5232994,2.430369577
AST-2755,Symbiont,1.0227,1.0266,1.0255,1.43,10.5,FW,Heat,TP7,0.20532,0.2051,2.15586,2.15355,0.00231,792.4195804,1.615384615
AST-1065,Symbiont,1.0052,1.0074,1.006,0.777,8.5,FW,Heat,TP7,0.20148,0.2012,1.71258,1.7102,0.00238,910.3989704,3.063063063
AST-1647,Symbiont,1.0322,1.0357,1.0345,14.396,44,ENDV,Heat,TP7,0.20714,0.2069,9.11416,9.1036,0.01056,561.4031675,0.7335370936
AST-2211,Symbiont,1.0266,1.0323,1.0282,3.961,8,ENDV,Heat,TP7,0.20646,0.20564,1.65168,1.64512,0.00656,157.8086342,1.656147438
FLD-0039,Host,1.1328,1.1829,1.1756,NA,26,FW,Field,TP8,0.295725,0.2939,7.68885,7.6414,0.04745,NA,NA
FLD-0042,Host,1.1259,1.1558,1.1522,NA,NA,FW,Field,TP8,0.28895,0.28805,NA,NA,NA,NA,NA
FLD-0039,Symbiont,1.0052,1.0154,1.0108,NA,26,FW,Field,TP8,0.20308,0.20216,5.28008,5.25616,0.02392,NA,NA
FLD-0042,Symbiont,1.0368,1.0447,1.0416,NA,NA,FW,Field,TP8,0.20894,0.20832,NA,NA,NA,NA,NA