TimePoint,Date,Side,Tank Number ,Treatment,Fragment.ID,Red.Standard,Green.Standard,Blue.Standard,Red.Coral,Green.Coral,Blue.Coral
Time0,20210205,Top,1,Ambient,2197,198.233,101.858,254.702,101.282,142.974,216.517
Time0,20210205,Top,1,Ambient,1443,198.26,100.524,254.709,93.973,93.821,171.775
Time0,20210205,Top,1,Ambient,1497,196.856,100.602,254.571,105.623,101.506,179.564
Time0,20210205,Top,1,Ambient,1182,198.187,99.123,254.555,68.826,87.087,161.934
Time0,20210205,Top,1,Ambient,1290,196.673,100.033,254.562,141.319,165.217,225.022
Time0,20210205,Top,1,Ambient,1458,197.109,99.825,254.583,140.908,170.784,233.968
Time0,20210205,Top,1,Ambient,2201,196.177,100.6,254.538,110.367,138.629,208.78
Time0,20210205,Top,1,Ambient,1479,199.114,100.285,254.384,97.767,106.04,171.346
Time0,20210205,Top,1,Ambient,1621,197.913,100.933,254.689,85.256,89.32,154.875
Time0,20210205,Top,1,Ambient,2997,202.709,99.779,254.702,87.905,101.812,157.217
Time0,20210205,Top,1,Ambient,1159,198.073,99.098,254.58,115.094,159.196,234.533
Time0,20210205,Top,1,Ambient,1450,197.687,100.207,254.639,108.509,142.14,216.578
Time0,20210205,Top,1,Ambient,1174,196.448,99.914,254.695,128.441,163.299,236.476
Time0,20210205,Top,1,Ambient,1085,204.947,106.466,254.557,132.463,174.692,244.538
Time0,20210205,Top,1,Ambient,2279,204.382,98.741,254.553,117.212,148.456,224.025
Time0,20210205,Top,2,Ambient,1636,195.091,117.273,254.653,117.1,132.653,193.375
Time0,20210205,Top,2,Ambient,2004,193.952,117.298,254.654,128.539,134.567,198.795
Time0,20210205,Top,2,Ambient,1138,193.401,117.895,254.663,111.553,135.722,200.606
Time0,20210205,Top,2,Ambient,2862,193.54,117.402,254.658,80.554,94.17,138.35
Time0,20210205,Top,2,Ambient,3002,194.745,117.403,254.656,127.398,168.313,229.016
Time0,20210205,Top,2,Ambient,1147,194.004,116.509,254.653,115.917,136.223,205.918
Time0,20210205,Top,2,Ambient,1337,192.777,116.715,254.656,88.622,114.744,191.492
Time0,20210205,Top,2,Ambient,2401,195.542,118.429,254.649,74.159,94.758,150.683
Time0,20210205,Top,2,Ambient,2979,193.681,117.678,254.659,69.491,83.007,152.725
Time0,20210205,Top,2,Ambient,2016,194.162,117.761,254.655,85.755,112.616,184.932
Time0,20210205,Top,2,Ambient,1238,195.104,117.742,254.666,74.69,91,162.381
Time0,20210205,Top,2,Ambient,2060,195.222,117.636,254.659,102.95,127.545,193.236
Time0,20210205,Top,2,Ambient,2375,194.854,117.693,254.653,115.707,139.079,212.73
Time0,20210205,Top,2,Ambient,1189,193.346,117.206,254.654,107.443,141.411,205.825
Time0,20210205,Top,3,Heat,2414,210.898,124.743,254.579,124.138,147.711,216.438
Time0,20210205,Top,3,Heat,2301,212.277,124.306,254.569,132.595,153.727,207.685
Time0,20210205,Top,3,Heat,1186,212.905,124.79,254.583,119.574,136.908,189.107
Time0,20210205,Top,3,Heat,1499,214.326,124.497,254.563,129.234,157.657,217.779
Time0,20210205,Top,3,Heat,1125,214.299,124.502,254.591,136.839,142.063,203.258
Time0,20210205,Top,3,Heat,1075,213.557,124.552,254.584,126.033,148.75,216.471
Time0,20210205,Top,3,Heat,2202,214.312,124.733,254.58,123.588,134.542,195.269
Time0,20210205,Top,3,Heat,1735,213.961,124.654,254.588,137.08,152.987,218.676
Time0,20210205,Top,3,Heat,1483,214.712,124.914,254.564,113.967,123.493,180.157
Time0,20210205,Top,3,Heat,1250,214.181,124.417,254.58,111.175,143.049,207.047
Time0,20210205,Top,3,Heat,2079,214.492,123.929,254.578,118.227,133.365,199.648
Time0,20210205,Top,3,Heat,1647,214.623,124.521,254.554,119.638,155.245,219.568
Time0,20210205,Top,3,Heat,2563,214.999,124.856,254.576,134.501,175.761,236.697
Time0,20210205,Top,3,Heat,1618,215.367,124.76,254.593,84.609,97.415,159.53
Time0,20210205,Top,4,Heat,1043,213.205,120.292,254.885,105.876,122.717,197.108
Time0,20210205,Top,4,Heat,2007,213.616,120.854,254.87,110.104,128.405,217.037
Time0,20210205,Top,4,Heat,1578,213.625,120.655,254.882,83.16,110.078,191.467
Time0,20210205,Top,4,Heat,1187,213.823,121.416,254.884,132.922,170.451,230.554
Time0,20210205,Top,4,Heat,1184,213.357,120.774,254.878,109.042,133.442,203.194
Time0,20210205,Top,4,Heat,1228,213.508,120.593,254.87,92.463,134.81,216.427
Time0,20210205,Top,4,Heat,1113,213.602,120.954,254.882,137.446,170.047,237.93
Time0,20210205,Top,4,Heat,1135,213.715,121.91,254.872,73.126,100.42,178.984
Time0,20210205,Top,4,Heat,1742?,213.589,120.92,254.885,107.623,151.422,223.12
Time0,20210205,Top,4,Heat,1042,213.347,120.74,186.541,76.059,104.26,184.21
Time0,20210205,Top,4,Heat,1649,213.815,120.493,254.882,95.331,127.773,198.207
Time0,20210205,Top,4,Heat,2376,213.621,121.386,254.877,102.574,137.787,199.145
Time0,20210205,Top,4,Heat,1754,213.467,120.809,254.871,113.11,133.647,213.924
Time0,20210205,Top,4,Heat,1252,213.505,120.579,254.881,106.183,126.527,207.238
Time0,20210205,Top,4,Heat,1423,213.821,120.971,254.879,106.002,120.735,201.729
Time0,20210205,Top,5,Ambient,1167,175.557,114.055,254.669,98.318,128.224,206.391
Time0,20210205,Top,5,Ambient,1163,175.791,114.929,254.637,116.389,140.947,197.574
Time0,20210205,Top,5,Ambient,2403,175.073,115.278,254.655,132.454,151.029,217.731
Time0,20210205,Top,5,Ambient,2305,176.032,114.146,254.666,94.116,124.462,197.015
Time0,20210205,Top,5,Ambient,1105,175.392,113.777,254.654,107.083,126.244,199.562
Time0,20210205,Top,5,Ambient,2198,175.387,114.475,254.639,97.277,124.085,198.502
Time0,20210205,Top,5,Ambient,2730,175.347,114.92,254.665,109.777,145.316,203.103
Time0,20210205,Top,5,Ambient,2190,175.871,114.049,254.661,74.384,113.604,194.362
Time0,20210205,Top,5,Ambient,2000,175.489,113.9,254.652,81.537,107.325,184.535
Time0,20210205,Top,5,Ambient,1109,175.727,113.742,254.677,68.05,83.663,159.124
Time0,20210205,Top,5,Ambient,1814,176.066,112.933,254.647,74.519,96.141,185.254
Time0,20210205,Top,5,Ambient,1058,175.984,114.308,254.674,59.696,84.809,166.72
Time0,20210205,Top,5,Ambient,1448,176.294,113.789,254.663,135.826,163.42,235.481
Time0,20210205,Top,5,Ambient,1170,174.798,113.892,254.661,127.034,135.383,208.587
Time0,20210205,Top,5,Ambient,1077,175.668,114.047,254.66,90.457,122.287,202.682
Time0,20210205,Top,6,Heat,1117?,178.733,67.465,252.564,106.497,135.379,206.683
Time0,20210205,Top,6,Heat,2669?,178.419,67.892,254.132,76.621,89.209,140.609
Time0,20210205,Top,6,Heat,2732?,175.857,72.132,254.521,69.013,77.828,133.507
Time0,20210205,Top,6,Heat,1141?,177.518,64.362,253.234,121.262,142.072,223.729
Time0,20210205,Top,6,Heat,1548?,176.842,66.752,252.431,68.202,93.827,170.191
Time0,20210205,Top,6,Heat,1440?,177.202,63.394,253.17,61.866,66.226,128.055
Time0,20210205,Top,6,Heat,1065?,179.369,65.746,252.145,125.766,164.472,235.947
Time0,20210205,Top,6,Heat,1148?,176.772,65.724,251.727,85.1,98.447,176.585
Time0,20210205,Top,6,Heat,1461?,178.348,65.76,251.049,112.667,137.78,209.64
Time0,20210205,Top,6,Heat,2070?,177.389,60.223,251.845,95.816,129.348,202.096
Time0,20210205,Top,6,Heat,2404?,175.146,65.317,254.519,97.62,106.765,183.866
Time0,20210205,Top,6,Heat,2541?,178.655,65.346,252.345,71.171,84.143,147.782
Time0,20210205,Top,6,Heat,2566?,178.412,67.65,252.389,86.454,103.224,177.353
Time0,20210205,Top,6,Heat,1146?,176.403,69.758,251.392,85.6,110.278,188.194
Time0,20210205,Top,6,Heat,1585?,178.423,66.613,253.901,70.356,84.756,160.787
Time0,20210205,Top,7,Heat,1562,181.302,93.562,254.634,75.009,101.191,163.568
Time0,20210205,Top,7,Heat,1332,181.698,92.689,254.661,121.539,146.309,224.603
Time0,20210205,Top,7,Heat,1486,181.946,93.077,254.674,126.416,152.944,224.638
Time0,20210205,Top,7,Heat,1273,181.708,94.369,254.658,80.859,94.546,159.366
Time0,20210205,Top,7,Heat,2384,180.758,92.676,254.57,102.193,124.742,185.21
Time0,20210205,Top,7,Heat,1309,180.974,94.346,254.677,101.093,105.793,175.579
Time0,20210205,Top,7,Heat,2527,181.01,93.431,254.64,86.517,86.876,158.288
Time0,20210205,Top,7,Heat,2870,181.768,93.221,254.651,108.853,147.286,222.165
Time0,20210205,Top,7,Heat,1467,182.05,93.594,254.646,97.959,128.4,201.322
Time0,20210205,Top,7,Heat,1572,180.994,93.99,254.67,108.717,133.173,188.425
Time0,20210205,Top,7,Heat,2728,181.094,94.175,254.646,114.723,139.488,208.346
Time0,20210205,Top,7,Heat,2976,181.599,94.075,254.665,107.407,127.858,209.602
Time0,20210205,Top,7,Heat,2561,181.534,94.201,254.674,64.607,73.56,132.122
Time0,20210205,Top,7,Heat,1567,181.22,93.429,254.65,114.655,134.462,216.013
Time0,20210205,Top,8,Ambient,1145,176.426,106.665,254.587,106.214,129.349,211.074
Time0,20210205,Top,8,Ambient,1037,176.485,105.762,254.58,107.75,139.692,203.217
Time0,20210205,Top,8,Ambient,2378,178.354,111.918,254.523,71.8,91.273,149.62
Time0,20210205,Top,8,Ambient,2990?,179.045,112.209,254.536,114.977,152.964,218.591
Time0,20210205,Top,8,Ambient,1617?,178.954,114.574,254.52,94.92,121.341,179.917
Time0,20210205,Top,8,Ambient,1237,178.674,112.389,254.536,82.279,109.573,184.71
Time0,20210205,Top,8,Ambient,1439,178.767,111.752,254.541,105.653,117.46,189.533
Time0,20210205,Top,8,Ambient,1205,178.563,112.555,254.575,77.154,108.779,180.317
Time0,20210205,Top,8,Ambient,2880,178.758,112.883,254.606,108.867,148.768,224.588
Time0,20210205,Top,8,Ambient,2063,178.831,113.143,254.442,118.876,137.533,211.327
Time0,20210205,Top,8,Ambient,2738,178.337,112.86,254.566,99.506,116.572,198.883
Time0,20210205,Top,8,Ambient,1434,178.326,111.957,254.539,102.983,138.837,205.362
Time0,20210205,Top,8,Ambient,2523,178.792,112.229,254.561,84.561,104.643,169.715
Time0,20210205,Top,8,Ambient,2533,178.612,109.431,254.55,135.31,160.167,235.152
Time0,20210205,Top,9,Heat,2021,210.889,127.554,254.589,110.347,119.325,180.207
Time0,20210205,Top,9,Heat,1630,214.844,124.868,254.676,100.15,125.408,184.857
Time0,20210205,Top,9,Heat,2394,212.28,126.03,254.709,125.372,121.761,201.427
Time0,20210205,Top,9,Heat,2068,217.455,129.103,254.715,121.074,141.311,217.243
Time0,20210205,Top,9,Heat,1074,217.489,128.067,254.698,118.858,142.891,208.373
Time0,20210205,Top,9,Heat,1409,218.504,128.515,254.735,134.944,156.187,227.14
Time0,20210205,Top,9,Heat,1826,217.375,130.065,254.733,141.386,168.324,238.207
Time0,20210205,Top,9,Heat,1554,214.79,126.842,254.445,124.032,163.419,236.884
Time0,20210205,Top,9,Heat,1080,214.063,127.632,254.453,165.812,201.307,252.379
Time0,20210205,Top,9,Heat,1416,217.244,127.631,254.655,148.94,191.994,251.731
Time0,20210205,Top,9,Heat,1533,213.975,126.434,254.641,120.337,157.246,224.573
Time0,20210205,Top,9,Heat,1761,213.547,125.694,254.552,133.881,156.199,231.655
Time0,20210205,Top,9,Heat,1041,213.963,126.995,254.514,136.256,165.217,235.428
Time0,20210205,Top,9,Heat,2398,215.331,126.591,254.566,152.645,191.068,246.855
Time0,20210205,Top,10,Ambient,1452,208.779,126.726,254.749,118.393,152.309,209.41
Time0,20210205,Top,10,Ambient,2539,208.195,127.551,254.759,144.052,169.627,230.529
Time0,20210205,Top,10,Ambient,1343,207.948,126.875,254.76,91.402,118.057,172.051
Time0,20210205,Top,10,Ambient,2520,207.487,127.27,254.705,104.925,134.611,205.636
Time0,20210205,Top,10,Ambient,1191,207.778,127.001,254.717,137.501,168.358,233.778
Time0,20210205,Top,10,Ambient,1560,207.607,127.556,254.724,72.315,82.712,158.167
Time0,20210205,Top,10,Ambient,1557,207.57,127.068,254.711,115.555,153.46,214.574
Time0,20210205,Top,10,Ambient,2168,207.095,128.182,254.681,103.332,129.551,206.635
Time0,20210205,Top,10,Ambient,1559,207.047,127.125,254.757,134.09,165.356,221.423
Time0,20210205,Top,10,Ambient,2024,208.277,126.804,254.758,151.247,192.499,243.197
Time0,20210205,Top,10,Ambient,1087,208.117,127.018,254.722,97.436,113.514,183.907
Time0,20210205,Top,10,Ambient,1573,207.969,126.897,254.73,114.691,154.373,212.058
Time0,20210205,Top,10,Ambient,1225,207.968,127.2,254.709,146.429,187.335,241.738
Time0,20210205,Top,10,Ambient,1719,207.771,126.896,254.698,119.362,161.07,232.334
Time0,20210205,Top,10,Ambient,1233,207.651,126.998,254.708,120.163,138.209,211.347
Time0,20210205,Top,11,Heat,2743,209.955,103.112,254.553,118.895,145.638,221.429
Time0,20210205,Top,11,Heat,1541,210.28,106.112,254.596,178.741,203.706,248.611
Time0,20210205,Top,11,Heat,1540,209.941,104.913,254.576,172.555,185.838,243.102
Time0,20210205,Top,11,Heat,1053,209.794,105.43,254.596,106.504,131.349,205.749
Time0,20210205,Top,11,Heat,1596,211.194,105.849,254.576,108.049,138.763,193.4
Time0,20210205,Top,11,Heat,1204,209.943,105.105,254.573,107.671,109.766,185.053
Time0,20210205,Top,11,Heat,1689,210.889,104.836,254.558,103.63,147.061,225.296
Time0,20210205,Top,11,Heat,1473,210.303,105.424,254.596,102.097,132.695,219.291
Time0,20210205,Top,11,Heat,1430,210.277,103.26,254.537,124.277,164.044,229.689
Time0,20210205,Top,11,Heat,2729,210.719,104.911,254.556,58.753,80.608,128.756
Time0,20210205,Top,11,Heat,2512,211.799,104.945,254.58,82.893,109.581,202.688
Time0,20210205,Top,11,Heat,1185,211.262,105.902,254.42,109.484,130.487,188.566
Time0,20210205,Top,11,Heat,1342?,211.058,105.485,254.594,105.115,128.687,211.233
Time0,20210205,Top,11,Heat,1152,209.663,105.135,254.423,103.919,115.734,190.006
Time0,20210205,Top,11,Heat,2873,210.89,102.658,254.572,135.212,149.985,217.488
Time0,20210205,Top,12,Ambient,1088,210.618,126.146,254.589,113.073,128.828,197.965
Time0,20210205,Top,12,Ambient,1748,212.443,126.174,254.583,136.336,179.428,230.711
Time0,20210205,Top,12,Ambient,1242,211.607,125.8,254.591,120.058,159.724,228.114
Time0,20210205,Top,12,Ambient,2360,211.445,126.214,254.591,101.855,132.984,204.818
Time0,20210205,Top,12,Ambient,2399,212.68,125.951,254.588,98.83,137.661,194.932
Time0,20210205,Top,12,Ambient,1432,212.03,126.08,254.571,80.002,99.697,160.908
Time0,20210205,Top,12,Ambient,1288,212.16,126.169,254.563,120.106,156.845,215.416
Time0,20210205,Top,12,Ambient,2737,212.576,125.553,254.573,138.375,176.478,228.885
Time0,20210205,Top,12,Ambient,2209,211.95,125.915,254.593,105.003,143.018,208.01
Time0,20210205,Top,12,Ambient,1069,212.163,125.826,254.573,84.012,125.525,189.586
Time0,20210205,Top,12,Ambient,2302,211.351,126.442,254.574,141.594,147.682,221.471
Time0,20210205,Top,12,Ambient,1474,210.838,125.692,254.592,133.129,174.455,226.921
Time0,20210205,Top,12,Ambient,1071,212.193,126.78,254.542,133.895,168.949,231.925
Time0,20210205,Top,12,Ambient,1345,212.583,126.119,254.589,104.147,142.355,208.6664
Time0,20210205,Top,15,Heat,1492,155.249,83.529,250.15,141.6,159.26,211.422
Time0,20210205,Top,15,Heat,1643,154.879,77.886,249.881,103.806,123.018,181.991
Time0,20210205,Top,15,Heat,1110,155.393,77.783,249.966,128.696,135.048,199.909
Time0,20210205,Top,15,Heat,2522,154.736,79.662,249.457,84.772,89.329,154.688
Time0,20210205,Top,15,Heat,2731,154.795,81.179,249.831,74.924,90.004,142.505
Time0,20210205,Top,15,Heat,1698,152.258,80.896,249.8,128.23,131.253,183.644
Time0,20210205,Top,15,Heat,2412,151.117,81.782,249.791,123.825,128.569,183.285
Time0,20210205,Top,15,Heat,1197,153.114,80.751,250.66,77.615,116.793,186.36
Time0,20210205,Top,15,Heat,1777,153.326,80.136,249.761,97.679,125.639,197.002
Time0,20210205,Top,15,Heat,2211,153.041,77.665,249.892,64.521,86.882,144.092
Time0,20210205,Top,15,Heat,2521,153.405,79.731,250.662,125.46,128.025,182.607
Time0,20210205,Top,15,Heat,1607,152.473,82.485,249.976,112.004,128.24,191.068
Time0,20210205,Top,15,Heat,1102,153.858,80.625,248.779,120.799,133.755,196.162
Time0,20210205,Top,15,Heat,2165,149.009,78.459,249.69,118.895,155.863,226.867
Time0,20210205,Top,15,Heat,2859,151.952,81.23,250.385,158.835,192.385,242.128
Time0,20210205,Top,16,Ambient,1611?,74.438,32.834,197.956,95.446,105.816,160.835
Time0,20210205,Top,16,Ambient,1568?,74.386,35.49,191.631,97.218,105.244,162.621
Time0,20210205,Top,16,Ambient,1692?,74.638,32.199,187.759,60.793,75.361,124.371
Time0,20210205,Top,16,Ambient,2538?,76.41,32.471,189.32,59.427,72.272,116.791
Time0,20210205,Top,16,Ambient,2757?,74.499,40.307,189.935,85.379,103.447,154.488
Time0,20210205,Top,16,Ambient,1650?,75.372,35.566,191.92,102.793,115.203,164.599
Time0,20210205,Top,16,Ambient,1091?,74.923,35.63,182.278,81.13,106.469,177.564
Time0,20210205,Top,16,Ambient,1126?,81.032,33.777,181.387,96.343,127.752,185.528
Time0,20210205,Top,16,Ambient,2868?,74.699,30.005,182.342,106.671,120.985,182.834
Time0,20210205,Top,16,Ambient,1457?,72.926,33.068,180.295,92.054,107.517,150.637
Time0,20210205,Top,16,Ambient,1122?,70.906,27.573,179.939,117.776,133.691,180.497
Time0,20210205,Top,16,Ambient,1305?,70.633,28.802,178.85,101.724,123.338,188.178
Time0,20210205,Top,16,Ambient,1255?,71.079,28.248,174.955,127.102,147.841,212.004
Time0,20210205,Top,16,Ambient,1466?,70.395,28.014,178.002,101.087,106.147,161.573
Time0,20210205,Top,16,Ambient,1593?,69.77,29.325,177.231,132.421,143.767,195.825
Time0,20210205,Top,17,Heat,2044,162.085,78.182,254.161,85.725,144.994,168.762
Time0,20210205,Top,17,Heat,1694,162.694,78.307,253.997,98.479,114.3,189.332
Time0,20210205,Top,17,Heat,1214,162.498,78.595,254.128,74.057,86.045,148.052
Time0,20210205,Top,17,Heat,1498?,162.863,78.272,254.057,85.672,110.807,174.55
Time0,20210205,Top,17,Heat,1249,162.854,78.297,253.721,98.301,122.903,186.712
Time0,20210205,Top,17,Heat,2372,162.531,78.294,253.787,81.552,113.627,186.801
Time0,20210205,Top,17,Heat,2370,162.295,78.119,253.932,93.552,128.273,189.867
Time0,20210205,Top,17,Heat,1496,162.338,78.331,253.857,89.156,92.6,158.556
Time0,20210205,Top,17,Heat,1571,162.526,78.303,253.926,53.785,66.553,126.691
Time0,20210205,Top,17,Heat,1576,162.626,78.388,253.921,84.92,105.013,180.448
Time0,20210205,Top,17,Heat,1325,161.646,78.378,254.047,92.259,132.864,204.039
Time0,20210205,Top,17,Heat,2755,162.15,78.435,254.04,78.83,109.005,183.383
Time0,20210205,Top,17,Heat,1470,162.404,78.206,254.007,59.057,80.855,145.012
Time0,20210205,Top,17,Heat,2003,162.456,78.438,253.595,77.799,108.416,170.146
Time0,20210205,Top,18,Ambient,1311,214.401,120.522,254.48,108.553,123.646,186.273
Time0,20210205,Top,18,Ambient,1739,211.79,120.671,254.495,78.731,114.567,174.275
Time0,20210205,Top,18,Ambient,2751,214.131,120.946,254.284,118.237,144.666,193.103
Time0,20210205,Top,18,Ambient,1194,214.231,121.048,254.468,128.338,164.479,215.315
Time0,20210205,Top,18,Ambient,1412,212.424,120.8,254.296,114.911,137.537,206.661
Time0,20210205,Top,18,Ambient,1247,215.902,119.732,254.495,100.666,116.916,180.195
Time0,20210205,Top,18,Ambient,1224,213.889,121.405,254.49,119.317,143.732,197.771
Time0,20210205,Top,18,Ambient,2867,215.905,121.177,254.229,94.534,113.092,164.085
Time0,20210205,Top,18,Ambient,2075,212.518,120.483,254.444,87.767,101.821,161.216
Time0,20210205,Top,18,Ambient,1696,212.569,121.284,254.489,103.003,134.978,209.245
Time0,20210205,Top,18,Ambient,2020,211.698,120.907,254.491,117.707,145.517,205.619
Time0,20210205,Top,18,Ambient,2208,210.674,119.098,253.944,110.601,130.757,196.574
Time0,20210205,Top,18,Ambient,1752? 1732?,209.578,121.081,254.382,78.736,115.754,174.513
Time0,20210205,Top,18,Ambient,1722,214.694,120.933,254.461,103.908,111.51,179.182
Time1,,,1,Ambient,2997,127.864,21.931,100.84,57.205,43.891,22.826
Time1,,,1,Ambient,1159,127.845,21.895,100.729,75.394,66.771,42.881
Time1,,,1,Ambient,1621,129.265,22.037,100.887,81.532,60.5,37.815
Time1,,,1,Ambient,1174,128.9,21.933,101.162,110.513,96.198,71.44
Time1,,,1,Ambient,1450,103.34,26.475,92.883,71.881,59.779,36.272
Time1,,,1,Ambient,1085,103.19,26.512,93.434,86.044,75.935,51.153
Time1,,,1,Ambient,1458,103.772,26.681,93.021,72.152,60.334,40.061
Time1,,,1,Ambient,1182,104.272,26.481,93.193,83.27,68.7,45.28
Time1,,,1,Ambient,1443,104.202,26.58,92.891,60.925,41.745,30.961
Time1,,,1,Ambient,1290,103.311,26.666,93.17,93.024,77.502,49.765
Time1,,,1,Ambient,2279,126.6,26.615,122.503,84.636,67.91,37.488
Time1,,,1,Ambient,2201,114.412,27.027,120.014,70.182,59.956,40.249
Time1,,,1,Ambient,1497,122.817,34.386,97.82,88.93,77.936,55.432
Time1,,,2,Ambient,3002,146.499,44.074,115.049,92.853,79.383,57.886
Time1,,,2,Ambient,2016,147.387,43.438,114.45,62.473,53.616,33.929
Time1,,,2,Ambient,1636,146.502,43.547,114.224,58.815,43.01,25.714
Time1,,,2,Ambient,2375,147.521,44.146,115.239,57.284,44.587,29.242
Time1,,,2,Ambient,2979,135.407,37.501,109.451,46.229,32.806,22.217
Time1,,,2,Ambient,2401,135.885,37.34,108.868,56.154,45.665,32.978
Time1,,,2,Ambient,1337,150.045,45.489,123.905,59.528,44.308,29.622
Time1,,,2,Ambient,1238,116.248,34.147,86.769,75.307,49.973,39.131
Time1,,,2,Ambient,2060,116.36,33.543,85.477,93.385,77.518,58.477
Time1,,,2,Ambient,1189,116.249,33.426,85.873,80.674,63.237,42.785
Time1,,,2,Ambient,1138,116.548,33.609,86.166,91.613,69.513,46.469
Time1,,,2,Ambient,2862,116.472,33.533,85.218,73.106,56.32,36.778
Time1,,,3,Heat,1647,117.115,21.667,84.907,65.929,59.685,43.813
Time1,,,3,Heat,1250,116.75,21.551,85.383,45.711,39.727,25.579
Time1,,,3,Heat,1499,116.971,21.512,85.1,83.944,76.562,57.433
Time1,,,3,Heat,2202,116.994,21.575,85.17,65.894,48.279,35.953
Time1,,,3,Heat,1075,132.677,28.019,95.657,103.105,85.864,68.536
Time1,,,3,Heat,1125,132.629,28.08,95.613,66.137,42.02,36.444
Time1,,,3,Heat,2563,132.626,28.26,95.64,54.786,37.473,25.813
Time1,,,3,Heat,2079,133.116,28.22,95.754,82.404,67.016,50.089
Time1,,,3,Heat,1483,133.14,28.152,95.669,67.477,47.45,36.063
Time1,,,3,Heat,1186,132.675,28.256,95.832,61.36,49.73,34.144
Time1,,,3,Heat,2414,132.636,28.115,95.835,51.242,39.16,27.066
Time1,,,3,Heat,1735,134.865,31.192,102.79,65.629,43.717,34.575
Time1,,,4,Heat,1578,111.531,28.549,81.726,60.58,49.663,35.416
Time1,,,4,Heat,1043,111.223,28.413,80.732,33.992,25.325,17.319
Time1,,,4,Heat,1135,110.621,28.009,82.151,74.079,59.277,36.887
Time1,,,4,Heat,1288,111.796,28.176,82.238,80.231,68.961,42.682
Time1,,,4,Heat,1742,137.153,33.83,109.431,54.038,42.716,27.631
Time1,,,4,Heat,2007,136.759,33.322,109.263,91.609,65.455,47.608
Time1,,,4,Heat,1113,136.564,33.997,108.873,83.438,64,41.363
Time1,,,4,Heat,1042,137.124,33.213,108.66,68.82,52.553,33.007
Time1,,,4,Heat,1649,130.038,30.977,105.565,84.762,69.594,41.489
Time1,,,4,Heat,1184,130.959,29.668,104.013,84.016,63.56,35.001
Time1,,,4,Heat,1187,130.412,29.45,105.672,91.021,73.842,47.953
Time1,,,4,Heat,1754,130.98,29.463,105.896,77.417,53.565,34.133
Time1,,,4,Heat,1252,130.463,29.8,105.823,95.915,77.017,52.85
Time1,,,4,Heat,2376,124.807,27.556,98.811,55.041,44.447,25.567
Time1,,,5,Ambient ,2403,151.633,35.314,108.419,70.232,50.58,38.643
Time1,,,5,Ambient ,1167,151.248,35.153,108.372,66.901,54.042,37.17
Time1,,,5,Ambient ,1163,151.524,34.633,107.457,95.473,74.973,49.673
Time1,,,5,Ambient ,2000,151.685,35.092,108.03,62.717,45.597,29.926
Time1,,,5,Ambient ,1170,136.903,34.516,101.446,81.428,54.931,39.334
Time1,,,5,Ambient ,1814,138.017,34.569,100.846,58.381,39.677,27.321
Time1,,,5,Ambient ,1058,102.875,27.607,81.426,76.844,61.801,42.134
Time1,,,5,Ambient ,1105,102.756,27.823,81.466,80.255,55.43,44.026
Time1,,,5,Ambient ,2730,102.863,27.756,81.742,98.807,87.661,70.123
Time1,,,5,Ambient ,1448,102.722,27.678,81.507,89.028,78.188,61.576
Time1,,,5,Ambient ,2190,125.941,28.057,90.487,89.281,73.588,50.863
Time1,,,5,Ambient ,1109,125.748,28.031,90.634,61.695,42.692,30.047
Time1,,,5,Ambient ,1077,125.924,27.842,90.323,69.653,50.901,30.848
Time1,,,6,Heat ,2070,114.504,21.823,72.926,79.038,63.542,44.677
Time1,,,6,Heat ,1148,114.606,21.893,71.673,47.713,35.162,21.431
Time1,,,6,Heat ,1065,114.464,21.855,73.323,75.955,57.373,45.364
Time1,,,6,Heat ,2669,114.352,21.827,72.42,70.825,59.938,44.858
Time1,,,6,Heat ,2541,114.155,22.017,72.934,65.636,44.347,32.456
Time1,,,6,Heat ,1461,114.461,21.913,72.686,48.029,39.706,27.074
Time1,,,6,Heat ,2732,144.039,34.5,112.476,35.333,27.841,16.218
Time1,,,6,Heat ,1141,144.411,34.44,112.913,59.2,46.12,28.185
Time1,,,6,Heat ,1440,148.878,29.027,108.402,36.554,24.399,16.701
Time1,,,6,Heat ,2404,148.682,28.885,108.426,32.005,23.407,14.586
Time1,,,6,Heat ,1117,156.417,34.12,103.35,61.937,44.358,28.419
Time1,,,6,Heat ,1548,155.318,34.35,103.433,67.339,47.719,34.926
Time1,,,6,Heat ,2566,115.39,27.497,85.607,61.372,44.023,29.666
Time1,,,7,Heat ,1562,165.05,45.055,121.944,45.572,38.379,24.653
Time1,,,7,Heat ,2561,164.382,45.391,122.112,46.098,38.917,25.129
Time1,,,7,Heat ,2728,164.654,44.681,122.238,75.306,56.552,36.868
Time1,,,7,Heat ,1332,163.415,45.008,122.628,69.26,52.032,32.842
Time1,,,7,Heat ,2976,164.274,44.968,122.313,60.256,42.117,29.253
Time1,,,7,Heat ,2870,162.343,52.16,128.187,81.321,71.233,47.644
Time1,,,7,Heat ,2527,160.441,51.61,129.747,86.772,63.489,47.98
Time1,,,7,Heat ,2384,126.545,27.271,80.252,64.491,49.249,32.737
Time1,,,7,Heat ,1486,126.958,27.319,80.847,84.774,64.666,43.29
Time1,,,7,Heat ,1467,126.97,27.313,80.423,77.88,64.71,45.838
Time1,,,7,Heat ,1273,127.614,27.258,80.551,100.153,81.035,61.119
Time1,,,7,Heat ,1572,127.522,27.283,81.5,113.826,97.979,76.985
Time1,,,7,Heat ,1309,85.948,22.674,60.057,78.317,55.739,41.303
Time1,,,8,Ambient ,2990,147.309,36.476,109.894,73.503,63.036,44.682
Time1,,,8,Ambient ,2880,147.378,36.731,110.5,96.211,77.967,53.322
Time1,,,8,Ambient ,1434,147.281,36.58,109.401,79.521,65.213,42.064
Time1,,,8,Ambient ,1145,147.431,36.512,109.699,69.41,59.655,42.046
Time1,,,8,Ambient ,1439,147.102,37.066,109.333,88.247,71.479,51.765
Time1,,,8,Ambient ,2063,147.317,36.449,109.629,72.956,56.427,34.068
Time1,,,8,Ambient ,2378,147.86,36.359,109.359,62.224,48.563,31.813
Time1,,,8,Ambient ,1205,142.987,35.289,118.814,67.06,47.769,35.525
Time1,,,8,Ambient ,1617,142.817,35.371,118.622,87.899,75.908,51.385
Time1,,,8,Ambient ,2523,142.538,35.321,118.612,98.696,77.01,59.259
Time1,,,8,Ambient ,2738,142.67,35.448,118.992,97.376,83.204,57.773
Time1,,,8,Ambient ,1037,142.962,35.422,118.445,86.044,67.458,48.292
Time1,,,9,Heat,1080,131.492,32.321,99.189,110.531,86.334,70.044
Time1,,,9,Heat,1826,132.582,32.251,99.121,71.604,50.619,40.326
Time1,,,9,Heat,1554,132.281,32.098,99.402,57.523,44.783,26.877
Time1,,,9,Heat,1630,132.086,32.312,98.204,68.435,58.153,41.401
Time1,,,9,Heat,1533,103.922,21.753,69.514,48.916,35.472,20.387
Time1,,,9,Heat,2394,103.966,21.83,69.615,67.017,45.252,36.18
Time1,,,9,Heat,1416,103.917,22.002,69.015,109.07,88.327,67.955
Time1,,,9,Heat,2068,103.847,21.914,69.228,109.059,82.673,71.582
Time1,,,9,Heat,1761,103.988,21.805,68.502,98.348,69.902,53.835
Time1,,,9,Heat,1074,169.041,49.968,131.679,64.753,57.085,39.712
Time1,,,9,Heat,2021,168.843,49.8,130.414,40.901,29.43,17.1
Time1,,,9,Heat,1041,169.494,50.353,131.712,80.543,65.878,46.506
Time1,,,9,Heat,1409,169.058,50.466,131.799,83.968,67.124,49.34
Time1,,,10,Ambient,1343,106.065,24.162,77.494,63.869,48.886,28.616
Time1,,,10,Ambient,1560,106.122,24.025,76.931,51.743,35.966,28.287
Time1,,,10,Ambient,1452,106.135,23.973,76.845,54.226,45.929,28.659
Time1,,,10,Ambient,1573,106.686,23.778,77.44,55.919,41.715,28.284
Time1,,,10,Ambient,1719,106.207,23.758,77.021,95.121,78.814,55.239
Time1,,,10,Ambient,1225,106.338,23.704,76.957,118.877,104.254,79.891
Time1,,,10,Ambient,1559,106.137,23.749,76.949,102.598,84.294,61.17
Time1,,,10,Ambient,2539,106.192,23.685,77.269,111.104,87.965,68.245
Time1,,,10,Ambient,1557,107.421,23.796,76.852,102.504,85.951,63.113
Time1,,,10,Ambient,1087,131.06,30.723,97.229,103.018,88.318,68.921
Time1,,,10,Ambient,2520,130.876,30.955,97.554,64.56,53.858,37.289
Time1,,,10,Ambient,2168,162.068,39.828,126.144,50.907,41.162,26.589
Time1,,,10,Ambient,1191,162.026,39.703,125.763,66.766,48.567,31.601
Time1,,,11,Heat,1473,164.32,39.396,113.383,68.239,46.038,33.349
Time1,,,11,Heat,1430,163.542,39.687,113.522,84.375,64.833,46.581
Time1,,,11,Heat,1152,164.091,39.204,114.583,80.744,55.068,43.039
Time1,,,11,Heat,2512,163.956,39.804,114.597,76.093,52.472,41.748
Time1,,,11,Heat,1053,163.574,40.475,113.649,68.711,49.838,33.851
Time1,,,11,Heat,1185,164.082,39.663,114.754,53.944,40.725,29.665
Time1,,,11,Heat,1540,159.773,37.45,123.733,92.49,75.568,53.568
Time1,,,11,Heat,1689,158.987,37.085,123.846,56.876,48.863,31.23
Time1,,,11,Heat,2743,124.093,26.12,88.983,70.49,49.44,39.303
Time1,,,11,Heat,1342,125.366,26.388,89.35,63.689,43.359,29.952
Time1,,,11,Heat,1541,124.485,26.438,89.07,119.933,102.499,83.137
Time1,,,11,Heat,1596,91.557,15.849,57.562,48.806,36.781,23.513
Time1,,,11,Heat,2729,91.172,16.287,58.577,39.019,30.733,21.257
Time1,,,12,Ambient ,1474,110.848,26.001,88.143,79.028,65.186,38.328
Time1,,,12,Ambient ,1242,110.779,25.666,87.819,75.801,59.179,36.643
Time1,,,12,Ambient ,1748,111.096,25.958,87.971,78.131,63.745,41.885
Time1,,,12,Ambient ,1071,110.773,26.022,87.99,103.775,75.436,54.388
Time1,,,12,Ambient ,1288,110.868,25.473,87.894,65.709,52.262,34.126
Time1,,,12,Ambient ,1432,98.215,26.379,88.254,68.741,55.183,33.727
Time1,,,12,Ambient ,2599,98.579,26.13,87.994,59.505,46.561,28.715
Time1,,,12,Ambient ,2737,97.358,25.899,87.943,76.725,65.058,43.934
Time1,,,12,Ambient ,2209,116.195,27.13,100.102,95.776,80.885,54.964
Time1,,,12,Ambient ,2360,115.991,27.244,99.931,59.648,45.501,30.701
Time1,,,12,Ambient ,1088,115.8,27.244,100.332,83.52,69.387,54.294
Time1,,,12,Ambient ,2302,115.935,27.299,99.888,86.447,64.146,49.286
Time1,,,12,Ambient ,2399,83.124,20.987,67.491,52.719,39.954,23.581
Time1,,,15,Heat ,1492,139.996,33.448,99.35,73.406,60.057,42.687
Time1,,,15,Heat ,2211,139.879,33.837,100.138,70.328,53.403,36.425
Time1,,,15,Heat ,2731,139.685,33.158,100.071,51.543,37.808,22.521
Time1,,,15,Heat ,2412,139.569,33.594,99.865,70.058,49.696,35.884
Time1,,,15,Heat ,1698,139.899,33.165,99.837,55.168,36.695,25.8
Time1,,,15,Heat ,2522,139.656,33.491,100.236,60.067,39.192,28.023
Time1,,,15,Heat ,1197,121.414,24.873,80.495,51.187,43.433,30.335
Time1,,,15,Heat ,2521,122.044,24.862,81.384,49.404,33.289,22.216
Time1,,,15,Heat ,1643,121.823,24.811,81.612,59.784,45.822,28.172
Time1,,,15,Heat ,1102,121.371,24.663,81.166,54.141,35.708,25.014
Time1,,,15,Heat ,2165,100.569,29.508,77.382,91.204,70.275,50.275
Time1,,,15,Heat ,1110,102.033,29.066,77.443,87.734,55.961,43.158
Time1,,,15,Heat ,1607,101.417,28.913,78.145,75.071,57.798,45.353
Time1,,,16,Ambient ,2757,108.509,23.135,104.14,60.129,43.605,28.823
Time1,,,16,Ambient ,1466,110.307,23.246,103.677,54.253,42.678,28.174
Time1,,,16,Ambient ,1126,109.408,23.167,103.763,65.354,51.608,30.414
Time1,,,16,Ambient ,1650,108.945,23.098,104.247,32.777,22.395,16.015
Time1,,,16,Ambient ,2538,108.385,23.041,103.384,55.742,39.22,25.64
Time1,,,16,Ambient ,1255,109.086,23.261,103.098,62.904,53.061,34.163
Time1,,,16,Ambient ,1091,115.492,26.848,105.415,89.889,69.991,45.069
Time1,,,16,Ambient ,1457,115.646,26.787,105.533,86.401,60.829,40.689
Time1,,,16,Ambient ,1305,131.446,20.517,100.809,103.529,85.089,53.063
Time1,,,16,Ambient ,1122,131.694,20.378,101.924,56.372,39.128,23.027
Time1,,,16,Ambient ,1568,115.617,26.929,105.629,81.993,61.923,49.034
Time1,,,16,Ambient ,1692,105.956,24.333,88.93,64.449,45.873,28.584
Time1,,,16,Ambient ,1611,132.199,20.178,101.283,63.199,50.418,28.516